postnr,fylke,rhf,hf,pasientreisekontor
0001,Oslo,Helse Sør-Øst,Oslo universitetssykehus,"Pasientreisekontoret ved Oslo universitetssykehus, Oslo og Akershus"
0010,Oslo,Helse Sør-Øst,Oslo universitetssykehus,"Pasientreisekontoret ved Oslo universitetssykehus, Oslo og Akershus"
0014,Oslo,Helse Sør-Øst,Oslo universitetssykehus,"Pasientreisekontoret ved Oslo universitetssykehus, Oslo og Akershus"
0015,Oslo,Helse Sør-Øst,Oslo universitetssykehus,"Pasientreisekontoret ved Oslo universitetssykehus, Oslo og Akershus"
0016,Oslo,Helse Sør-Øst,Oslo universitetssykehus,"Pasientreisekontoret ved Oslo universitetssykehus, Oslo og Akershus"
0017,Oslo,Helse Sør-Øst,Oslo universitetssykehus,"Pasientreisekontoret ved Oslo universitetssykehus, Oslo og Akershus"
0018,Oslo,Helse Sør-Øst,Oslo universitetssykehus,"Pasientreisekontoret ved Oslo universitetssykehus, Oslo og Akershus"
0020,Oslo,Helse Sør-Øst,Oslo universitetssykehus,"Pasientreisekontoret ved Oslo universitetssykehus, Oslo og Akershus"
0021,Oslo,Helse Sør-Øst,Oslo universitetssykehus,"Pasientreisekontoret ved Oslo universitetssykehus, Oslo og Akershus"
0022,Oslo,Helse Sør-Øst,Oslo universitetssykehus,"Pasientreisekontoret ved Oslo universitetssykehus, Oslo og Akershus"
0023,Oslo,Helse Sør-Øst,Oslo universitetssykehus,"Pasientreisekontoret ved Oslo universitetssykehus, Oslo og Akershus"
0024,Oslo,Helse Sør-Øst,Oslo universitetssykehus,"Pasientreisekontoret ved Oslo universitetssykehus, Oslo og Akershus"
0025,Oslo,Helse Sør-Øst,Oslo universitetssykehus,"Pasientreisekontoret ved Oslo universitetssykehus, Oslo og Akershus"
0026,Oslo,Helse Sør-Øst,Oslo universitetssykehus,"Pasientreisekontoret ved Oslo universitetssykehus, Oslo og Akershus"
0027,Oslo,Helse Sør-Øst,Oslo universitetssykehus,"Pasientreisekontoret ved Oslo universitetssykehus, Oslo og Akershus"
0028,Oslo,Helse Sør-Øst,Oslo universitetssykehus,"Pasientreisekontoret ved Oslo universitetssykehus, Oslo og Akershus"
0030,Oslo,Helse Sør-Øst,Oslo universitetssykehus,"Pasientreisekontoret ved Oslo universitetssykehus, Oslo og Akershus"
0031,Oslo,Helse Sør-Øst,Oslo universitetssykehus,"Pasientreisekontoret ved Oslo universitetssykehus, Oslo og Akershus"
0032,Oslo,Helse Sør-Øst,Oslo universitetssykehus,"Pasientreisekontoret ved Oslo universitetssykehus, Oslo og Akershus"
0033,Oslo,Helse Sør-Øst,Oslo universitetssykehus,"Pasientreisekontoret ved Oslo universitetssykehus, Oslo og Akershus"
0034,Oslo,Helse Sør-Øst,Oslo universitetssykehus,"Pasientreisekontoret ved Oslo universitetssykehus, Oslo og Akershus"
0037,Oslo,Helse Sør-Øst,Oslo universitetssykehus,"Pasientreisekontoret ved Oslo universitetssykehus, Oslo og Akershus"
0040,Oslo,Helse Sør-Øst,Oslo universitetssykehus,"Pasientreisekontoret ved Oslo universitetssykehus, Oslo og Akershus"
0041,Oslo,Helse Sør-Øst,Oslo universitetssykehus,"Pasientreisekontoret ved Oslo universitetssykehus, Oslo og Akershus"
0042,Oslo,Helse Sør-Øst,Oslo universitetssykehus,"Pasientreisekontoret ved Oslo universitetssykehus, Oslo og Akershus"
0043,Oslo,Helse Sør-Øst,Oslo universitetssykehus,"Pasientreisekontoret ved Oslo universitetssykehus, Oslo og Akershus"
0045,Oslo,Helse Sør-Øst,Oslo universitetssykehus,"Pasientreisekontoret ved Oslo universitetssykehus, Oslo og Akershus"
0046,Oslo,Helse Sør-Øst,Oslo universitetssykehus,"Pasientreisekontoret ved Oslo universitetssykehus, Oslo og Akershus"
0047,Oslo,Helse Sør-Øst,Oslo universitetssykehus,"Pasientreisekontoret ved Oslo universitetssykehus, Oslo og Akershus"
0048,Oslo,Helse Sør-Øst,Oslo universitetssykehus,"Pasientreisekontoret ved Oslo universitetssykehus, Oslo og Akershus"
0050,Oslo,Helse Sør-Øst,Oslo universitetssykehus,"Pasientreisekontoret ved Oslo universitetssykehus, Oslo og Akershus"
0051,Oslo,Helse Sør-Øst,Oslo universitetssykehus,"Pasientreisekontoret ved Oslo universitetssykehus, Oslo og Akershus"
0055,Oslo,Helse Sør-Øst,Oslo universitetssykehus,"Pasientreisekontoret ved Oslo universitetssykehus, Oslo og Akershus"
0060,Oslo,Helse Sør-Øst,Oslo universitetssykehus,"Pasientreisekontoret ved Oslo universitetssykehus, Oslo og Akershus"
0080,Oslo,Helse Sør-Øst,Oslo universitetssykehus,"Pasientreisekontoret ved Oslo universitetssykehus, Oslo og Akershus"
0081,Oslo,Helse Sør-Øst,Oslo universitetssykehus,"Pasientreisekontoret ved Oslo universitetssykehus, Oslo og Akershus"
0101,Oslo,Helse Sør-Øst,Oslo universitetssykehus,"Pasientreisekontoret ved Oslo universitetssykehus, Oslo og Akershus"
0102,Oslo,Helse Sør-Øst,Oslo universitetssykehus,"Pasientreisekontoret ved Oslo universitetssykehus, Oslo og Akershus"
0103,Oslo,Helse Sør-Øst,Oslo universitetssykehus,"Pasientreisekontoret ved Oslo universitetssykehus, Oslo og Akershus"
0104,Oslo,Helse Sør-Øst,Oslo universitetssykehus,"Pasientreisekontoret ved Oslo universitetssykehus, Oslo og Akershus"
0105,Oslo,Helse Sør-Øst,Oslo universitetssykehus,"Pasientreisekontoret ved Oslo universitetssykehus, Oslo og Akershus"
0106,Oslo,Helse Sør-Øst,Oslo universitetssykehus,"Pasientreisekontoret ved Oslo universitetssykehus, Oslo og Akershus"
0107,Oslo,Helse Sør-Øst,Oslo universitetssykehus,"Pasientreisekontoret ved Oslo universitetssykehus, Oslo og Akershus"
0109,Oslo,Helse Sør-Øst,Oslo universitetssykehus,"Pasientreisekontoret ved Oslo universitetssykehus, Oslo og Akershus"
0110,Oslo,Helse Sør-Øst,Oslo universitetssykehus,"Pasientreisekontoret ved Oslo universitetssykehus, Oslo og Akershus"
0111,Oslo,Helse Sør-Øst,Oslo universitetssykehus,"Pasientreisekontoret ved Oslo universitetssykehus, Oslo og Akershus"
0112,Oslo,Helse Sør-Øst,Oslo universitetssykehus,"Pasientreisekontoret ved Oslo universitetssykehus, Oslo og Akershus"
0113,Oslo,Helse Sør-Øst,Oslo universitetssykehus,"Pasientreisekontoret ved Oslo universitetssykehus, Oslo og Akershus"
0114,Oslo,Helse Sør-Øst,Oslo universitetssykehus,"Pasientreisekontoret ved Oslo universitetssykehus, Oslo og Akershus"
0115,Oslo,Helse Sør-Øst,Oslo universitetssykehus,"Pasientreisekontoret ved Oslo universitetssykehus, Oslo og Akershus"
0116,Oslo,Helse Sør-Øst,Oslo universitetssykehus,"Pasientreisekontoret ved Oslo universitetssykehus, Oslo og Akershus"
0117,Oslo,Helse Sør-Øst,Oslo universitetssykehus,"Pasientreisekontoret ved Oslo universitetssykehus, Oslo og Akershus"
0118,Oslo,Helse Sør-Øst,Oslo universitetssykehus,"Pasientreisekontoret ved Oslo universitetssykehus, Oslo og Akershus"
0119,Oslo,Helse Sør-Øst,Oslo universitetssykehus,"Pasientreisekontoret ved Oslo universitetssykehus, Oslo og Akershus"
0120,Oslo,Helse Sør-Øst,Oslo universitetssykehus,"Pasientreisekontoret ved Oslo universitetssykehus, Oslo og Akershus"
0121,Oslo,Helse Sør-Øst,Oslo universitetssykehus,"Pasientreisekontoret ved Oslo universitetssykehus, Oslo og Akershus"
0122,Oslo,Helse Sør-Øst,Oslo universitetssykehus,"Pasientreisekontoret ved Oslo universitetssykehus, Oslo og Akershus"
0123,Oslo,Helse Sør-Øst,Oslo universitetssykehus,"Pasientreisekontoret ved Oslo universitetssykehus, Oslo og Akershus"
0124,Oslo,Helse Sør-Øst,Oslo universitetssykehus,"Pasientreisekontoret ved Oslo universitetssykehus, Oslo og Akershus"
0125,Oslo,Helse Sør-Øst,Oslo universitetssykehus,"Pasientreisekontoret ved Oslo universitetssykehus, Oslo og Akershus"
0126,Oslo,Helse Sør-Øst,Oslo universitetssykehus,"Pasientreisekontoret ved Oslo universitetssykehus, Oslo og Akershus"
0127,Oslo,Helse Sør-Øst,Oslo universitetssykehus,"Pasientreisekontoret ved Oslo universitetssykehus, Oslo og Akershus"
0128,Oslo,Helse Sør-Øst,Oslo universitetssykehus,"Pasientreisekontoret ved Oslo universitetssykehus, Oslo og Akershus"
0129,Oslo,Helse Sør-Øst,Oslo universitetssykehus,"Pasientreisekontoret ved Oslo universitetssykehus, Oslo og Akershus"
0130,Oslo,Helse Sør-Øst,Oslo universitetssykehus,"Pasientreisekontoret ved Oslo universitetssykehus, Oslo og Akershus"
0131,Oslo,Helse Sør-Øst,Oslo universitetssykehus,"Pasientreisekontoret ved Oslo universitetssykehus, Oslo og Akershus"
0133,Oslo,Helse Sør-Øst,Oslo universitetssykehus,"Pasientreisekontoret ved Oslo universitetssykehus, Oslo og Akershus"
0134,Oslo,Helse Sør-Øst,Oslo universitetssykehus,"Pasientreisekontoret ved Oslo universitetssykehus, Oslo og Akershus"
0135,Oslo,Helse Sør-Øst,Oslo universitetssykehus,"Pasientreisekontoret ved Oslo universitetssykehus, Oslo og Akershus"
0136,Oslo,Helse Sør-Øst,Oslo universitetssykehus,"Pasientreisekontoret ved Oslo universitetssykehus, Oslo og Akershus"
0137,Oslo,Helse Sør-Øst,Oslo universitetssykehus,"Pasientreisekontoret ved Oslo universitetssykehus, Oslo og Akershus"
0138,Oslo,Helse Sør-Øst,Oslo universitetssykehus,"Pasientreisekontoret ved Oslo universitetssykehus, Oslo og Akershus"
0139,Oslo,Helse Sør-Øst,Oslo universitetssykehus,"Pasientreisekontoret ved Oslo universitetssykehus, Oslo og Akershus"
0150,Oslo,Helse Sør-Øst,Oslo universitetssykehus,"Pasientreisekontoret ved Oslo universitetssykehus, Oslo og Akershus"
0151,Oslo,Helse Sør-Øst,Oslo universitetssykehus,"Pasientreisekontoret ved Oslo universitetssykehus, Oslo og Akershus"
0152,Oslo,Helse Sør-Øst,Oslo universitetssykehus,"Pasientreisekontoret ved Oslo universitetssykehus, Oslo og Akershus"
0153,Oslo,Helse Sør-Øst,Oslo universitetssykehus,"Pasientreisekontoret ved Oslo universitetssykehus, Oslo og Akershus"
0154,Oslo,Helse Sør-Øst,Oslo universitetssykehus,"Pasientreisekontoret ved Oslo universitetssykehus, Oslo og Akershus"
0155,Oslo,Helse Sør-Øst,Oslo universitetssykehus,"Pasientreisekontoret ved Oslo universitetssykehus, Oslo og Akershus"
0157,Oslo,Helse Sør-Øst,Oslo universitetssykehus,"Pasientreisekontoret ved Oslo universitetssykehus, Oslo og Akershus"
0158,Oslo,Helse Sør-Øst,Oslo universitetssykehus,"Pasientreisekontoret ved Oslo universitetssykehus, Oslo og Akershus"
0159,Oslo,Helse Sør-Øst,Oslo universitetssykehus,"Pasientreisekontoret ved Oslo universitetssykehus, Oslo og Akershus"
0160,Oslo,Helse Sør-Øst,Oslo universitetssykehus,"Pasientreisekontoret ved Oslo universitetssykehus, Oslo og Akershus"
0161,Oslo,Helse Sør-Øst,Oslo universitetssykehus,"Pasientreisekontoret ved Oslo universitetssykehus, Oslo og Akershus"
0162,Oslo,Helse Sør-Øst,Oslo universitetssykehus,"Pasientreisekontoret ved Oslo universitetssykehus, Oslo og Akershus"
0164,Oslo,Helse Sør-Øst,Oslo universitetssykehus,"Pasientreisekontoret ved Oslo universitetssykehus, Oslo og Akershus"
0165,Oslo,Helse Sør-Øst,Oslo universitetssykehus,"Pasientreisekontoret ved Oslo universitetssykehus, Oslo og Akershus"
0166,Oslo,Helse Sør-Øst,Oslo universitetssykehus,"Pasientreisekontoret ved Oslo universitetssykehus, Oslo og Akershus"
0167,Oslo,Helse Sør-Øst,Oslo universitetssykehus,"Pasientreisekontoret ved Oslo universitetssykehus, Oslo og Akershus"
0168,Oslo,Helse Sør-Øst,Oslo universitetssykehus,"Pasientreisekontoret ved Oslo universitetssykehus, Oslo og Akershus"
0169,Oslo,Helse Sør-Øst,Oslo universitetssykehus,"Pasientreisekontoret ved Oslo universitetssykehus, Oslo og Akershus"
0170,Oslo,Helse Sør-Øst,Oslo universitetssykehus,"Pasientreisekontoret ved Oslo universitetssykehus, Oslo og Akershus"
0171,Oslo,Helse Sør-Øst,Oslo universitetssykehus,"Pasientreisekontoret ved Oslo universitetssykehus, Oslo og Akershus"
0172,Oslo,Helse Sør-Øst,Oslo universitetssykehus,"Pasientreisekontoret ved Oslo universitetssykehus, Oslo og Akershus"
0173,Oslo,Helse Sør-Øst,Oslo universitetssykehus,"Pasientreisekontoret ved Oslo universitetssykehus, Oslo og Akershus"
0174,Oslo,Helse Sør-Øst,Oslo universitetssykehus,"Pasientreisekontoret ved Oslo universitetssykehus, Oslo og Akershus"
0175,Oslo,Helse Sør-Øst,Oslo universitetssykehus,"Pasientreisekontoret ved Oslo universitetssykehus, Oslo og Akershus"
0176,Oslo,Helse Sør-Øst,Oslo universitetssykehus,"Pasientreisekontoret ved Oslo universitetssykehus, Oslo og Akershus"
0177,Oslo,Helse Sør-Øst,Oslo universitetssykehus,"Pasientreisekontoret ved Oslo universitetssykehus, Oslo og Akershus"
0178,Oslo,Helse Sør-Øst,Oslo universitetssykehus,"Pasientreisekontoret ved Oslo universitetssykehus, Oslo og Akershus"
0179,Oslo,Helse Sør-Øst,Oslo universitetssykehus,"Pasientreisekontoret ved Oslo universitetssykehus, Oslo og Akershus"
0180,Oslo,Helse Sør-Øst,Oslo universitetssykehus,"Pasientreisekontoret ved Oslo universitetssykehus, Oslo og Akershus"
0181,Oslo,Helse Sør-Øst,Oslo universitetssykehus,"Pasientreisekontoret ved Oslo universitetssykehus, Oslo og Akershus"
0182,Oslo,Helse Sør-Øst,Oslo universitetssykehus,"Pasientreisekontoret ved Oslo universitetssykehus, Oslo og Akershus"
0183,Oslo,Helse Sør-Øst,Oslo universitetssykehus,"Pasientreisekontoret ved Oslo universitetssykehus, Oslo og Akershus"
0184,Oslo,Helse Sør-Øst,Oslo universitetssykehus,"Pasientreisekontoret ved Oslo universitetssykehus, Oslo og Akershus"
0185,Oslo,Helse Sør-Øst,Oslo universitetssykehus,"Pasientreisekontoret ved Oslo universitetssykehus, Oslo og Akershus"
0186,Oslo,Helse Sør-Øst,Oslo universitetssykehus,"Pasientreisekontoret ved Oslo universitetssykehus, Oslo og Akershus"
0187,Oslo,Helse Sør-Øst,Oslo universitetssykehus,"Pasientreisekontoret ved Oslo universitetssykehus, Oslo og Akershus"
0188,Oslo,Helse Sør-Øst,Oslo universitetssykehus,"Pasientreisekontoret ved Oslo universitetssykehus, Oslo og Akershus"
0190,Oslo,Helse Sør-Øst,Oslo universitetssykehus,"Pasientreisekontoret ved Oslo universitetssykehus, Oslo og Akershus"
0191,Oslo,Helse Sør-Øst,Oslo universitetssykehus,"Pasientreisekontoret ved Oslo universitetssykehus, Oslo og Akershus"
0192,Oslo,Helse Sør-Øst,Oslo universitetssykehus,"Pasientreisekontoret ved Oslo universitetssykehus, Oslo og Akershus"
0193,Oslo,Helse Sør-Øst,Oslo universitetssykehus,"Pasientreisekontoret ved Oslo universitetssykehus, Oslo og Akershus"
0194,Oslo,Helse Sør-Øst,Oslo universitetssykehus,"Pasientreisekontoret ved Oslo universitetssykehus, Oslo og Akershus"
0195,Oslo,Helse Sør-Øst,Oslo universitetssykehus,"Pasientreisekontoret ved Oslo universitetssykehus, Oslo og Akershus"
0196,Oslo,Helse Sør-Øst,Oslo universitetssykehus,"Pasientreisekontoret ved Oslo universitetssykehus, Oslo og Akershus"
0198,Oslo,Helse Sør-Øst,Oslo universitetssykehus,"Pasientreisekontoret ved Oslo universitetssykehus, Oslo og Akershus"
0201,Oslo,Helse Sør-Øst,Oslo universitetssykehus,"Pasientreisekontoret ved Oslo universitetssykehus, Oslo og Akershus"
0202,Oslo,Helse Sør-Øst,Oslo universitetssykehus,"Pasientreisekontoret ved Oslo universitetssykehus, Oslo og Akershus"
0203,Oslo,Helse Sør-Øst,Oslo universitetssykehus,"Pasientreisekontoret ved Oslo universitetssykehus, Oslo og Akershus"
0204,Oslo,Helse Sør-Øst,Oslo universitetssykehus,"Pasientreisekontoret ved Oslo universitetssykehus, Oslo og Akershus"
0207,Oslo,Helse Sør-Øst,Oslo universitetssykehus,"Pasientreisekontoret ved Oslo universitetssykehus, Oslo og Akershus"
0208,Oslo,Helse Sør-Øst,Oslo universitetssykehus,"Pasientreisekontoret ved Oslo universitetssykehus, Oslo og Akershus"
0211,Oslo,Helse Sør-Øst,Oslo universitetssykehus,"Pasientreisekontoret ved Oslo universitetssykehus, Oslo og Akershus"
0212,Oslo,Helse Sør-Øst,Oslo universitetssykehus,"Pasientreisekontoret ved Oslo universitetssykehus, Oslo og Akershus"
0213,Oslo,Helse Sør-Øst,Oslo universitetssykehus,"Pasientreisekontoret ved Oslo universitetssykehus, Oslo og Akershus"
0214,Oslo,Helse Sør-Øst,Oslo universitetssykehus,"Pasientreisekontoret ved Oslo universitetssykehus, Oslo og Akershus"
0215,Oslo,Helse Sør-Øst,Oslo universitetssykehus,"Pasientreisekontoret ved Oslo universitetssykehus, Oslo og Akershus"
0216,Oslo,Helse Sør-Øst,Oslo universitetssykehus,"Pasientreisekontoret ved Oslo universitetssykehus, Oslo og Akershus"
0218,Oslo,Helse Sør-Øst,Oslo universitetssykehus,"Pasientreisekontoret ved Oslo universitetssykehus, Oslo og Akershus"
0230,Oslo,Helse Sør-Øst,Oslo universitetssykehus,"Pasientreisekontoret ved Oslo universitetssykehus, Oslo og Akershus"
0240,Oslo,Helse Sør-Øst,Oslo universitetssykehus,"Pasientreisekontoret ved Oslo universitetssykehus, Oslo og Akershus"
0242,Oslo,Helse Sør-Øst,Oslo universitetssykehus,"Pasientreisekontoret ved Oslo universitetssykehus, Oslo og Akershus"
0244,Oslo,Helse Sør-Øst,Oslo universitetssykehus,"Pasientreisekontoret ved Oslo universitetssykehus, Oslo og Akershus"
0245,Oslo,Helse Sør-Øst,Oslo universitetssykehus,"Pasientreisekontoret ved Oslo universitetssykehus, Oslo og Akershus"
0246,Oslo,Helse Sør-Øst,Oslo universitetssykehus,"Pasientreisekontoret ved Oslo universitetssykehus, Oslo og Akershus"
0247,Oslo,Helse Sør-Øst,Oslo universitetssykehus,"Pasientreisekontoret ved Oslo universitetssykehus, Oslo og Akershus"
0250,Oslo,Helse Sør-Øst,Oslo universitetssykehus,"Pasientreisekontoret ved Oslo universitetssykehus, Oslo og Akershus"
0251,Oslo,Helse Sør-Øst,Oslo universitetssykehus,"Pasientreisekontoret ved Oslo universitetssykehus, Oslo og Akershus"
0252,Oslo,Helse Sør-Øst,Oslo universitetssykehus,"Pasientreisekontoret ved Oslo universitetssykehus, Oslo og Akershus"
0253,Oslo,Helse Sør-Øst,Oslo universitetssykehus,"Pasientreisekontoret ved Oslo universitetssykehus, Oslo og Akershus"
0254,Oslo,Helse Sør-Øst,Oslo universitetssykehus,"Pasientreisekontoret ved Oslo universitetssykehus, Oslo og Akershus"
0255,Oslo,Helse Sør-Øst,Oslo universitetssykehus,"Pasientreisekontoret ved Oslo universitetssykehus, Oslo og Akershus"
0256,Oslo,Helse Sør-Øst,Oslo universitetssykehus,"Pasientreisekontoret ved Oslo universitetssykehus, Oslo og Akershus"
0257,Oslo,Helse Sør-Øst,Oslo universitetssykehus,"Pasientreisekontoret ved Oslo universitetssykehus, Oslo og Akershus"
0258,Oslo,Helse Sør-Øst,Oslo universitetssykehus,"Pasientreisekontoret ved Oslo universitetssykehus, Oslo og Akershus"
0259,Oslo,Helse Sør-Øst,Oslo universitetssykehus,"Pasientreisekontoret ved Oslo universitetssykehus, Oslo og Akershus"
0260,Oslo,Helse Sør-Øst,Oslo universitetssykehus,"Pasientreisekontoret ved Oslo universitetssykehus, Oslo og Akershus"
0262,Oslo,Helse Sør-Øst,Oslo universitetssykehus,"Pasientreisekontoret ved Oslo universitetssykehus, Oslo og Akershus"
0263,Oslo,Helse Sør-Øst,Oslo universitetssykehus,"Pasientreisekontoret ved Oslo universitetssykehus, Oslo og Akershus"
0264,Oslo,Helse Sør-Øst,Oslo universitetssykehus,"Pasientreisekontoret ved Oslo universitetssykehus, Oslo og Akershus"
0265,Oslo,Helse Sør-Øst,Oslo universitetssykehus,"Pasientreisekontoret ved Oslo universitetssykehus, Oslo og Akershus"
0266,Oslo,Helse Sør-Øst,Oslo universitetssykehus,"Pasientreisekontoret ved Oslo universitetssykehus, Oslo og Akershus"
0267,Oslo,Helse Sør-Øst,Oslo universitetssykehus,"Pasientreisekontoret ved Oslo universitetssykehus, Oslo og Akershus"
0268,Oslo,Helse Sør-Øst,Oslo universitetssykehus,"Pasientreisekontoret ved Oslo universitetssykehus, Oslo og Akershus"
0270,Oslo,Helse Sør-Øst,Oslo universitetssykehus,"Pasientreisekontoret ved Oslo universitetssykehus, Oslo og Akershus"
0271,Oslo,Helse Sør-Øst,Oslo universitetssykehus,"Pasientreisekontoret ved Oslo universitetssykehus, Oslo og Akershus"
0272,Oslo,Helse Sør-Øst,Oslo universitetssykehus,"Pasientreisekontoret ved Oslo universitetssykehus, Oslo og Akershus"
0273,Oslo,Helse Sør-Øst,Oslo universitetssykehus,"Pasientreisekontoret ved Oslo universitetssykehus, Oslo og Akershus"
0274,Oslo,Helse Sør-Øst,Oslo universitetssykehus,"Pasientreisekontoret ved Oslo universitetssykehus, Oslo og Akershus"
0275,Oslo,Helse Sør-Øst,Oslo universitetssykehus,"Pasientreisekontoret ved Oslo universitetssykehus, Oslo og Akershus"
0276,Oslo,Helse Sør-Øst,Oslo universitetssykehus,"Pasientreisekontoret ved Oslo universitetssykehus, Oslo og Akershus"
0277,Oslo,Helse Sør-Øst,Oslo universitetssykehus,"Pasientreisekontoret ved Oslo universitetssykehus, Oslo og Akershus"
0278,Oslo,Helse Sør-Øst,Oslo universitetssykehus,"Pasientreisekontoret ved Oslo universitetssykehus, Oslo og Akershus"
0279,Oslo,Helse Sør-Øst,Oslo universitetssykehus,"Pasientreisekontoret ved Oslo universitetssykehus, Oslo og Akershus"
0280,Oslo,Helse Sør-Øst,Oslo universitetssykehus,"Pasientreisekontoret ved Oslo universitetssykehus, Oslo og Akershus"
0281,Oslo,Helse Sør-Øst,Oslo universitetssykehus,"Pasientreisekontoret ved Oslo universitetssykehus, Oslo og Akershus"
0282,Oslo,Helse Sør-Øst,Oslo universitetssykehus,"Pasientreisekontoret ved Oslo universitetssykehus, Oslo og Akershus"
0283,Oslo,Helse Sør-Øst,Oslo universitetssykehus,"Pasientreisekontoret ved Oslo universitetssykehus, Oslo og Akershus"
0284,Oslo,Helse Sør-Øst,Oslo universitetssykehus,"Pasientreisekontoret ved Oslo universitetssykehus, Oslo og Akershus"
0286,Oslo,Helse Sør-Øst,Oslo universitetssykehus,"Pasientreisekontoret ved Oslo universitetssykehus, Oslo og Akershus"
0287,Oslo,Helse Sør-Øst,Oslo universitetssykehus,"Pasientreisekontoret ved Oslo universitetssykehus, Oslo og Akershus"
0301,Oslo,Helse Sør-Øst,Oslo universitetssykehus,"Pasientreisekontoret ved Oslo universitetssykehus, Oslo og Akershus"
0302,Oslo,Helse Sør-Øst,Oslo universitetssykehus,"Pasientreisekontoret ved Oslo universitetssykehus, Oslo og Akershus"
0303,Oslo,Helse Sør-Øst,Oslo universitetssykehus,"Pasientreisekontoret ved Oslo universitetssykehus, Oslo og Akershus"
0304,Oslo,Helse Sør-Øst,Oslo universitetssykehus,"Pasientreisekontoret ved Oslo universitetssykehus, Oslo og Akershus"
0305,Oslo,Helse Sør-Øst,Oslo universitetssykehus,"Pasientreisekontoret ved Oslo universitetssykehus, Oslo og Akershus"
0306,Oslo,Helse Sør-Øst,Oslo universitetssykehus,"Pasientreisekontoret ved Oslo universitetssykehus, Oslo og Akershus"
0307,Oslo,Helse Sør-Øst,Oslo universitetssykehus,"Pasientreisekontoret ved Oslo universitetssykehus, Oslo og Akershus"
0308,Oslo,Helse Sør-Øst,Oslo universitetssykehus,"Pasientreisekontoret ved Oslo universitetssykehus, Oslo og Akershus"
0309,Oslo,Helse Sør-Øst,Oslo universitetssykehus,"Pasientreisekontoret ved Oslo universitetssykehus, Oslo og Akershus"
0310,Oslo,Helse Sør-Øst,Oslo universitetssykehus,"Pasientreisekontoret ved Oslo universitetssykehus, Oslo og Akershus"
0311,Oslo,Helse Sør-Øst,Oslo universitetssykehus,"Pasientreisekontoret ved Oslo universitetssykehus, Oslo og Akershus"
0313,Oslo,Helse Sør-Øst,Oslo universitetssykehus,"Pasientreisekontoret ved Oslo universitetssykehus, Oslo og Akershus"
0314,Oslo,Helse Sør-Øst,Oslo universitetssykehus,"Pasientreisekontoret ved Oslo universitetssykehus, Oslo og Akershus"
0315,Oslo,Helse Sør-Øst,Oslo universitetssykehus,"Pasientreisekontoret ved Oslo universitetssykehus, Oslo og Akershus"
0316,Oslo,Helse Sør-Øst,Oslo universitetssykehus,"Pasientreisekontoret ved Oslo universitetssykehus, Oslo og Akershus"
0317,Oslo,Helse Sør-Øst,Oslo universitetssykehus,"Pasientreisekontoret ved Oslo universitetssykehus, Oslo og Akershus"
0318,Oslo,Helse Sør-Øst,Oslo universitetssykehus,"Pasientreisekontoret ved Oslo universitetssykehus, Oslo og Akershus"
0319,Oslo,Helse Sør-Øst,Oslo universitetssykehus,"Pasientreisekontoret ved Oslo universitetssykehus, Oslo og Akershus"
0320,Oslo,Helse Sør-Øst,Oslo universitetssykehus,"Pasientreisekontoret ved Oslo universitetssykehus, Oslo og Akershus"
0323,Oslo,Helse Sør-Øst,Oslo universitetssykehus,"Pasientreisekontoret ved Oslo universitetssykehus, Oslo og Akershus"
0330,Oslo,Helse Sør-Øst,Oslo universitetssykehus,"Pasientreisekontoret ved Oslo universitetssykehus, Oslo og Akershus"
0340,Oslo,Helse Sør-Øst,Oslo universitetssykehus,"Pasientreisekontoret ved Oslo universitetssykehus, Oslo og Akershus"
0341,Oslo,Helse Sør-Øst,Oslo universitetssykehus,"Pasientreisekontoret ved Oslo universitetssykehus, Oslo og Akershus"
0342,Oslo,Helse Sør-Øst,Oslo universitetssykehus,"Pasientreisekontoret ved Oslo universitetssykehus, Oslo og Akershus"
0349,Oslo,Helse Sør-Øst,Oslo universitetssykehus,"Pasientreisekontoret ved Oslo universitetssykehus, Oslo og Akershus"
0350,Oslo,Helse Sør-Øst,Oslo universitetssykehus,"Pasientreisekontoret ved Oslo universitetssykehus, Oslo og Akershus"
0351,Oslo,Helse Sør-Øst,Oslo universitetssykehus,"Pasientreisekontoret ved Oslo universitetssykehus, Oslo og Akershus"
0352,Oslo,Helse Sør-Øst,Oslo universitetssykehus,"Pasientreisekontoret ved Oslo universitetssykehus, Oslo og Akershus"
0353,Oslo,Helse Sør-Øst,Oslo universitetssykehus,"Pasientreisekontoret ved Oslo universitetssykehus, Oslo og Akershus"
0354,Oslo,Helse Sør-Øst,Oslo universitetssykehus,"Pasientreisekontoret ved Oslo universitetssykehus, Oslo og Akershus"
0355,Oslo,Helse Sør-Øst,Oslo universitetssykehus,"Pasientreisekontoret ved Oslo universitetssykehus, Oslo og Akershus"
0356,Oslo,Helse Sør-Øst,Oslo universitetssykehus,"Pasientreisekontoret ved Oslo universitetssykehus, Oslo og Akershus"
0357,Oslo,Helse Sør-Øst,Oslo universitetssykehus,"Pasientreisekontoret ved Oslo universitetssykehus, Oslo og Akershus"
0358,Oslo,Helse Sør-Øst,Oslo universitetssykehus,"Pasientreisekontoret ved Oslo universitetssykehus, Oslo og Akershus"
0359,Oslo,Helse Sør-Øst,Oslo universitetssykehus,"Pasientreisekontoret ved Oslo universitetssykehus, Oslo og Akershus"
0360,Oslo,Helse Sør-Øst,Oslo universitetssykehus,"Pasientreisekontoret ved Oslo universitetssykehus, Oslo og Akershus"
0361,Oslo,Helse Sør-Øst,Oslo universitetssykehus,"Pasientreisekontoret ved Oslo universitetssykehus, Oslo og Akershus"
0362,Oslo,Helse Sør-Øst,Oslo universitetssykehus,"Pasientreisekontoret ved Oslo universitetssykehus, Oslo og Akershus"
0363,Oslo,Helse Sør-Øst,Oslo universitetssykehus,"Pasientreisekontoret ved Oslo universitetssykehus, Oslo og Akershus"
0364,Oslo,Helse Sør-Øst,Oslo universitetssykehus,"Pasientreisekontoret ved Oslo universitetssykehus, Oslo og Akershus"
0365,Oslo,Helse Sør-Øst,Oslo universitetssykehus,"Pasientreisekontoret ved Oslo universitetssykehus, Oslo og Akershus"
0366,Oslo,Helse Sør-Øst,Oslo universitetssykehus,"Pasientreisekontoret ved Oslo universitetssykehus, Oslo og Akershus"
0367,Oslo,Helse Sør-Øst,Oslo universitetssykehus,"Pasientreisekontoret ved Oslo universitetssykehus, Oslo og Akershus"
0368,Oslo,Helse Sør-Øst,Oslo universitetssykehus,"Pasientreisekontoret ved Oslo universitetssykehus, Oslo og Akershus"
0369,Oslo,Helse Sør-Øst,Oslo universitetssykehus,"Pasientreisekontoret ved Oslo universitetssykehus, Oslo og Akershus"
0370,Oslo,Helse Sør-Øst,Oslo universitetssykehus,"Pasientreisekontoret ved Oslo universitetssykehus, Oslo og Akershus"
0371,Oslo,Helse Sør-Øst,Oslo universitetssykehus,"Pasientreisekontoret ved Oslo universitetssykehus, Oslo og Akershus"
0372,Oslo,Helse Sør-Øst,Oslo universitetssykehus,"Pasientreisekontoret ved Oslo universitetssykehus, Oslo og Akershus"
0373,Oslo,Helse Sør-Øst,Oslo universitetssykehus,"Pasientreisekontoret ved Oslo universitetssykehus, Oslo og Akershus"
0374,Oslo,Helse Sør-Øst,Oslo universitetssykehus,"Pasientreisekontoret ved Oslo universitetssykehus, Oslo og Akershus"
0375,Oslo,Helse Sør-Øst,Oslo universitetssykehus,"Pasientreisekontoret ved Oslo universitetssykehus, Oslo og Akershus"
0376,Oslo,Helse Sør-Øst,Oslo universitetssykehus,"Pasientreisekontoret ved Oslo universitetssykehus, Oslo og Akershus"
0377,Oslo,Helse Sør-Øst,Oslo universitetssykehus,"Pasientreisekontoret ved Oslo universitetssykehus, Oslo og Akershus"
0378,Oslo,Helse Sør-Øst,Oslo universitetssykehus,"Pasientreisekontoret ved Oslo universitetssykehus, Oslo og Akershus"
0379,Oslo,Helse Sør-Øst,Oslo universitetssykehus,"Pasientreisekontoret ved Oslo universitetssykehus, Oslo og Akershus"
0380,Oslo,Helse Sør-Øst,Oslo universitetssykehus,"Pasientreisekontoret ved Oslo universitetssykehus, Oslo og Akershus"
0381,Oslo,Helse Sør-Øst,Oslo universitetssykehus,"Pasientreisekontoret ved Oslo universitetssykehus, Oslo og Akershus"
0382,Oslo,Helse Sør-Øst,Oslo universitetssykehus,"Pasientreisekontoret ved Oslo universitetssykehus, Oslo og Akershus"
0383,Oslo,Helse Sør-Øst,Oslo universitetssykehus,"Pasientreisekontoret ved Oslo universitetssykehus, Oslo og Akershus"
0401,Oslo,Helse Sør-Øst,Oslo universitetssykehus,"Pasientreisekontoret ved Oslo universitetssykehus, Oslo og Akershus"
0402,Oslo,Helse Sør-Øst,Oslo universitetssykehus,"Pasientreisekontoret ved Oslo universitetssykehus, Oslo og Akershus"
0403,Oslo,Helse Sør-Øst,Oslo universitetssykehus,"Pasientreisekontoret ved Oslo universitetssykehus, Oslo og Akershus"
0404,Oslo,Helse Sør-Øst,Oslo universitetssykehus,"Pasientreisekontoret ved Oslo universitetssykehus, Oslo og Akershus"
0405,Oslo,Helse Sør-Øst,Oslo universitetssykehus,"Pasientreisekontoret ved Oslo universitetssykehus, Oslo og Akershus"
0406,Oslo,Helse Sør-Øst,Oslo universitetssykehus,"Pasientreisekontoret ved Oslo universitetssykehus, Oslo og Akershus"
0407,Oslo,Helse Sør-Øst,Oslo universitetssykehus,"Pasientreisekontoret ved Oslo universitetssykehus, Oslo og Akershus"
0408,Oslo,Helse Sør-Øst,Oslo universitetssykehus,"Pasientreisekontoret ved Oslo universitetssykehus, Oslo og Akershus"
0409,Oslo,Helse Sør-Øst,Oslo universitetssykehus,"Pasientreisekontoret ved Oslo universitetssykehus, Oslo og Akershus"
0410,Oslo,Helse Sør-Øst,Oslo universitetssykehus,"Pasientreisekontoret ved Oslo universitetssykehus, Oslo og Akershus"
0411,Oslo,Helse Sør-Øst,Oslo universitetssykehus,"Pasientreisekontoret ved Oslo universitetssykehus, Oslo og Akershus"
0412,Oslo,Helse Sør-Øst,Oslo universitetssykehus,"Pasientreisekontoret ved Oslo universitetssykehus, Oslo og Akershus"
0413,Oslo,Helse Sør-Øst,Oslo universitetssykehus,"Pasientreisekontoret ved Oslo universitetssykehus, Oslo og Akershus"
0415,Oslo,Helse Sør-Øst,Oslo universitetssykehus,"Pasientreisekontoret ved Oslo universitetssykehus, Oslo og Akershus"
0421,Oslo,Helse Sør-Øst,Oslo universitetssykehus,"Pasientreisekontoret ved Oslo universitetssykehus, Oslo og Akershus"
0422,Oslo,Helse Sør-Øst,Oslo universitetssykehus,"Pasientreisekontoret ved Oslo universitetssykehus, Oslo og Akershus"
0423,Oslo,Helse Sør-Øst,Oslo universitetssykehus,"Pasientreisekontoret ved Oslo universitetssykehus, Oslo og Akershus"
0424,Oslo,Helse Sør-Øst,Oslo universitetssykehus,"Pasientreisekontoret ved Oslo universitetssykehus, Oslo og Akershus"
0426,Oslo,Helse Sør-Øst,Oslo universitetssykehus,"Pasientreisekontoret ved Oslo universitetssykehus, Oslo og Akershus"
0440,Oslo,Helse Sør-Øst,Oslo universitetssykehus,"Pasientreisekontoret ved Oslo universitetssykehus, Oslo og Akershus"
0441,Oslo,Helse Sør-Øst,Oslo universitetssykehus,"Pasientreisekontoret ved Oslo universitetssykehus, Oslo og Akershus"
0442,Oslo,Helse Sør-Øst,Oslo universitetssykehus,"Pasientreisekontoret ved Oslo universitetssykehus, Oslo og Akershus"
0445,Oslo,Helse Sør-Øst,Oslo universitetssykehus,"Pasientreisekontoret ved Oslo universitetssykehus, Oslo og Akershus"
0450,Oslo,Helse Sør-Øst,Oslo universitetssykehus,"Pasientreisekontoret ved Oslo universitetssykehus, Oslo og Akershus"
0451,Oslo,Helse Sør-Øst,Oslo universitetssykehus,"Pasientreisekontoret ved Oslo universitetssykehus, Oslo og Akershus"
0452,Oslo,Helse Sør-Øst,Oslo universitetssykehus,"Pasientreisekontoret ved Oslo universitetssykehus, Oslo og Akershus"
0454,Oslo,Helse Sør-Øst,Oslo universitetssykehus,"Pasientreisekontoret ved Oslo universitetssykehus, Oslo og Akershus"
0455,Oslo,Helse Sør-Øst,Oslo universitetssykehus,"Pasientreisekontoret ved Oslo universitetssykehus, Oslo og Akershus"
0456,Oslo,Helse Sør-Øst,Oslo universitetssykehus,"Pasientreisekontoret ved Oslo universitetssykehus, Oslo og Akershus"
0457,Oslo,Helse Sør-Øst,Oslo universitetssykehus,"Pasientreisekontoret ved Oslo universitetssykehus, Oslo og Akershus"
0458,Oslo,Helse Sør-Øst,Oslo universitetssykehus,"Pasientreisekontoret ved Oslo universitetssykehus, Oslo og Akershus"
0459,Oslo,Helse Sør-Øst,Oslo universitetssykehus,"Pasientreisekontoret ved Oslo universitetssykehus, Oslo og Akershus"
0460,Oslo,Helse Sør-Øst,Oslo universitetssykehus,"Pasientreisekontoret ved Oslo universitetssykehus, Oslo og Akershus"
0461,Oslo,Helse Sør-Øst,Oslo universitetssykehus,"Pasientreisekontoret ved Oslo universitetssykehus, Oslo og Akershus"
0462,Oslo,Helse Sør-Øst,Oslo universitetssykehus,"Pasientreisekontoret ved Oslo universitetssykehus, Oslo og Akershus"
0463,Oslo,Helse Sør-Øst,Oslo universitetssykehus,"Pasientreisekontoret ved Oslo universitetssykehus, Oslo og Akershus"
0464,Oslo,Helse Sør-Øst,Oslo universitetssykehus,"Pasientreisekontoret ved Oslo universitetssykehus, Oslo og Akershus"
0465,Oslo,Helse Sør-Øst,Oslo universitetssykehus,"Pasientreisekontoret ved Oslo universitetssykehus, Oslo og Akershus"
0467,Oslo,Helse Sør-Øst,Oslo universitetssykehus,"Pasientreisekontoret ved Oslo universitetssykehus, Oslo og Akershus"
0468,Oslo,Helse Sør-Øst,Oslo universitetssykehus,"Pasientreisekontoret ved Oslo universitetssykehus, Oslo og Akershus"
0469,Oslo,Helse Sør-Øst,Oslo universitetssykehus,"Pasientreisekontoret ved Oslo universitetssykehus, Oslo og Akershus"
0470,Oslo,Helse Sør-Øst,Oslo universitetssykehus,"Pasientreisekontoret ved Oslo universitetssykehus, Oslo og Akershus"
0472,Oslo,Helse Sør-Øst,Oslo universitetssykehus,"Pasientreisekontoret ved Oslo universitetssykehus, Oslo og Akershus"
0473,Oslo,Helse Sør-Øst,Oslo universitetssykehus,"Pasientreisekontoret ved Oslo universitetssykehus, Oslo og Akershus"
0474,Oslo,Helse Sør-Øst,Oslo universitetssykehus,"Pasientreisekontoret ved Oslo universitetssykehus, Oslo og Akershus"
0475,Oslo,Helse Sør-Øst,Oslo universitetssykehus,"Pasientreisekontoret ved Oslo universitetssykehus, Oslo og Akershus"
0476,Oslo,Helse Sør-Øst,Oslo universitetssykehus,"Pasientreisekontoret ved Oslo universitetssykehus, Oslo og Akershus"
0477,Oslo,Helse Sør-Øst,Oslo universitetssykehus,"Pasientreisekontoret ved Oslo universitetssykehus, Oslo og Akershus"
0478,Oslo,Helse Sør-Øst,Oslo universitetssykehus,"Pasientreisekontoret ved Oslo universitetssykehus, Oslo og Akershus"
0479,Oslo,Helse Sør-Øst,Oslo universitetssykehus,"Pasientreisekontoret ved Oslo universitetssykehus, Oslo og Akershus"
0480,Oslo,Helse Sør-Øst,Oslo universitetssykehus,"Pasientreisekontoret ved Oslo universitetssykehus, Oslo og Akershus"
0481,Oslo,Helse Sør-Øst,Oslo universitetssykehus,"Pasientreisekontoret ved Oslo universitetssykehus, Oslo og Akershus"
0482,Oslo,Helse Sør-Øst,Oslo universitetssykehus,"Pasientreisekontoret ved Oslo universitetssykehus, Oslo og Akershus"
0483,Oslo,Helse Sør-Øst,Oslo universitetssykehus,"Pasientreisekontoret ved Oslo universitetssykehus, Oslo og Akershus"
0484,Oslo,Helse Sør-Øst,Oslo universitetssykehus,"Pasientreisekontoret ved Oslo universitetssykehus, Oslo og Akershus"
0485,Oslo,Helse Sør-Øst,Oslo universitetssykehus,"Pasientreisekontoret ved Oslo universitetssykehus, Oslo og Akershus"
0486,Oslo,Helse Sør-Øst,Oslo universitetssykehus,"Pasientreisekontoret ved Oslo universitetssykehus, Oslo og Akershus"
0487,Oslo,Helse Sør-Øst,Oslo universitetssykehus,"Pasientreisekontoret ved Oslo universitetssykehus, Oslo og Akershus"
0488,Oslo,Helse Sør-Øst,Oslo universitetssykehus,"Pasientreisekontoret ved Oslo universitetssykehus, Oslo og Akershus"
0489,Oslo,Helse Sør-Øst,Oslo universitetssykehus,"Pasientreisekontoret ved Oslo universitetssykehus, Oslo og Akershus"
0490,Oslo,Helse Sør-Øst,Oslo universitetssykehus,"Pasientreisekontoret ved Oslo universitetssykehus, Oslo og Akershus"
0491,Oslo,Helse Sør-Øst,Oslo universitetssykehus,"Pasientreisekontoret ved Oslo universitetssykehus, Oslo og Akershus"
0492,Oslo,Helse Sør-Øst,Oslo universitetssykehus,"Pasientreisekontoret ved Oslo universitetssykehus, Oslo og Akershus"
0493,Oslo,Helse Sør-Øst,Oslo universitetssykehus,"Pasientreisekontoret ved Oslo universitetssykehus, Oslo og Akershus"
0494,Oslo,Helse Sør-Øst,Oslo universitetssykehus,"Pasientreisekontoret ved Oslo universitetssykehus, Oslo og Akershus"
0495,Oslo,Helse Sør-Øst,Oslo universitetssykehus,"Pasientreisekontoret ved Oslo universitetssykehus, Oslo og Akershus"
0496,Oslo,Helse Sør-Øst,Oslo universitetssykehus,"Pasientreisekontoret ved Oslo universitetssykehus, Oslo og Akershus"
0501,Oslo,Helse Sør-Øst,Oslo universitetssykehus,"Pasientreisekontoret ved Oslo universitetssykehus, Oslo og Akershus"
0502,Oslo,Helse Sør-Øst,Oslo universitetssykehus,"Pasientreisekontoret ved Oslo universitetssykehus, Oslo og Akershus"
0503,Oslo,Helse Sør-Øst,Oslo universitetssykehus,"Pasientreisekontoret ved Oslo universitetssykehus, Oslo og Akershus"
0504,Oslo,Helse Sør-Øst,Oslo universitetssykehus,"Pasientreisekontoret ved Oslo universitetssykehus, Oslo og Akershus"
0505,Oslo,Helse Sør-Øst,Oslo universitetssykehus,"Pasientreisekontoret ved Oslo universitetssykehus, Oslo og Akershus"
0506,Oslo,Helse Sør-Øst,Oslo universitetssykehus,"Pasientreisekontoret ved Oslo universitetssykehus, Oslo og Akershus"
0507,Oslo,Helse Sør-Øst,Oslo universitetssykehus,"Pasientreisekontoret ved Oslo universitetssykehus, Oslo og Akershus"
0508,Oslo,Helse Sør-Øst,Oslo universitetssykehus,"Pasientreisekontoret ved Oslo universitetssykehus, Oslo og Akershus"
0509,Oslo,Helse Sør-Øst,Oslo universitetssykehus,"Pasientreisekontoret ved Oslo universitetssykehus, Oslo og Akershus"
0510,Oslo,Helse Sør-Øst,Oslo universitetssykehus,"Pasientreisekontoret ved Oslo universitetssykehus, Oslo og Akershus"
0511,Oslo,Helse Sør-Øst,Oslo universitetssykehus,"Pasientreisekontoret ved Oslo universitetssykehus, Oslo og Akershus"
0512,Oslo,Helse Sør-Øst,Oslo universitetssykehus,"Pasientreisekontoret ved Oslo universitetssykehus, Oslo og Akershus"
0513,Oslo,Helse Sør-Øst,Oslo universitetssykehus,"Pasientreisekontoret ved Oslo universitetssykehus, Oslo og Akershus"
0514,Oslo,Helse Sør-Øst,Oslo universitetssykehus,"Pasientreisekontoret ved Oslo universitetssykehus, Oslo og Akershus"
0515,Oslo,Helse Sør-Øst,Oslo universitetssykehus,"Pasientreisekontoret ved Oslo universitetssykehus, Oslo og Akershus"
0516,Oslo,Helse Sør-Øst,Oslo universitetssykehus,"Pasientreisekontoret ved Oslo universitetssykehus, Oslo og Akershus"
0517,Oslo,Helse Sør-Øst,Oslo universitetssykehus,"Pasientreisekontoret ved Oslo universitetssykehus, Oslo og Akershus"
0518,Oslo,Helse Sør-Øst,Oslo universitetssykehus,"Pasientreisekontoret ved Oslo universitetssykehus, Oslo og Akershus"
0520,Oslo,Helse Sør-Øst,Oslo universitetssykehus,"Pasientreisekontoret ved Oslo universitetssykehus, Oslo og Akershus"
0540,Oslo,Helse Sør-Øst,Oslo universitetssykehus,"Pasientreisekontoret ved Oslo universitetssykehus, Oslo og Akershus"
0550,Oslo,Helse Sør-Øst,Oslo universitetssykehus,"Pasientreisekontoret ved Oslo universitetssykehus, Oslo og Akershus"
0551,Oslo,Helse Sør-Øst,Oslo universitetssykehus,"Pasientreisekontoret ved Oslo universitetssykehus, Oslo og Akershus"
0552,Oslo,Helse Sør-Øst,Oslo universitetssykehus,"Pasientreisekontoret ved Oslo universitetssykehus, Oslo og Akershus"
0553,Oslo,Helse Sør-Øst,Oslo universitetssykehus,"Pasientreisekontoret ved Oslo universitetssykehus, Oslo og Akershus"
0554,Oslo,Helse Sør-Øst,Oslo universitetssykehus,"Pasientreisekontoret ved Oslo universitetssykehus, Oslo og Akershus"
0555,Oslo,Helse Sør-Øst,Oslo universitetssykehus,"Pasientreisekontoret ved Oslo universitetssykehus, Oslo og Akershus"
0556,Oslo,Helse Sør-Øst,Oslo universitetssykehus,"Pasientreisekontoret ved Oslo universitetssykehus, Oslo og Akershus"
0557,Oslo,Helse Sør-Øst,Oslo universitetssykehus,"Pasientreisekontoret ved Oslo universitetssykehus, Oslo og Akershus"
0558,Oslo,Helse Sør-Øst,Oslo universitetssykehus,"Pasientreisekontoret ved Oslo universitetssykehus, Oslo og Akershus"
0559,Oslo,Helse Sør-Øst,Oslo universitetssykehus,"Pasientreisekontoret ved Oslo universitetssykehus, Oslo og Akershus"
0560,Oslo,Helse Sør-Øst,Oslo universitetssykehus,"Pasientreisekontoret ved Oslo universitetssykehus, Oslo og Akershus"
0561,Oslo,Helse Sør-Øst,Oslo universitetssykehus,"Pasientreisekontoret ved Oslo universitetssykehus, Oslo og Akershus"
0562,Oslo,Helse Sør-Øst,Oslo universitetssykehus,"Pasientreisekontoret ved Oslo universitetssykehus, Oslo og Akershus"
0563,Oslo,Helse Sør-Øst,Oslo universitetssykehus,"Pasientreisekontoret ved Oslo universitetssykehus, Oslo og Akershus"
0564,Oslo,Helse Sør-Øst,Oslo universitetssykehus,"Pasientreisekontoret ved Oslo universitetssykehus, Oslo og Akershus"
0565,Oslo,Helse Sør-Øst,Oslo universitetssykehus,"Pasientreisekontoret ved Oslo universitetssykehus, Oslo og Akershus"
0566,Oslo,Helse Sør-Øst,Oslo universitetssykehus,"Pasientreisekontoret ved Oslo universitetssykehus, Oslo og Akershus"
0567,Oslo,Helse Sør-Øst,Oslo universitetssykehus,"Pasientreisekontoret ved Oslo universitetssykehus, Oslo og Akershus"
0568,Oslo,Helse Sør-Øst,Oslo universitetssykehus,"Pasientreisekontoret ved Oslo universitetssykehus, Oslo og Akershus"
0569,Oslo,Helse Sør-Øst,Oslo universitetssykehus,"Pasientreisekontoret ved Oslo universitetssykehus, Oslo og Akershus"
0570,Oslo,Helse Sør-Øst,Oslo universitetssykehus,"Pasientreisekontoret ved Oslo universitetssykehus, Oslo og Akershus"
0571,Oslo,Helse Sør-Øst,Oslo universitetssykehus,"Pasientreisekontoret ved Oslo universitetssykehus, Oslo og Akershus"
0572,Oslo,Helse Sør-Øst,Oslo universitetssykehus,"Pasientreisekontoret ved Oslo universitetssykehus, Oslo og Akershus"
0573,Oslo,Helse Sør-Øst,Oslo universitetssykehus,"Pasientreisekontoret ved Oslo universitetssykehus, Oslo og Akershus"
0574,Oslo,Helse Sør-Øst,Oslo universitetssykehus,"Pasientreisekontoret ved Oslo universitetssykehus, Oslo og Akershus"
0575,Oslo,Helse Sør-Øst,Oslo universitetssykehus,"Pasientreisekontoret ved Oslo universitetssykehus, Oslo og Akershus"
0576,Oslo,Helse Sør-Øst,Oslo universitetssykehus,"Pasientreisekontoret ved Oslo universitetssykehus, Oslo og Akershus"
0577,Oslo,Helse Sør-Øst,Oslo universitetssykehus,"Pasientreisekontoret ved Oslo universitetssykehus, Oslo og Akershus"
0578,Oslo,Helse Sør-Øst,Oslo universitetssykehus,"Pasientreisekontoret ved Oslo universitetssykehus, Oslo og Akershus"
0579,Oslo,Helse Sør-Øst,Oslo universitetssykehus,"Pasientreisekontoret ved Oslo universitetssykehus, Oslo og Akershus"
0580,Oslo,Helse Sør-Øst,Oslo universitetssykehus,"Pasientreisekontoret ved Oslo universitetssykehus, Oslo og Akershus"
0581,Oslo,Helse Sør-Øst,Oslo universitetssykehus,"Pasientreisekontoret ved Oslo universitetssykehus, Oslo og Akershus"
0582,Oslo,Helse Sør-Øst,Oslo universitetssykehus,"Pasientreisekontoret ved Oslo universitetssykehus, Oslo og Akershus"
0583,Oslo,Helse Sør-Øst,Oslo universitetssykehus,"Pasientreisekontoret ved Oslo universitetssykehus, Oslo og Akershus"
0584,Oslo,Helse Sør-Øst,Oslo universitetssykehus,"Pasientreisekontoret ved Oslo universitetssykehus, Oslo og Akershus"
0585,Oslo,Helse Sør-Øst,Oslo universitetssykehus,"Pasientreisekontoret ved Oslo universitetssykehus, Oslo og Akershus"
0586,Oslo,Helse Sør-Øst,Oslo universitetssykehus,"Pasientreisekontoret ved Oslo universitetssykehus, Oslo og Akershus"
0587,Oslo,Helse Sør-Øst,Oslo universitetssykehus,"Pasientreisekontoret ved Oslo universitetssykehus, Oslo og Akershus"
0588,Oslo,Helse Sør-Øst,Oslo universitetssykehus,"Pasientreisekontoret ved Oslo universitetssykehus, Oslo og Akershus"
0589,Oslo,Helse Sør-Øst,Oslo universitetssykehus,"Pasientreisekontoret ved Oslo universitetssykehus, Oslo og Akershus"
0590,Oslo,Helse Sør-Øst,Oslo universitetssykehus,"Pasientreisekontoret ved Oslo universitetssykehus, Oslo og Akershus"
0591,Oslo,Helse Sør-Øst,Oslo universitetssykehus,"Pasientreisekontoret ved Oslo universitetssykehus, Oslo og Akershus"
0592,Oslo,Helse Sør-Øst,Oslo universitetssykehus,"Pasientreisekontoret ved Oslo universitetssykehus, Oslo og Akershus"
0593,Oslo,Helse Sør-Øst,Oslo universitetssykehus,"Pasientreisekontoret ved Oslo universitetssykehus, Oslo og Akershus"
0594,Oslo,Helse Sør-Øst,Oslo universitetssykehus,"Pasientreisekontoret ved Oslo universitetssykehus, Oslo og Akershus"
0595,Oslo,Helse Sør-Øst,Oslo universitetssykehus,"Pasientreisekontoret ved Oslo universitetssykehus, Oslo og Akershus"
0596,Oslo,Helse Sør-Øst,Oslo universitetssykehus,"Pasientreisekontoret ved Oslo universitetssykehus, Oslo og Akershus"
0597,Oslo,Helse Sør-Øst,Oslo universitetssykehus,"Pasientreisekontoret ved Oslo universitetssykehus, Oslo og Akershus"
0598,Oslo,Helse Sør-Øst,Oslo universitetssykehus,"Pasientreisekontoret ved Oslo universitetssykehus, Oslo og Akershus"
0601,Oslo,Helse Sør-Øst,Oslo universitetssykehus,"Pasientreisekontoret ved Oslo universitetssykehus, Oslo og Akershus"
0602,Oslo,Helse Sør-Øst,Oslo universitetssykehus,"Pasientreisekontoret ved Oslo universitetssykehus, Oslo og Akershus"
0603,Oslo,Helse Sør-Øst,Oslo universitetssykehus,"Pasientreisekontoret ved Oslo universitetssykehus, Oslo og Akershus"
0604,Oslo,Helse Sør-Øst,Oslo universitetssykehus,"Pasientreisekontoret ved Oslo universitetssykehus, Oslo og Akershus"
0605,Oslo,Helse Sør-Øst,Oslo universitetssykehus,"Pasientreisekontoret ved Oslo universitetssykehus, Oslo og Akershus"
0606,Oslo,Helse Sør-Øst,Oslo universitetssykehus,"Pasientreisekontoret ved Oslo universitetssykehus, Oslo og Akershus"
0607,Oslo,Helse Sør-Øst,Oslo universitetssykehus,"Pasientreisekontoret ved Oslo universitetssykehus, Oslo og Akershus"
0608,Oslo,Helse Sør-Øst,Oslo universitetssykehus,"Pasientreisekontoret ved Oslo universitetssykehus, Oslo og Akershus"
0609,Oslo,Helse Sør-Øst,Oslo universitetssykehus,"Pasientreisekontoret ved Oslo universitetssykehus, Oslo og Akershus"
0610,Oslo,Helse Sør-Øst,Oslo universitetssykehus,"Pasientreisekontoret ved Oslo universitetssykehus, Oslo og Akershus"
0611,Oslo,Helse Sør-Øst,Oslo universitetssykehus,"Pasientreisekontoret ved Oslo universitetssykehus, Oslo og Akershus"
0612,Oslo,Helse Sør-Øst,Oslo universitetssykehus,"Pasientreisekontoret ved Oslo universitetssykehus, Oslo og Akershus"
0613,Oslo,Helse Sør-Øst,Oslo universitetssykehus,"Pasientreisekontoret ved Oslo universitetssykehus, Oslo og Akershus"
0614,Oslo,Helse Sør-Øst,Oslo universitetssykehus,"Pasientreisekontoret ved Oslo universitetssykehus, Oslo og Akershus"
0615,Oslo,Helse Sør-Øst,Oslo universitetssykehus,"Pasientreisekontoret ved Oslo universitetssykehus, Oslo og Akershus"
0616,Oslo,Helse Sør-Øst,Oslo universitetssykehus,"Pasientreisekontoret ved Oslo universitetssykehus, Oslo og Akershus"
0617,Oslo,Helse Sør-Øst,Oslo universitetssykehus,"Pasientreisekontoret ved Oslo universitetssykehus, Oslo og Akershus"
0618,Oslo,Helse Sør-Øst,Oslo universitetssykehus,"Pasientreisekontoret ved Oslo universitetssykehus, Oslo og Akershus"
0619,Oslo,Helse Sør-Øst,Oslo universitetssykehus,"Pasientreisekontoret ved Oslo universitetssykehus, Oslo og Akershus"
0620,Oslo,Helse Sør-Øst,Oslo universitetssykehus,"Pasientreisekontoret ved Oslo universitetssykehus, Oslo og Akershus"
0621,Oslo,Helse Sør-Øst,Oslo universitetssykehus,"Pasientreisekontoret ved Oslo universitetssykehus, Oslo og Akershus"
0622,Oslo,Helse Sør-Øst,Oslo universitetssykehus,"Pasientreisekontoret ved Oslo universitetssykehus, Oslo og Akershus"
0623,Oslo,Helse Sør-Øst,Oslo universitetssykehus,"Pasientreisekontoret ved Oslo universitetssykehus, Oslo og Akershus"
0624,Oslo,Helse Sør-Øst,Oslo universitetssykehus,"Pasientreisekontoret ved Oslo universitetssykehus, Oslo og Akershus"
0626,Oslo,Helse Sør-Øst,Oslo universitetssykehus,"Pasientreisekontoret ved Oslo universitetssykehus, Oslo og Akershus"
0630,Oslo,Helse Sør-Øst,Oslo universitetssykehus,"Pasientreisekontoret ved Oslo universitetssykehus, Oslo og Akershus"
0640,Oslo,Helse Sør-Øst,Oslo universitetssykehus,"Pasientreisekontoret ved Oslo universitetssykehus, Oslo og Akershus"
0650,Oslo,Helse Sør-Øst,Oslo universitetssykehus,"Pasientreisekontoret ved Oslo universitetssykehus, Oslo og Akershus"
0651,Oslo,Helse Sør-Øst,Oslo universitetssykehus,"Pasientreisekontoret ved Oslo universitetssykehus, Oslo og Akershus"
0652,Oslo,Helse Sør-Øst,Oslo universitetssykehus,"Pasientreisekontoret ved Oslo universitetssykehus, Oslo og Akershus"
0653,Oslo,Helse Sør-Øst,Oslo universitetssykehus,"Pasientreisekontoret ved Oslo universitetssykehus, Oslo og Akershus"
0654,Oslo,Helse Sør-Øst,Oslo universitetssykehus,"Pasientreisekontoret ved Oslo universitetssykehus, Oslo og Akershus"
0655,Oslo,Helse Sør-Øst,Oslo universitetssykehus,"Pasientreisekontoret ved Oslo universitetssykehus, Oslo og Akershus"
0656,Oslo,Helse Sør-Øst,Oslo universitetssykehus,"Pasientreisekontoret ved Oslo universitetssykehus, Oslo og Akershus"
0657,Oslo,Helse Sør-Øst,Oslo universitetssykehus,"Pasientreisekontoret ved Oslo universitetssykehus, Oslo og Akershus"
0658,Oslo,Helse Sør-Øst,Oslo universitetssykehus,"Pasientreisekontoret ved Oslo universitetssykehus, Oslo og Akershus"
0659,Oslo,Helse Sør-Øst,Oslo universitetssykehus,"Pasientreisekontoret ved Oslo universitetssykehus, Oslo og Akershus"
0660,Oslo,Helse Sør-Øst,Oslo universitetssykehus,"Pasientreisekontoret ved Oslo universitetssykehus, Oslo og Akershus"
0661,Oslo,Helse Sør-Øst,Oslo universitetssykehus,"Pasientreisekontoret ved Oslo universitetssykehus, Oslo og Akershus"
0662,Oslo,Helse Sør-Øst,Oslo universitetssykehus,"Pasientreisekontoret ved Oslo universitetssykehus, Oslo og Akershus"
0663,Oslo,Helse Sør-Øst,Oslo universitetssykehus,"Pasientreisekontoret ved Oslo universitetssykehus, Oslo og Akershus"
0664,Oslo,Helse Sør-Øst,Oslo universitetssykehus,"Pasientreisekontoret ved Oslo universitetssykehus, Oslo og Akershus"
0665,Oslo,Helse Sør-Øst,Oslo universitetssykehus,"Pasientreisekontoret ved Oslo universitetssykehus, Oslo og Akershus"
0666,Oslo,Helse Sør-Øst,Oslo universitetssykehus,"Pasientreisekontoret ved Oslo universitetssykehus, Oslo og Akershus"
0667,Oslo,Helse Sør-Øst,Oslo universitetssykehus,"Pasientreisekontoret ved Oslo universitetssykehus, Oslo og Akershus"
0668,Oslo,Helse Sør-Øst,Oslo universitetssykehus,"Pasientreisekontoret ved Oslo universitetssykehus, Oslo og Akershus"
0669,Oslo,Helse Sør-Øst,Oslo universitetssykehus,"Pasientreisekontoret ved Oslo universitetssykehus, Oslo og Akershus"
0670,Oslo,Helse Sør-Øst,Oslo universitetssykehus,"Pasientreisekontoret ved Oslo universitetssykehus, Oslo og Akershus"
0671,Oslo,Helse Sør-Øst,Oslo universitetssykehus,"Pasientreisekontoret ved Oslo universitetssykehus, Oslo og Akershus"
0672,Oslo,Helse Sør-Øst,Oslo universitetssykehus,"Pasientreisekontoret ved Oslo universitetssykehus, Oslo og Akershus"
0673,Oslo,Helse Sør-Øst,Oslo universitetssykehus,"Pasientreisekontoret ved Oslo universitetssykehus, Oslo og Akershus"
0674,Oslo,Helse Sør-Øst,Oslo universitetssykehus,"Pasientreisekontoret ved Oslo universitetssykehus, Oslo og Akershus"
0675,Oslo,Helse Sør-Øst,Oslo universitetssykehus,"Pasientreisekontoret ved Oslo universitetssykehus, Oslo og Akershus"
0676,Oslo,Helse Sør-Øst,Oslo universitetssykehus,"Pasientreisekontoret ved Oslo universitetssykehus, Oslo og Akershus"
0677,Oslo,Helse Sør-Øst,Oslo universitetssykehus,"Pasientreisekontoret ved Oslo universitetssykehus, Oslo og Akershus"
0678,Oslo,Helse Sør-Øst,Oslo universitetssykehus,"Pasientreisekontoret ved Oslo universitetssykehus, Oslo og Akershus"
0679,Oslo,Helse Sør-Øst,Oslo universitetssykehus,"Pasientreisekontoret ved Oslo universitetssykehus, Oslo og Akershus"
0680,Oslo,Helse Sør-Øst,Oslo universitetssykehus,"Pasientreisekontoret ved Oslo universitetssykehus, Oslo og Akershus"
0681,Oslo,Helse Sør-Øst,Oslo universitetssykehus,"Pasientreisekontoret ved Oslo universitetssykehus, Oslo og Akershus"
0682,Oslo,Helse Sør-Øst,Oslo universitetssykehus,"Pasientreisekontoret ved Oslo universitetssykehus, Oslo og Akershus"
0683,Oslo,Helse Sør-Øst,Oslo universitetssykehus,"Pasientreisekontoret ved Oslo universitetssykehus, Oslo og Akershus"
0684,Oslo,Helse Sør-Øst,Oslo universitetssykehus,"Pasientreisekontoret ved Oslo universitetssykehus, Oslo og Akershus"
0685,Oslo,Helse Sør-Øst,Oslo universitetssykehus,"Pasientreisekontoret ved Oslo universitetssykehus, Oslo og Akershus"
0686,Oslo,Helse Sør-Øst,Oslo universitetssykehus,"Pasientreisekontoret ved Oslo universitetssykehus, Oslo og Akershus"
0687,Oslo,Helse Sør-Øst,Oslo universitetssykehus,"Pasientreisekontoret ved Oslo universitetssykehus, Oslo og Akershus"
0688,Oslo,Helse Sør-Øst,Oslo universitetssykehus,"Pasientreisekontoret ved Oslo universitetssykehus, Oslo og Akershus"
0689,Oslo,Helse Sør-Øst,Oslo universitetssykehus,"Pasientreisekontoret ved Oslo universitetssykehus, Oslo og Akershus"
0690,Oslo,Helse Sør-Øst,Oslo universitetssykehus,"Pasientreisekontoret ved Oslo universitetssykehus, Oslo og Akershus"
0691,Oslo,Helse Sør-Øst,Oslo universitetssykehus,"Pasientreisekontoret ved Oslo universitetssykehus, Oslo og Akershus"
0692,Oslo,Helse Sør-Øst,Oslo universitetssykehus,"Pasientreisekontoret ved Oslo universitetssykehus, Oslo og Akershus"
0693,Oslo,Helse Sør-Øst,Oslo universitetssykehus,"Pasientreisekontoret ved Oslo universitetssykehus, Oslo og Akershus"
0694,Oslo,Helse Sør-Øst,Oslo universitetssykehus,"Pasientreisekontoret ved Oslo universitetssykehus, Oslo og Akershus"
0701,Oslo,Helse Sør-Øst,Oslo universitetssykehus,"Pasientreisekontoret ved Oslo universitetssykehus, Oslo og Akershus"
0702,Oslo,Helse Sør-Øst,Oslo universitetssykehus,"Pasientreisekontoret ved Oslo universitetssykehus, Oslo og Akershus"
0705,Oslo,Helse Sør-Øst,Oslo universitetssykehus,"Pasientreisekontoret ved Oslo universitetssykehus, Oslo og Akershus"
0710,Oslo,Helse Sør-Øst,Oslo universitetssykehus,"Pasientreisekontoret ved Oslo universitetssykehus, Oslo og Akershus"
0712,Oslo,Helse Sør-Øst,Oslo universitetssykehus,"Pasientreisekontoret ved Oslo universitetssykehus, Oslo og Akershus"
0750,Oslo,Helse Sør-Øst,Oslo universitetssykehus,"Pasientreisekontoret ved Oslo universitetssykehus, Oslo og Akershus"
0751,Oslo,Helse Sør-Øst,Oslo universitetssykehus,"Pasientreisekontoret ved Oslo universitetssykehus, Oslo og Akershus"
0752,Oslo,Helse Sør-Øst,Oslo universitetssykehus,"Pasientreisekontoret ved Oslo universitetssykehus, Oslo og Akershus"
0753,Oslo,Helse Sør-Øst,Oslo universitetssykehus,"Pasientreisekontoret ved Oslo universitetssykehus, Oslo og Akershus"
0754,Oslo,Helse Sør-Øst,Oslo universitetssykehus,"Pasientreisekontoret ved Oslo universitetssykehus, Oslo og Akershus"
0755,Oslo,Helse Sør-Øst,Oslo universitetssykehus,"Pasientreisekontoret ved Oslo universitetssykehus, Oslo og Akershus"
0756,Oslo,Helse Sør-Øst,Oslo universitetssykehus,"Pasientreisekontoret ved Oslo universitetssykehus, Oslo og Akershus"
0757,Oslo,Helse Sør-Øst,Oslo universitetssykehus,"Pasientreisekontoret ved Oslo universitetssykehus, Oslo og Akershus"
0758,Oslo,Helse Sør-Øst,Oslo universitetssykehus,"Pasientreisekontoret ved Oslo universitetssykehus, Oslo og Akershus"
0759,Oslo,Helse Sør-Øst,Oslo universitetssykehus,"Pasientreisekontoret ved Oslo universitetssykehus, Oslo og Akershus"
0760,Oslo,Helse Sør-Øst,Oslo universitetssykehus,"Pasientreisekontoret ved Oslo universitetssykehus, Oslo og Akershus"
0763,Oslo,Helse Sør-Øst,Oslo universitetssykehus,"Pasientreisekontoret ved Oslo universitetssykehus, Oslo og Akershus"
0764,Oslo,Helse Sør-Øst,Oslo universitetssykehus,"Pasientreisekontoret ved Oslo universitetssykehus, Oslo og Akershus"
0765,Oslo,Helse Sør-Øst,Oslo universitetssykehus,"Pasientreisekontoret ved Oslo universitetssykehus, Oslo og Akershus"
0766,Oslo,Helse Sør-Øst,Oslo universitetssykehus,"Pasientreisekontoret ved Oslo universitetssykehus, Oslo og Akershus"
0767,Oslo,Helse Sør-Øst,Oslo universitetssykehus,"Pasientreisekontoret ved Oslo universitetssykehus, Oslo og Akershus"
0768,Oslo,Helse Sør-Øst,Oslo universitetssykehus,"Pasientreisekontoret ved Oslo universitetssykehus, Oslo og Akershus"
0770,Oslo,Helse Sør-Øst,Oslo universitetssykehus,"Pasientreisekontoret ved Oslo universitetssykehus, Oslo og Akershus"
0771,Oslo,Helse Sør-Øst,Oslo universitetssykehus,"Pasientreisekontoret ved Oslo universitetssykehus, Oslo og Akershus"
0772,Oslo,Helse Sør-Øst,Oslo universitetssykehus,"Pasientreisekontoret ved Oslo universitetssykehus, Oslo og Akershus"
0773,Oslo,Helse Sør-Øst,Oslo universitetssykehus,"Pasientreisekontoret ved Oslo universitetssykehus, Oslo og Akershus"
0774,Oslo,Helse Sør-Øst,Oslo universitetssykehus,"Pasientreisekontoret ved Oslo universitetssykehus, Oslo og Akershus"
0775,Oslo,Helse Sør-Øst,Oslo universitetssykehus,"Pasientreisekontoret ved Oslo universitetssykehus, Oslo og Akershus"
0776,Oslo,Helse Sør-Øst,Oslo universitetssykehus,"Pasientreisekontoret ved Oslo universitetssykehus, Oslo og Akershus"
0777,Oslo,Helse Sør-Øst,Oslo universitetssykehus,"Pasientreisekontoret ved Oslo universitetssykehus, Oslo og Akershus"
0778,Oslo,Helse Sør-Øst,Oslo universitetssykehus,"Pasientreisekontoret ved Oslo universitetssykehus, Oslo og Akershus"
0779,Oslo,Helse Sør-Øst,Oslo universitetssykehus,"Pasientreisekontoret ved Oslo universitetssykehus, Oslo og Akershus"
0781,Oslo,Helse Sør-Øst,Oslo universitetssykehus,"Pasientreisekontoret ved Oslo universitetssykehus, Oslo og Akershus"
0782,Oslo,Helse Sør-Øst,Oslo universitetssykehus,"Pasientreisekontoret ved Oslo universitetssykehus, Oslo og Akershus"
0783,Oslo,Helse Sør-Øst,Oslo universitetssykehus,"Pasientreisekontoret ved Oslo universitetssykehus, Oslo og Akershus"
0784,Oslo,Helse Sør-Øst,Oslo universitetssykehus,"Pasientreisekontoret ved Oslo universitetssykehus, Oslo og Akershus"
0785,Oslo,Helse Sør-Øst,Oslo universitetssykehus,"Pasientreisekontoret ved Oslo universitetssykehus, Oslo og Akershus"
0786,Oslo,Helse Sør-Øst,Oslo universitetssykehus,"Pasientreisekontoret ved Oslo universitetssykehus, Oslo og Akershus"
0787,Oslo,Helse Sør-Øst,Oslo universitetssykehus,"Pasientreisekontoret ved Oslo universitetssykehus, Oslo og Akershus"
0788,Oslo,Helse Sør-Øst,Oslo universitetssykehus,"Pasientreisekontoret ved Oslo universitetssykehus, Oslo og Akershus"
0789,Oslo,Helse Sør-Øst,Oslo universitetssykehus,"Pasientreisekontoret ved Oslo universitetssykehus, Oslo og Akershus"
0790,Oslo,Helse Sør-Øst,Oslo universitetssykehus,"Pasientreisekontoret ved Oslo universitetssykehus, Oslo og Akershus"
0791,Oslo,Helse Sør-Øst,Oslo universitetssykehus,"Pasientreisekontoret ved Oslo universitetssykehus, Oslo og Akershus"
0801,Oslo,Helse Sør-Øst,Oslo universitetssykehus,"Pasientreisekontoret ved Oslo universitetssykehus, Oslo og Akershus"
0805,Oslo,Helse Sør-Øst,Oslo universitetssykehus,"Pasientreisekontoret ved Oslo universitetssykehus, Oslo og Akershus"
0806,Oslo,Helse Sør-Øst,Oslo universitetssykehus,"Pasientreisekontoret ved Oslo universitetssykehus, Oslo og Akershus"
0807,Oslo,Helse Sør-Øst,Oslo universitetssykehus,"Pasientreisekontoret ved Oslo universitetssykehus, Oslo og Akershus"
0840,Oslo,Helse Sør-Øst,Oslo universitetssykehus,"Pasientreisekontoret ved Oslo universitetssykehus, Oslo og Akershus"
0850,Oslo,Helse Sør-Øst,Oslo universitetssykehus,"Pasientreisekontoret ved Oslo universitetssykehus, Oslo og Akershus"
0851,Oslo,Helse Sør-Øst,Oslo universitetssykehus,"Pasientreisekontoret ved Oslo universitetssykehus, Oslo og Akershus"
0852,Oslo,Helse Sør-Øst,Oslo universitetssykehus,"Pasientreisekontoret ved Oslo universitetssykehus, Oslo og Akershus"
0853,Oslo,Helse Sør-Øst,Oslo universitetssykehus,"Pasientreisekontoret ved Oslo universitetssykehus, Oslo og Akershus"
0854,Oslo,Helse Sør-Øst,Oslo universitetssykehus,"Pasientreisekontoret ved Oslo universitetssykehus, Oslo og Akershus"
0855,Oslo,Helse Sør-Øst,Oslo universitetssykehus,"Pasientreisekontoret ved Oslo universitetssykehus, Oslo og Akershus"
0856,Oslo,Helse Sør-Øst,Oslo universitetssykehus,"Pasientreisekontoret ved Oslo universitetssykehus, Oslo og Akershus"
0857,Oslo,Helse Sør-Øst,Oslo universitetssykehus,"Pasientreisekontoret ved Oslo universitetssykehus, Oslo og Akershus"
0858,Oslo,Helse Sør-Øst,Oslo universitetssykehus,"Pasientreisekontoret ved Oslo universitetssykehus, Oslo og Akershus"
0860,Oslo,Helse Sør-Øst,Oslo universitetssykehus,"Pasientreisekontoret ved Oslo universitetssykehus, Oslo og Akershus"
0861,Oslo,Helse Sør-Øst,Oslo universitetssykehus,"Pasientreisekontoret ved Oslo universitetssykehus, Oslo og Akershus"
0862,Oslo,Helse Sør-Øst,Oslo universitetssykehus,"Pasientreisekontoret ved Oslo universitetssykehus, Oslo og Akershus"
0863,Oslo,Helse Sør-Øst,Oslo universitetssykehus,"Pasientreisekontoret ved Oslo universitetssykehus, Oslo og Akershus"
0864,Oslo,Helse Sør-Øst,Oslo universitetssykehus,"Pasientreisekontoret ved Oslo universitetssykehus, Oslo og Akershus"
0870,Oslo,Helse Sør-Øst,Oslo universitetssykehus,"Pasientreisekontoret ved Oslo universitetssykehus, Oslo og Akershus"
0871,Oslo,Helse Sør-Øst,Oslo universitetssykehus,"Pasientreisekontoret ved Oslo universitetssykehus, Oslo og Akershus"
0872,Oslo,Helse Sør-Øst,Oslo universitetssykehus,"Pasientreisekontoret ved Oslo universitetssykehus, Oslo og Akershus"
0873,Oslo,Helse Sør-Øst,Oslo universitetssykehus,"Pasientreisekontoret ved Oslo universitetssykehus, Oslo og Akershus"
0874,Oslo,Helse Sør-Øst,Oslo universitetssykehus,"Pasientreisekontoret ved Oslo universitetssykehus, Oslo og Akershus"
0875,Oslo,Helse Sør-Øst,Oslo universitetssykehus,"Pasientreisekontoret ved Oslo universitetssykehus, Oslo og Akershus"
0876,Oslo,Helse Sør-Øst,Oslo universitetssykehus,"Pasientreisekontoret ved Oslo universitetssykehus, Oslo og Akershus"
0877,Oslo,Helse Sør-Øst,Oslo universitetssykehus,"Pasientreisekontoret ved Oslo universitetssykehus, Oslo og Akershus"
0880,Oslo,Helse Sør-Øst,Oslo universitetssykehus,"Pasientreisekontoret ved Oslo universitetssykehus, Oslo og Akershus"
0881,Oslo,Helse Sør-Øst,Oslo universitetssykehus,"Pasientreisekontoret ved Oslo universitetssykehus, Oslo og Akershus"
0882,Oslo,Helse Sør-Øst,Oslo universitetssykehus,"Pasientreisekontoret ved Oslo universitetssykehus, Oslo og Akershus"
0883,Oslo,Helse Sør-Øst,Oslo universitetssykehus,"Pasientreisekontoret ved Oslo universitetssykehus, Oslo og Akershus"
0884,Oslo,Helse Sør-Øst,Oslo universitetssykehus,"Pasientreisekontoret ved Oslo universitetssykehus, Oslo og Akershus"
0890,Oslo,Helse Sør-Øst,Oslo universitetssykehus,"Pasientreisekontoret ved Oslo universitetssykehus, Oslo og Akershus"
0891,Oslo,Helse Sør-Øst,Oslo universitetssykehus,"Pasientreisekontoret ved Oslo universitetssykehus, Oslo og Akershus"
0901,Oslo,Helse Sør-Øst,Akershus Universitetssykehus,"Pasientreisekontoret ved Oslo universitetssykehus, Oslo og Akershus"
0902,Oslo,Helse Sør-Øst,Akershus Universitetssykehus,"Pasientreisekontoret ved Oslo universitetssykehus, Oslo og Akershus"
0903,Oslo,Helse Sør-Øst,Akershus Universitetssykehus,"Pasientreisekontoret ved Oslo universitetssykehus, Oslo og Akershus"
0904,Oslo,Helse Sør-Øst,Akershus Universitetssykehus,"Pasientreisekontoret ved Oslo universitetssykehus, Oslo og Akershus"
0905,Oslo,Helse Sør-Øst,Akershus Universitetssykehus,"Pasientreisekontoret ved Oslo universitetssykehus, Oslo og Akershus"
0907,Oslo,Helse Sør-Øst,Akershus Universitetssykehus,"Pasientreisekontoret ved Oslo universitetssykehus, Oslo og Akershus"
0908,Oslo,Helse Sør-Øst,Akershus Universitetssykehus,"Pasientreisekontoret ved Oslo universitetssykehus, Oslo og Akershus"
0913,Oslo,Helse Sør-Øst,Akershus Universitetssykehus,"Pasientreisekontoret ved Oslo universitetssykehus, Oslo og Akershus"
0915,Oslo,Helse Sør-Øst,Akershus Universitetssykehus,"Pasientreisekontoret ved Oslo universitetssykehus, Oslo og Akershus"
0950,Oslo,Helse Sør-Øst,Akershus Universitetssykehus,"Pasientreisekontoret ved Oslo universitetssykehus, Oslo og Akershus"
0951,Oslo,Helse Sør-Øst,Akershus Universitetssykehus,"Pasientreisekontoret ved Oslo universitetssykehus, Oslo og Akershus"
0952,Oslo,Helse Sør-Øst,Akershus Universitetssykehus,"Pasientreisekontoret ved Oslo universitetssykehus, Oslo og Akershus"
0953,Oslo,Helse Sør-Øst,Akershus Universitetssykehus,"Pasientreisekontoret ved Oslo universitetssykehus, Oslo og Akershus"
0954,Oslo,Helse Sør-Øst,Akershus Universitetssykehus,"Pasientreisekontoret ved Oslo universitetssykehus, Oslo og Akershus"
0955,Oslo,Helse Sør-Øst,Akershus Universitetssykehus,"Pasientreisekontoret ved Oslo universitetssykehus, Oslo og Akershus"
0956,Oslo,Helse Sør-Øst,Akershus Universitetssykehus,"Pasientreisekontoret ved Oslo universitetssykehus, Oslo og Akershus"
0957,Oslo,Helse Sør-Øst,Akershus Universitetssykehus,"Pasientreisekontoret ved Oslo universitetssykehus, Oslo og Akershus"
0958,Oslo,Helse Sør-Øst,Akershus Universitetssykehus,"Pasientreisekontoret ved Oslo universitetssykehus, Oslo og Akershus"
0959,Oslo,Helse Sør-Øst,Akershus Universitetssykehus,"Pasientreisekontoret ved Oslo universitetssykehus, Oslo og Akershus"
0960,Oslo,Helse Sør-Øst,Akershus Universitetssykehus,"Pasientreisekontoret ved Oslo universitetssykehus, Oslo og Akershus"
0962,Oslo,Helse Sør-Øst,Akershus Universitetssykehus,"Pasientreisekontoret ved Oslo universitetssykehus, Oslo og Akershus"
0963,Oslo,Helse Sør-Øst,Akershus Universitetssykehus,"Pasientreisekontoret ved Oslo universitetssykehus, Oslo og Akershus"
0964,Oslo,Helse Sør-Øst,Akershus Universitetssykehus,"Pasientreisekontoret ved Oslo universitetssykehus, Oslo og Akershus"
0968,Oslo,Helse Sør-Øst,Akershus Universitetssykehus,"Pasientreisekontoret ved Oslo universitetssykehus, Oslo og Akershus"
0969,Oslo,Helse Sør-Øst,Akershus Universitetssykehus,"Pasientreisekontoret ved Oslo universitetssykehus, Oslo og Akershus"
0970,Oslo,Helse Sør-Øst,Akershus Universitetssykehus,"Pasientreisekontoret ved Oslo universitetssykehus, Oslo og Akershus"
0971,Oslo,Helse Sør-Øst,Akershus Universitetssykehus,"Pasientreisekontoret ved Oslo universitetssykehus, Oslo og Akershus"
0972,Oslo,Helse Sør-Øst,Akershus Universitetssykehus,"Pasientreisekontoret ved Oslo universitetssykehus, Oslo og Akershus"
0973,Oslo,Helse Sør-Øst,Akershus Universitetssykehus,"Pasientreisekontoret ved Oslo universitetssykehus, Oslo og Akershus"
0975,Oslo,Helse Sør-Øst,Akershus Universitetssykehus,"Pasientreisekontoret ved Oslo universitetssykehus, Oslo og Akershus"
0976,Oslo,Helse Sør-Øst,Akershus Universitetssykehus,"Pasientreisekontoret ved Oslo universitetssykehus, Oslo og Akershus"
0977,Oslo,Helse Sør-Øst,Akershus Universitetssykehus,"Pasientreisekontoret ved Oslo universitetssykehus, Oslo og Akershus"
0978,Oslo,Helse Sør-Øst,Akershus Universitetssykehus,"Pasientreisekontoret ved Oslo universitetssykehus, Oslo og Akershus"
0979,Oslo,Helse Sør-Øst,Akershus Universitetssykehus,"Pasientreisekontoret ved Oslo universitetssykehus, Oslo og Akershus"
0980,Oslo,Helse Sør-Øst,Akershus Universitetssykehus,"Pasientreisekontoret ved Oslo universitetssykehus, Oslo og Akershus"
0981,Oslo,Helse Sør-Øst,Akershus Universitetssykehus,"Pasientreisekontoret ved Oslo universitetssykehus, Oslo og Akershus"
0982,Oslo,Helse Sør-Øst,Akershus Universitetssykehus,"Pasientreisekontoret ved Oslo universitetssykehus, Oslo og Akershus"
0983,Oslo,Helse Sør-Øst,Akershus Universitetssykehus,"Pasientreisekontoret ved Oslo universitetssykehus, Oslo og Akershus"
0984,Oslo,Helse Sør-Øst,Akershus Universitetssykehus,"Pasientreisekontoret ved Oslo universitetssykehus, Oslo og Akershus"
0985,Oslo,Helse Sør-Øst,Akershus Universitetssykehus,"Pasientreisekontoret ved Oslo universitetssykehus, Oslo og Akershus"
0986,Oslo,Helse Sør-Øst,Akershus Universitetssykehus,"Pasientreisekontoret ved Oslo universitetssykehus, Oslo og Akershus"
0987,Oslo,Helse Sør-Øst,Akershus Universitetssykehus,"Pasientreisekontoret ved Oslo universitetssykehus, Oslo og Akershus"
0988,Oslo,Helse Sør-Øst,Akershus Universitetssykehus,"Pasientreisekontoret ved Oslo universitetssykehus, Oslo og Akershus"
1001,Oslo,Helse Sør-Øst,Akershus Universitetssykehus,"Pasientreisekontoret ved Oslo universitetssykehus, Oslo og Akershus"
1003,Oslo,Helse Sør-Øst,Akershus Universitetssykehus,"Pasientreisekontoret ved Oslo universitetssykehus, Oslo og Akershus"
1005,Oslo,Helse Sør-Øst,Akershus Universitetssykehus,"Pasientreisekontoret ved Oslo universitetssykehus, Oslo og Akershus"
1006,Oslo,Helse Sør-Øst,Akershus Universitetssykehus,"Pasientreisekontoret ved Oslo universitetssykehus, Oslo og Akershus"
1007,Oslo,Helse Sør-Øst,Akershus Universitetssykehus,"Pasientreisekontoret ved Oslo universitetssykehus, Oslo og Akershus"
1008,Oslo,Helse Sør-Øst,Akershus Universitetssykehus,"Pasientreisekontoret ved Oslo universitetssykehus, Oslo og Akershus"
1009,Oslo,Helse Sør-Øst,Akershus Universitetssykehus,"Pasientreisekontoret ved Oslo universitetssykehus, Oslo og Akershus"
1011,Oslo,Helse Sør-Øst,Akershus Universitetssykehus,"Pasientreisekontoret ved Oslo universitetssykehus, Oslo og Akershus"
1051,Oslo,Helse Sør-Øst,Akershus Universitetssykehus,"Pasientreisekontoret ved Oslo universitetssykehus, Oslo og Akershus"
1052,Oslo,Helse Sør-Øst,Akershus Universitetssykehus,"Pasientreisekontoret ved Oslo universitetssykehus, Oslo og Akershus"
1053,Oslo,Helse Sør-Øst,Akershus Universitetssykehus,"Pasientreisekontoret ved Oslo universitetssykehus, Oslo og Akershus"
1054,Oslo,Helse Sør-Øst,Akershus Universitetssykehus,"Pasientreisekontoret ved Oslo universitetssykehus, Oslo og Akershus"
1055,Oslo,Helse Sør-Øst,Akershus Universitetssykehus,"Pasientreisekontoret ved Oslo universitetssykehus, Oslo og Akershus"
1056,Oslo,Helse Sør-Øst,Akershus Universitetssykehus,"Pasientreisekontoret ved Oslo universitetssykehus, Oslo og Akershus"
1061,Oslo,Helse Sør-Øst,Akershus Universitetssykehus,"Pasientreisekontoret ved Oslo universitetssykehus, Oslo og Akershus"
1062,Oslo,Helse Sør-Øst,Akershus Universitetssykehus,"Pasientreisekontoret ved Oslo universitetssykehus, Oslo og Akershus"
1063,Oslo,Helse Sør-Øst,Akershus Universitetssykehus,"Pasientreisekontoret ved Oslo universitetssykehus, Oslo og Akershus"
1064,Oslo,Helse Sør-Øst,Akershus Universitetssykehus,"Pasientreisekontoret ved Oslo universitetssykehus, Oslo og Akershus"
1065,Oslo,Helse Sør-Øst,Akershus Universitetssykehus,"Pasientreisekontoret ved Oslo universitetssykehus, Oslo og Akershus"
1067,Oslo,Helse Sør-Øst,Akershus Universitetssykehus,"Pasientreisekontoret ved Oslo universitetssykehus, Oslo og Akershus"
1068,Oslo,Helse Sør-Øst,Akershus Universitetssykehus,"Pasientreisekontoret ved Oslo universitetssykehus, Oslo og Akershus"
1069,Oslo,Helse Sør-Øst,Akershus Universitetssykehus,"Pasientreisekontoret ved Oslo universitetssykehus, Oslo og Akershus"
1071,Oslo,Helse Sør-Øst,Akershus Universitetssykehus,"Pasientreisekontoret ved Oslo universitetssykehus, Oslo og Akershus"
1081,Oslo,Helse Sør-Øst,Akershus Universitetssykehus,"Pasientreisekontoret ved Oslo universitetssykehus, Oslo og Akershus"
1083,Oslo,Helse Sør-Øst,Akershus Universitetssykehus,"Pasientreisekontoret ved Oslo universitetssykehus, Oslo og Akershus"
1084,Oslo,Helse Sør-Øst,Akershus Universitetssykehus,"Pasientreisekontoret ved Oslo universitetssykehus, Oslo og Akershus"
1086,Oslo,Helse Sør-Øst,Akershus Universitetssykehus,"Pasientreisekontoret ved Oslo universitetssykehus, Oslo og Akershus"
1087,Oslo,Helse Sør-Øst,Akershus Universitetssykehus,"Pasientreisekontoret ved Oslo universitetssykehus, Oslo og Akershus"
1088,Oslo,Helse Sør-Øst,Akershus Universitetssykehus,"Pasientreisekontoret ved Oslo universitetssykehus, Oslo og Akershus"
1089,Oslo,Helse Sør-Øst,Akershus Universitetssykehus,"Pasientreisekontoret ved Oslo universitetssykehus, Oslo og Akershus"
1101,Oslo,Helse Sør-Øst,Oslo universitetssykehus,"Pasientreisekontoret ved Oslo universitetssykehus, Oslo og Akershus"
1102,Oslo,Helse Sør-Øst,Oslo universitetssykehus,"Pasientreisekontoret ved Oslo universitetssykehus, Oslo og Akershus"
1109,Oslo,Helse Sør-Øst,Oslo universitetssykehus,"Pasientreisekontoret ved Oslo universitetssykehus, Oslo og Akershus"
1112,Oslo,Helse Sør-Øst,Oslo universitetssykehus,"Pasientreisekontoret ved Oslo universitetssykehus, Oslo og Akershus"
1150,Oslo,Helse Sør-Øst,Oslo universitetssykehus,"Pasientreisekontoret ved Oslo universitetssykehus, Oslo og Akershus"
1151,Oslo,Helse Sør-Øst,Oslo universitetssykehus,"Pasientreisekontoret ved Oslo universitetssykehus, Oslo og Akershus"
1152,Oslo,Helse Sør-Øst,Oslo universitetssykehus,"Pasientreisekontoret ved Oslo universitetssykehus, Oslo og Akershus"
1153,Oslo,Helse Sør-Øst,Oslo universitetssykehus,"Pasientreisekontoret ved Oslo universitetssykehus, Oslo og Akershus"
1154,Oslo,Helse Sør-Øst,Oslo universitetssykehus,"Pasientreisekontoret ved Oslo universitetssykehus, Oslo og Akershus"
1155,Oslo,Helse Sør-Øst,Oslo universitetssykehus,"Pasientreisekontoret ved Oslo universitetssykehus, Oslo og Akershus"
1156,Oslo,Helse Sør-Øst,Oslo universitetssykehus,"Pasientreisekontoret ved Oslo universitetssykehus, Oslo og Akershus"
1157,Oslo,Helse Sør-Øst,Oslo universitetssykehus,"Pasientreisekontoret ved Oslo universitetssykehus, Oslo og Akershus"
1158,Oslo,Helse Sør-Øst,Oslo universitetssykehus,"Pasientreisekontoret ved Oslo universitetssykehus, Oslo og Akershus"
1160,Oslo,Helse Sør-Øst,Oslo universitetssykehus,"Pasientreisekontoret ved Oslo universitetssykehus, Oslo og Akershus"
1161,Oslo,Helse Sør-Øst,Oslo universitetssykehus,"Pasientreisekontoret ved Oslo universitetssykehus, Oslo og Akershus"
1162,Oslo,Helse Sør-Øst,Oslo universitetssykehus,"Pasientreisekontoret ved Oslo universitetssykehus, Oslo og Akershus"
1163,Oslo,Helse Sør-Øst,Oslo universitetssykehus,"Pasientreisekontoret ved Oslo universitetssykehus, Oslo og Akershus"
1164,Oslo,Helse Sør-Øst,Oslo universitetssykehus,"Pasientreisekontoret ved Oslo universitetssykehus, Oslo og Akershus"
1165,Oslo,Helse Sør-Øst,Oslo universitetssykehus,"Pasientreisekontoret ved Oslo universitetssykehus, Oslo og Akershus"
1166,Oslo,Helse Sør-Øst,Oslo universitetssykehus,"Pasientreisekontoret ved Oslo universitetssykehus, Oslo og Akershus"
1167,Oslo,Helse Sør-Øst,Oslo universitetssykehus,"Pasientreisekontoret ved Oslo universitetssykehus, Oslo og Akershus"
1168,Oslo,Helse Sør-Øst,Oslo universitetssykehus,"Pasientreisekontoret ved Oslo universitetssykehus, Oslo og Akershus"
1169,Oslo,Helse Sør-Øst,Oslo universitetssykehus,"Pasientreisekontoret ved Oslo universitetssykehus, Oslo og Akershus"
1170,Oslo,Helse Sør-Øst,Oslo universitetssykehus,"Pasientreisekontoret ved Oslo universitetssykehus, Oslo og Akershus"
1172,Oslo,Helse Sør-Øst,Oslo universitetssykehus,"Pasientreisekontoret ved Oslo universitetssykehus, Oslo og Akershus"
1176,Oslo,Helse Sør-Øst,Oslo universitetssykehus,"Pasientreisekontoret ved Oslo universitetssykehus, Oslo og Akershus"
1177,Oslo,Helse Sør-Øst,Oslo universitetssykehus,"Pasientreisekontoret ved Oslo universitetssykehus, Oslo og Akershus"
1178,Oslo,Helse Sør-Øst,Oslo universitetssykehus,"Pasientreisekontoret ved Oslo universitetssykehus, Oslo og Akershus"
1179,Oslo,Helse Sør-Øst,Oslo universitetssykehus,"Pasientreisekontoret ved Oslo universitetssykehus, Oslo og Akershus"
1181,Oslo,Helse Sør-Øst,Oslo universitetssykehus,"Pasientreisekontoret ved Oslo universitetssykehus, Oslo og Akershus"
1182,Oslo,Helse Sør-Øst,Oslo universitetssykehus,"Pasientreisekontoret ved Oslo universitetssykehus, Oslo og Akershus"
1184,Oslo,Helse Sør-Øst,Oslo universitetssykehus,"Pasientreisekontoret ved Oslo universitetssykehus, Oslo og Akershus"
1185,Oslo,Helse Sør-Øst,Oslo universitetssykehus,"Pasientreisekontoret ved Oslo universitetssykehus, Oslo og Akershus"
1187,Oslo,Helse Sør-Øst,Oslo universitetssykehus,"Pasientreisekontoret ved Oslo universitetssykehus, Oslo og Akershus"
1188,Oslo,Helse Sør-Øst,Oslo universitetssykehus,"Pasientreisekontoret ved Oslo universitetssykehus, Oslo og Akershus"
1189,Oslo,Helse Sør-Øst,Oslo universitetssykehus,"Pasientreisekontoret ved Oslo universitetssykehus, Oslo og Akershus"
1201,Oslo,Helse Sør-Øst,Oslo universitetssykehus,"Pasientreisekontoret ved Oslo universitetssykehus, Oslo og Akershus"
1202,Oslo,Helse Sør-Øst,Oslo universitetssykehus,"Pasientreisekontoret ved Oslo universitetssykehus, Oslo og Akershus"
1203,Oslo,Helse Sør-Øst,Oslo universitetssykehus,"Pasientreisekontoret ved Oslo universitetssykehus, Oslo og Akershus"
1204,Oslo,Helse Sør-Øst,Oslo universitetssykehus,"Pasientreisekontoret ved Oslo universitetssykehus, Oslo og Akershus"
1205,Oslo,Helse Sør-Øst,Oslo universitetssykehus,"Pasientreisekontoret ved Oslo universitetssykehus, Oslo og Akershus"
1207,Oslo,Helse Sør-Øst,Oslo universitetssykehus,"Pasientreisekontoret ved Oslo universitetssykehus, Oslo og Akershus"
1214,Oslo,Helse Sør-Øst,Oslo universitetssykehus,"Pasientreisekontoret ved Oslo universitetssykehus, Oslo og Akershus"
1215,Oslo,Helse Sør-Øst,Oslo universitetssykehus,"Pasientreisekontoret ved Oslo universitetssykehus, Oslo og Akershus"
1250,Oslo,Helse Sør-Øst,Oslo universitetssykehus,"Pasientreisekontoret ved Oslo universitetssykehus, Oslo og Akershus"
1251,Oslo,Helse Sør-Øst,Oslo universitetssykehus,"Pasientreisekontoret ved Oslo universitetssykehus, Oslo og Akershus"
1252,Oslo,Helse Sør-Øst,Oslo universitetssykehus,"Pasientreisekontoret ved Oslo universitetssykehus, Oslo og Akershus"
1253,Oslo,Helse Sør-Øst,Oslo universitetssykehus,"Pasientreisekontoret ved Oslo universitetssykehus, Oslo og Akershus"
1254,Oslo,Helse Sør-Øst,Oslo universitetssykehus,"Pasientreisekontoret ved Oslo universitetssykehus, Oslo og Akershus"
1255,Oslo,Helse Sør-Øst,Oslo universitetssykehus,"Pasientreisekontoret ved Oslo universitetssykehus, Oslo og Akershus"
1256,Oslo,Helse Sør-Øst,Oslo universitetssykehus,"Pasientreisekontoret ved Oslo universitetssykehus, Oslo og Akershus"
1257,Oslo,Helse Sør-Øst,Oslo universitetssykehus,"Pasientreisekontoret ved Oslo universitetssykehus, Oslo og Akershus"
1258,Oslo,Helse Sør-Øst,Oslo universitetssykehus,"Pasientreisekontoret ved Oslo universitetssykehus, Oslo og Akershus"
1259,Oslo,Helse Sør-Øst,Oslo universitetssykehus,"Pasientreisekontoret ved Oslo universitetssykehus, Oslo og Akershus"
1262,Oslo,Helse Sør-Øst,Oslo universitetssykehus,"Pasientreisekontoret ved Oslo universitetssykehus, Oslo og Akershus"
1263,Oslo,Helse Sør-Øst,Oslo universitetssykehus,"Pasientreisekontoret ved Oslo universitetssykehus, Oslo og Akershus"
1266,Oslo,Helse Sør-Øst,Oslo universitetssykehus,"Pasientreisekontoret ved Oslo universitetssykehus, Oslo og Akershus"
1270,Oslo,Helse Sør-Øst,Oslo universitetssykehus,"Pasientreisekontoret ved Oslo universitetssykehus, Oslo og Akershus"
1271,Oslo,Helse Sør-Øst,Oslo universitetssykehus,"Pasientreisekontoret ved Oslo universitetssykehus, Oslo og Akershus"
1272,Oslo,Helse Sør-Øst,Oslo universitetssykehus,"Pasientreisekontoret ved Oslo universitetssykehus, Oslo og Akershus"
1273,Oslo,Helse Sør-Øst,Oslo universitetssykehus,"Pasientreisekontoret ved Oslo universitetssykehus, Oslo og Akershus"
1274,Oslo,Helse Sør-Øst,Oslo universitetssykehus,"Pasientreisekontoret ved Oslo universitetssykehus, Oslo og Akershus"
1275,Oslo,Helse Sør-Øst,Oslo universitetssykehus,"Pasientreisekontoret ved Oslo universitetssykehus, Oslo og Akershus"
1277,Oslo,Helse Sør-Øst,Oslo universitetssykehus,"Pasientreisekontoret ved Oslo universitetssykehus, Oslo og Akershus"
1278,Oslo,Helse Sør-Øst,Oslo universitetssykehus,"Pasientreisekontoret ved Oslo universitetssykehus, Oslo og Akershus"
1279,Oslo,Helse Sør-Øst,Oslo universitetssykehus,"Pasientreisekontoret ved Oslo universitetssykehus, Oslo og Akershus"
1281,Oslo,Helse Sør-Øst,Oslo universitetssykehus,"Pasientreisekontoret ved Oslo universitetssykehus, Oslo og Akershus"
1283,Oslo,Helse Sør-Øst,Oslo universitetssykehus,"Pasientreisekontoret ved Oslo universitetssykehus, Oslo og Akershus"
1284,Oslo,Helse Sør-Øst,Oslo universitetssykehus,"Pasientreisekontoret ved Oslo universitetssykehus, Oslo og Akershus"
1285,Oslo,Helse Sør-Øst,Oslo universitetssykehus,"Pasientreisekontoret ved Oslo universitetssykehus, Oslo og Akershus"
1286,Oslo,Helse Sør-Øst,Oslo universitetssykehus,"Pasientreisekontoret ved Oslo universitetssykehus, Oslo og Akershus"
1290,Oslo,Helse Sør-Øst,Oslo universitetssykehus,"Pasientreisekontoret ved Oslo universitetssykehus, Oslo og Akershus"
1291,Oslo,Helse Sør-Øst,Oslo universitetssykehus,"Pasientreisekontoret ved Oslo universitetssykehus, Oslo og Akershus"
1294,Oslo,Helse Sør-Øst,Oslo universitetssykehus,"Pasientreisekontoret ved Oslo universitetssykehus, Oslo og Akershus"
1295,Oslo,Helse Sør-Øst,Oslo universitetssykehus,"Pasientreisekontoret ved Oslo universitetssykehus, Oslo og Akershus"
1300,Akershus,Helse Sør-Øst,Asker og Bærum Sykehus,"Pasientreisekontoret ved Oslo universitetssykehus, Oslo og Akershus"
1301,Akershus,Helse Sør-Øst,Asker og Bærum Sykehus,"Pasientreisekontoret ved Oslo universitetssykehus, Oslo og Akershus"
1302,Akershus,Helse Sør-Øst,Asker og Bærum Sykehus,"Pasientreisekontoret ved Oslo universitetssykehus, Oslo og Akershus"
1303,Akershus,Helse Sør-Øst,Asker og Bærum Sykehus,"Pasientreisekontoret ved Oslo universitetssykehus, Oslo og Akershus"
1304,Akershus,Helse Sør-Øst,Asker og Bærum Sykehus,"Pasientreisekontoret ved Oslo universitetssykehus, Oslo og Akershus"
1305,Akershus,Helse Sør-Øst,Asker og Bærum Sykehus,"Pasientreisekontoret ved Oslo universitetssykehus, Oslo og Akershus"
1306,Akershus,Helse Sør-Øst,Asker og Bærum Sykehus,"Pasientreisekontoret ved Oslo universitetssykehus, Oslo og Akershus"
1309,Akershus,Helse Sør-Øst,Asker og Bærum Sykehus,"Pasientreisekontoret ved Oslo universitetssykehus, Oslo og Akershus"
1311,Akershus,Helse Sør-Øst,Asker og Bærum Sykehus,"Pasientreisekontoret ved Oslo universitetssykehus, Oslo og Akershus"
1312,Akershus,Helse Sør-Øst,Asker og Bærum Sykehus,"Pasientreisekontoret ved Oslo universitetssykehus, Oslo og Akershus"
1313,Akershus,Helse Sør-Øst,Asker og Bærum Sykehus,"Pasientreisekontoret ved Oslo universitetssykehus, Oslo og Akershus"
1314,Akershus,Helse Sør-Øst,Asker og Bærum Sykehus,"Pasientreisekontoret ved Oslo universitetssykehus, Oslo og Akershus"
1316,Akershus,Helse Sør-Øst,Asker og Bærum Sykehus,"Pasientreisekontoret ved Oslo universitetssykehus, Oslo og Akershus"
1317,Akershus,Helse Sør-Øst,Asker og Bærum Sykehus,"Pasientreisekontoret ved Oslo universitetssykehus, Oslo og Akershus"
1318,Akershus,Helse Sør-Øst,Asker og Bærum Sykehus,"Pasientreisekontoret ved Oslo universitetssykehus, Oslo og Akershus"
1319,Akershus,Helse Sør-Øst,Asker og Bærum Sykehus,"Pasientreisekontoret ved Oslo universitetssykehus, Oslo og Akershus"
1321,Akershus,Helse Sør-Øst,Asker og Bærum Sykehus,"Pasientreisekontoret ved Oslo universitetssykehus, Oslo og Akershus"
1322,Akershus,Helse Sør-Øst,Asker og Bærum Sykehus,"Pasientreisekontoret ved Oslo universitetssykehus, Oslo og Akershus"
1323,Akershus,Helse Sør-Øst,Asker og Bærum Sykehus,"Pasientreisekontoret ved Oslo universitetssykehus, Oslo og Akershus"
1324,Akershus,Helse Sør-Øst,Asker og Bærum Sykehus,"Pasientreisekontoret ved Oslo universitetssykehus, Oslo og Akershus"
1325,Akershus,Helse Sør-Øst,Asker og Bærum Sykehus,"Pasientreisekontoret ved Oslo universitetssykehus, Oslo og Akershus"
1326,Akershus,Helse Sør-Øst,Asker og Bærum Sykehus,"Pasientreisekontoret ved Oslo universitetssykehus, Oslo og Akershus"
1327,Akershus,Helse Sør-Øst,Asker og Bærum Sykehus,"Pasientreisekontoret ved Oslo universitetssykehus, Oslo og Akershus"
1328,Akershus,Helse Sør-Øst,Asker og Bærum Sykehus,"Pasientreisekontoret ved Oslo universitetssykehus, Oslo og Akershus"
1329,Akershus,Helse Sør-Øst,Asker og Bærum Sykehus,"Pasientreisekontoret ved Oslo universitetssykehus, Oslo og Akershus"
1330,Akershus,Helse Sør-Øst,Asker og Bærum Sykehus,"Pasientreisekontoret ved Oslo universitetssykehus, Oslo og Akershus"
1331,Akershus,Helse Sør-Øst,Asker og Bærum Sykehus,"Pasientreisekontoret ved Oslo universitetssykehus, Oslo og Akershus"
1332,Akershus,Helse Sør-Øst,Asker og Bærum Sykehus,"Pasientreisekontoret ved Oslo universitetssykehus, Oslo og Akershus"
1333,Akershus,Helse Sør-Øst,Asker og Bærum Sykehus,"Pasientreisekontoret ved Oslo universitetssykehus, Oslo og Akershus"
1334,Akershus,Helse Sør-Øst,Asker og Bærum Sykehus,"Pasientreisekontoret ved Oslo universitetssykehus, Oslo og Akershus"
1335,Akershus,Helse Sør-Øst,Asker og Bærum Sykehus,"Pasientreisekontoret ved Oslo universitetssykehus, Oslo og Akershus"
1336,Akershus,Helse Sør-Øst,Asker og Bærum Sykehus,"Pasientreisekontoret ved Oslo universitetssykehus, Oslo og Akershus"
1337,Akershus,Helse Sør-Øst,Asker og Bærum Sykehus,"Pasientreisekontoret ved Oslo universitetssykehus, Oslo og Akershus"
1338,Akershus,Helse Sør-Øst,Asker og Bærum Sykehus,"Pasientreisekontoret ved Oslo universitetssykehus, Oslo og Akershus"
1339,Akershus,Helse Sør-Øst,Asker og Bærum Sykehus,"Pasientreisekontoret ved Oslo universitetssykehus, Oslo og Akershus"
1340,Akershus,Helse Sør-Øst,Asker og Bærum Sykehus,"Pasientreisekontoret ved Oslo universitetssykehus, Oslo og Akershus"
1341,Akershus,Helse Sør-Øst,Asker og Bærum Sykehus,"Pasientreisekontoret ved Oslo universitetssykehus, Oslo og Akershus"
1342,Akershus,Helse Sør-Øst,Asker og Bærum Sykehus,"Pasientreisekontoret ved Oslo universitetssykehus, Oslo og Akershus"
1344,Akershus,Helse Sør-Øst,Asker og Bærum Sykehus,"Pasientreisekontoret ved Oslo universitetssykehus, Oslo og Akershus"
1346,Akershus,Helse Sør-Øst,Asker og Bærum Sykehus,"Pasientreisekontoret ved Oslo universitetssykehus, Oslo og Akershus"
1348,Akershus,Helse Sør-Øst,Asker og Bærum Sykehus,"Pasientreisekontoret ved Oslo universitetssykehus, Oslo og Akershus"
1349,Akershus,Helse Sør-Øst,Asker og Bærum Sykehus,"Pasientreisekontoret ved Oslo universitetssykehus, Oslo og Akershus"
1350,Akershus,Helse Sør-Øst,Asker og Bærum Sykehus,"Pasientreisekontoret ved Oslo universitetssykehus, Oslo og Akershus"
1351,Akershus,Helse Sør-Øst,Asker og Bærum Sykehus,"Pasientreisekontoret ved Oslo universitetssykehus, Oslo og Akershus"
1352,Akershus,Helse Sør-Øst,Asker og Bærum Sykehus,"Pasientreisekontoret ved Oslo universitetssykehus, Oslo og Akershus"
1353,Akershus,Helse Sør-Øst,Asker og Bærum Sykehus,"Pasientreisekontoret ved Oslo universitetssykehus, Oslo og Akershus"
1354,Akershus,Helse Sør-Øst,Asker og Bærum Sykehus,"Pasientreisekontoret ved Oslo universitetssykehus, Oslo og Akershus"
1356,Akershus,Helse Sør-Øst,Asker og Bærum Sykehus,"Pasientreisekontoret ved Oslo universitetssykehus, Oslo og Akershus"
1357,Akershus,Helse Sør-Øst,Asker og Bærum Sykehus,"Pasientreisekontoret ved Oslo universitetssykehus, Oslo og Akershus"
1358,Akershus,Helse Sør-Øst,Asker og Bærum Sykehus,"Pasientreisekontoret ved Oslo universitetssykehus, Oslo og Akershus"
1359,Akershus,Helse Sør-Øst,Asker og Bærum Sykehus,"Pasientreisekontoret ved Oslo universitetssykehus, Oslo og Akershus"
1360,Akershus,Helse Sør-Øst,Asker og Bærum Sykehus,"Pasientreisekontoret ved Oslo universitetssykehus, Oslo og Akershus"
1361,Akershus,Helse Sør-Øst,Asker og Bærum Sykehus,"Pasientreisekontoret ved Oslo universitetssykehus, Oslo og Akershus"
1362,Akershus,Helse Sør-Øst,Asker og Bærum Sykehus,"Pasientreisekontoret ved Oslo universitetssykehus, Oslo og Akershus"
1363,Akershus,Helse Sør-Øst,Asker og Bærum Sykehus,"Pasientreisekontoret ved Oslo universitetssykehus, Oslo og Akershus"
1364,Akershus,Helse Sør-Øst,Asker og Bærum Sykehus,"Pasientreisekontoret ved Oslo universitetssykehus, Oslo og Akershus"
1365,Akershus,Helse Sør-Øst,Asker og Bærum Sykehus,"Pasientreisekontoret ved Oslo universitetssykehus, Oslo og Akershus"
1366,Akershus,Helse Sør-Øst,Asker og Bærum Sykehus,"Pasientreisekontoret ved Oslo universitetssykehus, Oslo og Akershus"
1367,Akershus,Helse Sør-Øst,Asker og Bærum Sykehus,"Pasientreisekontoret ved Oslo universitetssykehus, Oslo og Akershus"
1368,Akershus,Helse Sør-Øst,Asker og Bærum Sykehus,"Pasientreisekontoret ved Oslo universitetssykehus, Oslo og Akershus"
1369,Akershus,Helse Sør-Øst,Asker og Bærum Sykehus,"Pasientreisekontoret ved Oslo universitetssykehus, Oslo og Akershus"
1371,Akershus,Helse Sør-Øst,Asker og Bærum Sykehus,"Pasientreisekontoret ved Oslo universitetssykehus, Oslo og Akershus"
1372,Akershus,Helse Sør-Øst,Asker og Bærum Sykehus,"Pasientreisekontoret ved Oslo universitetssykehus, Oslo og Akershus"
1373,Akershus,Helse Sør-Øst,Asker og Bærum Sykehus,"Pasientreisekontoret ved Oslo universitetssykehus, Oslo og Akershus"
1375,Akershus,Helse Sør-Øst,Asker og Bærum Sykehus,"Pasientreisekontoret ved Oslo universitetssykehus, Oslo og Akershus"
1376,Akershus,Helse Sør-Øst,Asker og Bærum Sykehus,"Pasientreisekontoret ved Oslo universitetssykehus, Oslo og Akershus"
1377,Akershus,Helse Sør-Øst,Asker og Bærum Sykehus,"Pasientreisekontoret ved Oslo universitetssykehus, Oslo og Akershus"
1378,Akershus,Helse Sør-Øst,Asker og Bærum Sykehus,"Pasientreisekontoret ved Oslo universitetssykehus, Oslo og Akershus"
1379,Akershus,Helse Sør-Øst,Asker og Bærum Sykehus,"Pasientreisekontoret ved Oslo universitetssykehus, Oslo og Akershus"
1380,Akershus,Helse Sør-Øst,Asker og Bærum Sykehus,"Pasientreisekontoret ved Oslo universitetssykehus, Oslo og Akershus"
1381,Akershus,Helse Sør-Øst,Asker og Bærum Sykehus,"Pasientreisekontoret ved Oslo universitetssykehus, Oslo og Akershus"
1383,Akershus,Helse Sør-Øst,Asker og Bærum Sykehus,"Pasientreisekontoret ved Oslo universitetssykehus, Oslo og Akershus"
1384,Akershus,Helse Sør-Øst,Asker og Bærum Sykehus,"Pasientreisekontoret ved Oslo universitetssykehus, Oslo og Akershus"
1385,Akershus,Helse Sør-Øst,Asker og Bærum Sykehus,"Pasientreisekontoret ved Oslo universitetssykehus, Oslo og Akershus"
1386,Akershus,Helse Sør-Øst,Asker og Bærum Sykehus,"Pasientreisekontoret ved Oslo universitetssykehus, Oslo og Akershus"
1387,Akershus,Helse Sør-Øst,Asker og Bærum Sykehus,"Pasientreisekontoret ved Oslo universitetssykehus, Oslo og Akershus"
1388,Akershus,Helse Sør-Øst,Asker og Bærum Sykehus,"Pasientreisekontoret ved Oslo universitetssykehus, Oslo og Akershus"
1389,Akershus,Helse Sør-Øst,Asker og Bærum Sykehus,"Pasientreisekontoret ved Oslo universitetssykehus, Oslo og Akershus"
1390,Akershus,Helse Sør-Øst,Asker og Bærum Sykehus,"Pasientreisekontoret ved Oslo universitetssykehus, Oslo og Akershus"
1391,Akershus,Helse Sør-Øst,Asker og Bærum Sykehus,"Pasientreisekontoret ved Oslo universitetssykehus, Oslo og Akershus"
1392,Akershus,Helse Sør-Øst,Asker og Bærum Sykehus,"Pasientreisekontoret ved Oslo universitetssykehus, Oslo og Akershus"
1393,Akershus,Helse Sør-Øst,Asker og Bærum Sykehus,"Pasientreisekontoret ved Oslo universitetssykehus, Oslo og Akershus"
1394,Akershus,Helse Sør-Øst,Asker og Bærum Sykehus,"Pasientreisekontoret ved Oslo universitetssykehus, Oslo og Akershus"
1395,Akershus,Helse Sør-Øst,Asker og Bærum Sykehus,"Pasientreisekontoret ved Oslo universitetssykehus, Oslo og Akershus"
1396,Akershus,Helse Sør-Øst,Asker og Bærum Sykehus,"Pasientreisekontoret ved Oslo universitetssykehus, Oslo og Akershus"
1397,Akershus,Helse Sør-Øst,Asker og Bærum Sykehus,"Pasientreisekontoret ved Oslo universitetssykehus, Oslo og Akershus"
1399,Akershus,Helse Sør-Øst,Asker og Bærum Sykehus,"Pasientreisekontoret ved Oslo universitetssykehus, Oslo og Akershus"
1400,Akershus,Helse Sør-Øst,Akershus Universitetssykehus,"Pasientreisekontoret ved Oslo universitetssykehus, Oslo og Akershus"
1401,Akershus,Helse Sør-Øst,Akershus Universitetssykehus,"Pasientreisekontoret ved Oslo universitetssykehus, Oslo og Akershus"
1402,Akershus,Helse Sør-Øst,Akershus Universitetssykehus,"Pasientreisekontoret ved Oslo universitetssykehus, Oslo og Akershus"
1403,Akershus,Helse Sør-Øst,Akershus Universitetssykehus,"Pasientreisekontoret ved Oslo universitetssykehus, Oslo og Akershus"
1404,Akershus,Helse Sør-Øst,Akershus Universitetssykehus,"Pasientreisekontoret ved Oslo universitetssykehus, Oslo og Akershus"
1405,Akershus,Helse Sør-Øst,Akershus Universitetssykehus,"Pasientreisekontoret ved Oslo universitetssykehus, Oslo og Akershus"
1406,Akershus,Helse Sør-Øst,Akershus Universitetssykehus,"Pasientreisekontoret ved Oslo universitetssykehus, Oslo og Akershus"
1407,Akershus,Helse Sør-Øst,Akershus Universitetssykehus,"Pasientreisekontoret ved Oslo universitetssykehus, Oslo og Akershus"
1408,Akershus,Helse Sør-Øst,Akershus Universitetssykehus,"Pasientreisekontoret ved Oslo universitetssykehus, Oslo og Akershus"
1409,Akershus,Helse Sør-Øst,Akershus Universitetssykehus,"Pasientreisekontoret ved Oslo universitetssykehus, Oslo og Akershus"
1410,Akershus,Helse Sør-Øst,Akershus Universitetssykehus,"Pasientreisekontoret ved Oslo universitetssykehus, Oslo og Akershus"
1411,Akershus,Helse Sør-Øst,Akershus Universitetssykehus,"Pasientreisekontoret ved Oslo universitetssykehus, Oslo og Akershus"
1412,Akershus,Helse Sør-Øst,Akershus Universitetssykehus,"Pasientreisekontoret ved Oslo universitetssykehus, Oslo og Akershus"
1413,Akershus,Helse Sør-Øst,Akershus Universitetssykehus,"Pasientreisekontoret ved Oslo universitetssykehus, Oslo og Akershus"
1414,Akershus,Helse Sør-Øst,Akershus Universitetssykehus,"Pasientreisekontoret ved Oslo universitetssykehus, Oslo og Akershus"
1415,Akershus,Helse Sør-Øst,Akershus Universitetssykehus,"Pasientreisekontoret ved Oslo universitetssykehus, Oslo og Akershus"
1416,Akershus,Helse Sør-Øst,Akershus Universitetssykehus,"Pasientreisekontoret ved Oslo universitetssykehus, Oslo og Akershus"
1417,Akershus,Helse Sør-Øst,Akershus Universitetssykehus,"Pasientreisekontoret ved Oslo universitetssykehus, Oslo og Akershus"
1419,Akershus,Helse Sør-Øst,Akershus Universitetssykehus,"Pasientreisekontoret ved Oslo universitetssykehus, Oslo og Akershus"
1420,Akershus,Helse Sør-Øst,Akershus Universitetssykehus,"Pasientreisekontoret ved Oslo universitetssykehus, Oslo og Akershus"
1421,Akershus,Helse Sør-Øst,Akershus Universitetssykehus,"Pasientreisekontoret ved Oslo universitetssykehus, Oslo og Akershus"
1429,Akershus,Helse Sør-Øst,Akershus Universitetssykehus,"Pasientreisekontoret ved Oslo universitetssykehus, Oslo og Akershus"
1430,Akershus,Helse Sør-Øst,Akershus Universitetssykehus,"Pasientreisekontoret ved Oslo universitetssykehus, Oslo og Akershus"
1431,Akershus,Helse Sør-Øst,Akershus Universitetssykehus,"Pasientreisekontoret ved Oslo universitetssykehus, Oslo og Akershus"
1432,Akershus,Helse Sør-Øst,Akershus Universitetssykehus,"Pasientreisekontoret ved Oslo universitetssykehus, Oslo og Akershus"
1440,Akershus,Helse Sør-Øst,Akershus Universitetssykehus,"Pasientreisekontoret ved Oslo universitetssykehus, Oslo og Akershus"
1441,Akershus,Helse Sør-Øst,Akershus Universitetssykehus,"Pasientreisekontoret ved Oslo universitetssykehus, Oslo og Akershus"
1442,Akershus,Helse Sør-Øst,Akershus Universitetssykehus,"Pasientreisekontoret ved Oslo universitetssykehus, Oslo og Akershus"
1443,Akershus,Helse Sør-Øst,Akershus Universitetssykehus,"Pasientreisekontoret ved Oslo universitetssykehus, Oslo og Akershus"
1444,Akershus,Helse Sør-Øst,Akershus Universitetssykehus,"Pasientreisekontoret ved Oslo universitetssykehus, Oslo og Akershus"
1445,Akershus,Helse Sør-Øst,Akershus Universitetssykehus,"Pasientreisekontoret ved Oslo universitetssykehus, Oslo og Akershus"
1446,Akershus,Helse Sør-Øst,Akershus Universitetssykehus,"Pasientreisekontoret ved Oslo universitetssykehus, Oslo og Akershus"
1447,Akershus,Helse Sør-Øst,Akershus Universitetssykehus,"Pasientreisekontoret ved Oslo universitetssykehus, Oslo og Akershus"
1448,Akershus,Helse Sør-Øst,Akershus Universitetssykehus,"Pasientreisekontoret ved Oslo universitetssykehus, Oslo og Akershus"
1449,Akershus,Helse Sør-Øst,Akershus Universitetssykehus,"Pasientreisekontoret ved Oslo universitetssykehus, Oslo og Akershus"
1450,Akershus,Helse Sør-Øst,Akershus Universitetssykehus,"Pasientreisekontoret ved Oslo universitetssykehus, Oslo og Akershus"
1451,Akershus,Helse Sør-Øst,Akershus Universitetssykehus,"Pasientreisekontoret ved Oslo universitetssykehus, Oslo og Akershus"
1453,Akershus,Helse Sør-Øst,Akershus Universitetssykehus,"Pasientreisekontoret ved Oslo universitetssykehus, Oslo og Akershus"
1454,Akershus,Helse Sør-Øst,Akershus Universitetssykehus,"Pasientreisekontoret ved Oslo universitetssykehus, Oslo og Akershus"
1455,Akershus,Helse Sør-Øst,Akershus Universitetssykehus,"Pasientreisekontoret ved Oslo universitetssykehus, Oslo og Akershus"
1457,Akershus,Helse Sør-Øst,Akershus Universitetssykehus,"Pasientreisekontoret ved Oslo universitetssykehus, Oslo og Akershus"
1458,Akershus,Helse Sør-Øst,Akershus Universitetssykehus,"Pasientreisekontoret ved Oslo universitetssykehus, Oslo og Akershus"
1459,Akershus,Helse Sør-Øst,Akershus Universitetssykehus,"Pasientreisekontoret ved Oslo universitetssykehus, Oslo og Akershus"
1468,Akershus,Helse Sør-Øst,Akershus Universitetssykehus,"Pasientreisekontoret ved Oslo universitetssykehus, Oslo og Akershus"
1469,Akershus,Helse Sør-Øst,Akershus Universitetssykehus,"Pasientreisekontoret ved Oslo universitetssykehus, Oslo og Akershus"
1470,Akershus,Helse Sør-Øst,Akershus Universitetssykehus,"Pasientreisekontoret ved Oslo universitetssykehus, Oslo og Akershus"
1471,Akershus,Helse Sør-Øst,Akershus Universitetssykehus,"Pasientreisekontoret ved Oslo universitetssykehus, Oslo og Akershus"
1472,Akershus,Helse Sør-Øst,Akershus Universitetssykehus,"Pasientreisekontoret ved Oslo universitetssykehus, Oslo og Akershus"
1473,Akershus,Helse Sør-Øst,Akershus Universitetssykehus,"Pasientreisekontoret ved Oslo universitetssykehus, Oslo og Akershus"
1474,Akershus,Helse Sør-Øst,Akershus Universitetssykehus,"Pasientreisekontoret ved Oslo universitetssykehus, Oslo og Akershus"
1475,Akershus,Helse Sør-Øst,Akershus Universitetssykehus,"Pasientreisekontoret ved Oslo universitetssykehus, Oslo og Akershus"
1476,Akershus,Helse Sør-Øst,Akershus Universitetssykehus,"Pasientreisekontoret ved Oslo universitetssykehus, Oslo og Akershus"
1477,Akershus,Helse Sør-Øst,Akershus Universitetssykehus,"Pasientreisekontoret ved Oslo universitetssykehus, Oslo og Akershus"
1478,Akershus,Helse Sør-Øst,Akershus Universitetssykehus,"Pasientreisekontoret ved Oslo universitetssykehus, Oslo og Akershus"
1479,Akershus,Helse Sør-Øst,Akershus Universitetssykehus,"Pasientreisekontoret ved Oslo universitetssykehus, Oslo og Akershus"
1480,Akershus,Helse Sør-Øst,Akershus Universitetssykehus,"Pasientreisekontoret ved Oslo universitetssykehus, Oslo og Akershus"
1481,Akershus,Helse Sør-Øst,Akershus Universitetssykehus,"Pasientreisekontoret ved Oslo universitetssykehus, Oslo og Akershus"
1482,Akershus,Helse Sør-Øst,Akershus Universitetssykehus,"Pasientreisekontoret ved Oslo universitetssykehus, Oslo og Akershus"
1483,Akershus,Helse Sør-Øst,Akershus Universitetssykehus,"Pasientreisekontoret ved Oslo universitetssykehus, Oslo og Akershus"
1484,Akershus,Helse Sør-Øst,Akershus Universitetssykehus,"Pasientreisekontoret ved Oslo universitetssykehus, Oslo og Akershus"
1485,Akershus,Helse Sør-Øst,Akershus Universitetssykehus,"Pasientreisekontoret ved Oslo universitetssykehus, Oslo og Akershus"
1486,Akershus,Helse Sør-Øst,Akershus Universitetssykehus,"Pasientreisekontoret ved Oslo universitetssykehus, Oslo og Akershus"
1487,Akershus,Helse Sør-Øst,Akershus Universitetssykehus,"Pasientreisekontoret ved Oslo universitetssykehus, Oslo og Akershus"
1488,Akershus,Helse Sør-Øst,Akershus Universitetssykehus,"Pasientreisekontoret ved Oslo universitetssykehus, Oslo og Akershus"
1502,Østfold,Helse Sør-Øst,Sykehuset Østfold,Pasientreisekontoret ved Sykehuset Østfold
1503,Østfold,Helse Sør-Øst,Sykehuset Østfold,Pasientreisekontoret ved Sykehuset Østfold
1504,Østfold,Helse Sør-Øst,Sykehuset Østfold,Pasientreisekontoret ved Sykehuset Østfold
1506,Østfold,Helse Sør-Øst,Sykehuset Østfold,Pasientreisekontoret ved Sykehuset Østfold
1508,Østfold,Helse Sør-Øst,Sykehuset Østfold,Pasientreisekontoret ved Sykehuset Østfold
1509,Østfold,Helse Sør-Øst,Sykehuset Østfold,Pasientreisekontoret ved Sykehuset Østfold
1510,Østfold,Helse Sør-Øst,Sykehuset Østfold,Pasientreisekontoret ved Sykehuset Østfold
1511,Østfold,Helse Sør-Øst,Sykehuset Østfold,Pasientreisekontoret ved Sykehuset Østfold
1512,Østfold,Helse Sør-Øst,Sykehuset Østfold,Pasientreisekontoret ved Sykehuset Østfold
1513,Østfold,Helse Sør-Øst,Sykehuset Østfold,Pasientreisekontoret ved Sykehuset Østfold
1514,Østfold,Helse Sør-Øst,Sykehuset Østfold,Pasientreisekontoret ved Sykehuset Østfold
1515,Østfold,Helse Sør-Øst,Sykehuset Østfold,Pasientreisekontoret ved Sykehuset Østfold
1516,Østfold,Helse Sør-Øst,Sykehuset Østfold,Pasientreisekontoret ved Sykehuset Østfold
1517,Østfold,Helse Sør-Øst,Sykehuset Østfold,Pasientreisekontoret ved Sykehuset Østfold
1518,Østfold,Helse Sør-Øst,Sykehuset Østfold,Pasientreisekontoret ved Sykehuset Østfold
1519,Østfold,Helse Sør-Øst,Sykehuset Østfold,Pasientreisekontoret ved Sykehuset Østfold
1520,Østfold,Helse Sør-Øst,Sykehuset Østfold,Pasientreisekontoret ved Sykehuset Østfold
1521,Østfold,Helse Sør-Øst,Sykehuset Østfold,Pasientreisekontoret ved Sykehuset Østfold
1522,Østfold,Helse Sør-Øst,Sykehuset Østfold,Pasientreisekontoret ved Sykehuset Østfold
1523,Østfold,Helse Sør-Øst,Sykehuset Østfold,Pasientreisekontoret ved Sykehuset Østfold
1524,Østfold,Helse Sør-Øst,Sykehuset Østfold,Pasientreisekontoret ved Sykehuset Østfold
1525,Østfold,Helse Sør-Øst,Sykehuset Østfold,Pasientreisekontoret ved Sykehuset Østfold
1526,Østfold,Helse Sør-Øst,Sykehuset Østfold,Pasientreisekontoret ved Sykehuset Østfold
1528,Østfold,Helse Sør-Øst,Sykehuset Østfold,Pasientreisekontoret ved Sykehuset Østfold
1529,Østfold,Helse Sør-Øst,Sykehuset Østfold,Pasientreisekontoret ved Sykehuset Østfold
1530,Østfold,Helse Sør-Øst,Sykehuset Østfold,Pasientreisekontoret ved Sykehuset Østfold
1531,Østfold,Helse Sør-Øst,Sykehuset Østfold,Pasientreisekontoret ved Sykehuset Østfold
1532,Østfold,Helse Sør-Øst,Sykehuset Østfold,Pasientreisekontoret ved Sykehuset Østfold
1533,Østfold,Helse Sør-Øst,Sykehuset Østfold,Pasientreisekontoret ved Sykehuset Østfold
1534,Østfold,Helse Sør-Øst,Sykehuset Østfold,Pasientreisekontoret ved Sykehuset Østfold
1535,Østfold,Helse Sør-Øst,Sykehuset Østfold,Pasientreisekontoret ved Sykehuset Østfold
1536,Østfold,Helse Sør-Øst,Sykehuset Østfold,Pasientreisekontoret ved Sykehuset Østfold
1537,Østfold,Helse Sør-Øst,Sykehuset Østfold,Pasientreisekontoret ved Sykehuset Østfold
1538,Østfold,Helse Sør-Øst,Sykehuset Østfold,Pasientreisekontoret ved Sykehuset Østfold
1539,Østfold,Helse Sør-Øst,Sykehuset Østfold,Pasientreisekontoret ved Sykehuset Østfold
1540,Østfold,Helse Sør-Øst,Sykehuset Østfold,Pasientreisekontoret ved Sykehuset Østfold
1541,Østfold,Helse Sør-Øst,Sykehuset Østfold,Pasientreisekontoret ved Sykehuset Østfold
1545,Østfold,Helse Sør-Øst,Sykehuset Østfold,Pasientreisekontoret ved Sykehuset Østfold
1550,Østfold,Helse Sør-Øst,Sykehuset Østfold,Pasientreisekontoret ved Sykehuset Østfold
1555,Østfold,Helse Sør-Øst,Sykehuset Østfold,Pasientreisekontoret ved Sykehuset Østfold
1556,Østfold,Helse Sør-Øst,Sykehuset Østfold,Pasientreisekontoret ved Sykehuset Østfold
1560,Østfold,Helse Sør-Øst,Sykehuset Østfold,Pasientreisekontoret ved Sykehuset Østfold
1570,Østfold,Helse Sør-Øst,Sykehuset Østfold,Pasientreisekontoret ved Sykehuset Østfold
1580,Østfold,Helse Sør-Øst,Sykehuset Østfold,Pasientreisekontoret ved Sykehuset Østfold
1581,Østfold,Helse Sør-Øst,Sykehuset Østfold,Pasientreisekontoret ved Sykehuset Østfold
1590,Østfold,Helse Sør-Øst,Sykehuset Østfold,Pasientreisekontoret ved Sykehuset Østfold
1591,Østfold,Helse Sør-Øst,Sykehuset Østfold,Pasientreisekontoret ved Sykehuset Østfold
1592,Østfold,Helse Sør-Øst,Sykehuset Østfold,Pasientreisekontoret ved Sykehuset Østfold
1593,Østfold,Helse Sør-Øst,Sykehuset Østfold,Pasientreisekontoret ved Sykehuset Østfold
1596,Østfold,Helse Sør-Øst,Sykehuset Østfold,Pasientreisekontoret ved Sykehuset Østfold
1597,Østfold,Helse Sør-Øst,Sykehuset Østfold,Pasientreisekontoret ved Sykehuset Østfold
1598,Østfold,Helse Sør-Øst,Sykehuset Østfold,Pasientreisekontoret ved Sykehuset Østfold
1599,Østfold,Helse Sør-Øst,Sykehuset Østfold,Pasientreisekontoret ved Sykehuset Østfold
1601,Østfold,Helse Sør-Øst,Sykehuset Østfold,Pasientreisekontoret ved Sykehuset Østfold
1602,Østfold,Helse Sør-Øst,Sykehuset Østfold,Pasientreisekontoret ved Sykehuset Østfold
1603,Østfold,Helse Sør-Øst,Sykehuset Østfold,Pasientreisekontoret ved Sykehuset Østfold
1604,Østfold,Helse Sør-Øst,Sykehuset Østfold,Pasientreisekontoret ved Sykehuset Østfold
1605,Østfold,Helse Sør-Øst,Sykehuset Østfold,Pasientreisekontoret ved Sykehuset Østfold
1606,Østfold,Helse Sør-Øst,Sykehuset Østfold,Pasientreisekontoret ved Sykehuset Østfold
1607,Østfold,Helse Sør-Øst,Sykehuset Østfold,Pasientreisekontoret ved Sykehuset Østfold
1608,Østfold,Helse Sør-Øst,Sykehuset Østfold,Pasientreisekontoret ved Sykehuset Østfold
1609,Østfold,Helse Sør-Øst,Sykehuset Østfold,Pasientreisekontoret ved Sykehuset Østfold
1610,Østfold,Helse Sør-Øst,Sykehuset Østfold,Pasientreisekontoret ved Sykehuset Østfold
1612,Østfold,Helse Sør-Øst,Sykehuset Østfold,Pasientreisekontoret ved Sykehuset Østfold
1613,Østfold,Helse Sør-Øst,Sykehuset Østfold,Pasientreisekontoret ved Sykehuset Østfold
1614,Østfold,Helse Sør-Øst,Sykehuset Østfold,Pasientreisekontoret ved Sykehuset Østfold
1615,Østfold,Helse Sør-Øst,Sykehuset Østfold,Pasientreisekontoret ved Sykehuset Østfold
1616,Østfold,Helse Sør-Øst,Sykehuset Østfold,Pasientreisekontoret ved Sykehuset Østfold
1617,Østfold,Helse Sør-Øst,Sykehuset Østfold,Pasientreisekontoret ved Sykehuset Østfold
1618,Østfold,Helse Sør-Øst,Sykehuset Østfold,Pasientreisekontoret ved Sykehuset Østfold
1619,Østfold,Helse Sør-Øst,Sykehuset Østfold,Pasientreisekontoret ved Sykehuset Østfold
1620,Østfold,Helse Sør-Øst,Sykehuset Østfold,Pasientreisekontoret ved Sykehuset Østfold
1621,Østfold,Helse Sør-Øst,Sykehuset Østfold,Pasientreisekontoret ved Sykehuset Østfold
1624,Østfold,Helse Sør-Øst,Sykehuset Østfold,Pasientreisekontoret ved Sykehuset Østfold
1625,Østfold,Helse Sør-Øst,Sykehuset Østfold,Pasientreisekontoret ved Sykehuset Østfold
1626,Østfold,Helse Sør-Øst,Sykehuset Østfold,Pasientreisekontoret ved Sykehuset Østfold
1628,Østfold,Helse Sør-Øst,Sykehuset Østfold,Pasientreisekontoret ved Sykehuset Østfold
1629,Østfold,Helse Sør-Øst,Sykehuset Østfold,Pasientreisekontoret ved Sykehuset Østfold
1630,Østfold,Helse Sør-Øst,Sykehuset Østfold,Pasientreisekontoret ved Sykehuset Østfold
1632,Østfold,Helse Sør-Øst,Sykehuset Østfold,Pasientreisekontoret ved Sykehuset Østfold
1633,Østfold,Helse Sør-Øst,Sykehuset Østfold,Pasientreisekontoret ved Sykehuset Østfold
1634,Østfold,Helse Sør-Øst,Sykehuset Østfold,Pasientreisekontoret ved Sykehuset Østfold
1636,Østfold,Helse Sør-Øst,Sykehuset Østfold,Pasientreisekontoret ved Sykehuset Østfold
1637,Østfold,Helse Sør-Øst,Sykehuset Østfold,Pasientreisekontoret ved Sykehuset Østfold
1638,Østfold,Helse Sør-Øst,Sykehuset Østfold,Pasientreisekontoret ved Sykehuset Østfold
1639,Østfold,Helse Sør-Øst,Sykehuset Østfold,Pasientreisekontoret ved Sykehuset Østfold
1640,Østfold,Helse Sør-Øst,Sykehuset Østfold,Pasientreisekontoret ved Sykehuset Østfold
1641,Østfold,Helse Sør-Øst,Sykehuset Østfold,Pasientreisekontoret ved Sykehuset Østfold
1642,Østfold,Helse Sør-Øst,Sykehuset Østfold,Pasientreisekontoret ved Sykehuset Østfold
1650,Østfold,Helse Sør-Øst,Sykehuset Østfold,Pasientreisekontoret ved Sykehuset Østfold
1651,Østfold,Helse Sør-Øst,Sykehuset Østfold,Pasientreisekontoret ved Sykehuset Østfold
1653,Østfold,Helse Sør-Øst,Sykehuset Østfold,Pasientreisekontoret ved Sykehuset Østfold
1654,Østfold,Helse Sør-Øst,Sykehuset Østfold,Pasientreisekontoret ved Sykehuset Østfold
1655,Østfold,Helse Sør-Øst,Sykehuset Østfold,Pasientreisekontoret ved Sykehuset Østfold
1657,Østfold,Helse Sør-Øst,Sykehuset Østfold,Pasientreisekontoret ved Sykehuset Østfold
1658,Østfold,Helse Sør-Øst,Sykehuset Østfold,Pasientreisekontoret ved Sykehuset Østfold
1659,Østfold,Helse Sør-Øst,Sykehuset Østfold,Pasientreisekontoret ved Sykehuset Østfold
1661,Østfold,Helse Sør-Øst,Sykehuset Østfold,Pasientreisekontoret ved Sykehuset Østfold
1662,Østfold,Helse Sør-Øst,Sykehuset Østfold,Pasientreisekontoret ved Sykehuset Østfold
1663,Østfold,Helse Sør-Øst,Sykehuset Østfold,Pasientreisekontoret ved Sykehuset Østfold
1664,Østfold,Helse Sør-Øst,Sykehuset Østfold,Pasientreisekontoret ved Sykehuset Østfold
1665,Østfold,Helse Sør-Øst,Sykehuset Østfold,Pasientreisekontoret ved Sykehuset Østfold
1666,Østfold,Helse Sør-Øst,Sykehuset Østfold,Pasientreisekontoret ved Sykehuset Østfold
1667,Østfold,Helse Sør-Øst,Sykehuset Østfold,Pasientreisekontoret ved Sykehuset Østfold
1670,Østfold,Helse Sør-Øst,Sykehuset Østfold,Pasientreisekontoret ved Sykehuset Østfold
1671,Østfold,Helse Sør-Øst,Sykehuset Østfold,Pasientreisekontoret ved Sykehuset Østfold
1672,Østfold,Helse Sør-Øst,Sykehuset Østfold,Pasientreisekontoret ved Sykehuset Østfold
1673,Østfold,Helse Sør-Øst,Sykehuset Østfold,Pasientreisekontoret ved Sykehuset Østfold
1675,Østfold,Helse Sør-Øst,Sykehuset Østfold,Pasientreisekontoret ved Sykehuset Østfold
1676,Østfold,Helse Sør-Øst,Sykehuset Østfold,Pasientreisekontoret ved Sykehuset Østfold
1678,Østfold,Helse Sør-Øst,Sykehuset Østfold,Pasientreisekontoret ved Sykehuset Østfold
1679,Østfold,Helse Sør-Øst,Sykehuset Østfold,Pasientreisekontoret ved Sykehuset Østfold
1680,Østfold,Helse Sør-Øst,Sykehuset Østfold,Pasientreisekontoret ved Sykehuset Østfold
1682,Østfold,Helse Sør-Øst,Sykehuset Østfold,Pasientreisekontoret ved Sykehuset Østfold
1683,Østfold,Helse Sør-Øst,Sykehuset Østfold,Pasientreisekontoret ved Sykehuset Østfold
1684,Østfold,Helse Sør-Øst,Sykehuset Østfold,Pasientreisekontoret ved Sykehuset Østfold
1690,Østfold,Helse Sør-Øst,Sykehuset Østfold,Pasientreisekontoret ved Sykehuset Østfold
1692,Østfold,Helse Sør-Øst,Sykehuset Østfold,Pasientreisekontoret ved Sykehuset Østfold
1701,Østfold,Helse Sør-Øst,Sykehuset Østfold,Pasientreisekontoret ved Sykehuset Østfold
1702,Østfold,Helse Sør-Øst,Sykehuset Østfold,Pasientreisekontoret ved Sykehuset Østfold
1703,Østfold,Helse Sør-Øst,Sykehuset Østfold,Pasientreisekontoret ved Sykehuset Østfold
1704,Østfold,Helse Sør-Øst,Sykehuset Østfold,Pasientreisekontoret ved Sykehuset Østfold
1705,Østfold,Helse Sør-Øst,Sykehuset Østfold,Pasientreisekontoret ved Sykehuset Østfold
1706,Østfold,Helse Sør-Øst,Sykehuset Østfold,Pasientreisekontoret ved Sykehuset Østfold
1707,Østfold,Helse Sør-Øst,Sykehuset Østfold,Pasientreisekontoret ved Sykehuset Østfold
1708,Østfold,Helse Sør-Øst,Sykehuset Østfold,Pasientreisekontoret ved Sykehuset Østfold
1709,Østfold,Helse Sør-Øst,Sykehuset Østfold,Pasientreisekontoret ved Sykehuset Østfold
1710,Østfold,Helse Sør-Øst,Sykehuset Østfold,Pasientreisekontoret ved Sykehuset Østfold
1711,Østfold,Helse Sør-Øst,Sykehuset Østfold,Pasientreisekontoret ved Sykehuset Østfold
1712,Østfold,Helse Sør-Øst,Sykehuset Østfold,Pasientreisekontoret ved Sykehuset Østfold
1713,Østfold,Helse Sør-Øst,Sykehuset Østfold,Pasientreisekontoret ved Sykehuset Østfold
1714,Østfold,Helse Sør-Øst,Sykehuset Østfold,Pasientreisekontoret ved Sykehuset Østfold
1715,Østfold,Helse Sør-Øst,Sykehuset Østfold,Pasientreisekontoret ved Sykehuset Østfold
1718,Østfold,Helse Sør-Øst,Sykehuset Østfold,Pasientreisekontoret ved Sykehuset Østfold
1719,Østfold,Helse Sør-Øst,Sykehuset Østfold,Pasientreisekontoret ved Sykehuset Østfold
1720,Østfold,Helse Sør-Øst,Sykehuset Østfold,Pasientreisekontoret ved Sykehuset Østfold
1721,Østfold,Helse Sør-Øst,Sykehuset Østfold,Pasientreisekontoret ved Sykehuset Østfold
1722,Østfold,Helse Sør-Øst,Sykehuset Østfold,Pasientreisekontoret ved Sykehuset Østfold
1723,Østfold,Helse Sør-Øst,Sykehuset Østfold,Pasientreisekontoret ved Sykehuset Østfold
1724,Østfold,Helse Sør-Øst,Sykehuset Østfold,Pasientreisekontoret ved Sykehuset Østfold
1725,Østfold,Helse Sør-Øst,Sykehuset Østfold,Pasientreisekontoret ved Sykehuset Østfold
1726,Østfold,Helse Sør-Øst,Sykehuset Østfold,Pasientreisekontoret ved Sykehuset Østfold
1727,Østfold,Helse Sør-Øst,Sykehuset Østfold,Pasientreisekontoret ved Sykehuset Østfold
1730,Østfold,Helse Sør-Øst,Sykehuset Østfold,Pasientreisekontoret ved Sykehuset Østfold
1733,Østfold,Helse Sør-Øst,Sykehuset Østfold,Pasientreisekontoret ved Sykehuset Østfold
1734,Østfold,Helse Sør-Øst,Sykehuset Østfold,Pasientreisekontoret ved Sykehuset Østfold
1735,Østfold,Helse Sør-Øst,Sykehuset Østfold,Pasientreisekontoret ved Sykehuset Østfold
1738,Østfold,Helse Sør-Øst,Sykehuset Østfold,Pasientreisekontoret ved Sykehuset Østfold
1739,Østfold,Helse Sør-Øst,Sykehuset Østfold,Pasientreisekontoret ved Sykehuset Østfold
1740,Østfold,Helse Sør-Øst,Sykehuset Østfold,Pasientreisekontoret ved Sykehuset Østfold
1742,Østfold,Helse Sør-Øst,Sykehuset Østfold,Pasientreisekontoret ved Sykehuset Østfold
1743,Østfold,Helse Sør-Øst,Sykehuset Østfold,Pasientreisekontoret ved Sykehuset Østfold
1745,Østfold,Helse Sør-Øst,Sykehuset Østfold,Pasientreisekontoret ved Sykehuset Østfold
1746,Østfold,Helse Sør-Øst,Sykehuset Østfold,Pasientreisekontoret ved Sykehuset Østfold
1747,Østfold,Helse Sør-Øst,Sykehuset Østfold,Pasientreisekontoret ved Sykehuset Østfold
1751,Østfold,Helse Sør-Øst,Sykehuset Østfold,Pasientreisekontoret ved Sykehuset Østfold
1752,Østfold,Helse Sør-Øst,Sykehuset Østfold,Pasientreisekontoret ved Sykehuset Østfold
1753,Østfold,Helse Sør-Øst,Sykehuset Østfold,Pasientreisekontoret ved Sykehuset Østfold
1754,Østfold,Helse Sør-Øst,Sykehuset Østfold,Pasientreisekontoret ved Sykehuset Østfold
1756,Østfold,Helse Sør-Øst,Sykehuset Østfold,Pasientreisekontoret ved Sykehuset Østfold
1757,Østfold,Helse Sør-Øst,Sykehuset Østfold,Pasientreisekontoret ved Sykehuset Østfold
1758,Østfold,Helse Sør-Øst,Sykehuset Østfold,Pasientreisekontoret ved Sykehuset Østfold
1759,Østfold,Helse Sør-Øst,Sykehuset Østfold,Pasientreisekontoret ved Sykehuset Østfold
1760,Østfold,Helse Sør-Øst,Sykehuset Østfold,Pasientreisekontoret ved Sykehuset Østfold
1761,Østfold,Helse Sør-Øst,Sykehuset Østfold,Pasientreisekontoret ved Sykehuset Østfold
1763,Østfold,Helse Sør-Øst,Sykehuset Østfold,Pasientreisekontoret ved Sykehuset Østfold
1764,Østfold,Helse Sør-Øst,Sykehuset Østfold,Pasientreisekontoret ved Sykehuset Østfold
1765,Østfold,Helse Sør-Øst,Sykehuset Østfold,Pasientreisekontoret ved Sykehuset Østfold
1766,Østfold,Helse Sør-Øst,Sykehuset Østfold,Pasientreisekontoret ved Sykehuset Østfold
1767,Østfold,Helse Sør-Øst,Sykehuset Østfold,Pasientreisekontoret ved Sykehuset Østfold
1768,Østfold,Helse Sør-Øst,Sykehuset Østfold,Pasientreisekontoret ved Sykehuset Østfold
1769,Østfold,Helse Sør-Øst,Sykehuset Østfold,Pasientreisekontoret ved Sykehuset Østfold
1771,Østfold,Helse Sør-Øst,Sykehuset Østfold,Pasientreisekontoret ved Sykehuset Østfold
1772,Østfold,Helse Sør-Øst,Sykehuset Østfold,Pasientreisekontoret ved Sykehuset Østfold
1776,Østfold,Helse Sør-Øst,Sykehuset Østfold,Pasientreisekontoret ved Sykehuset Østfold
1777,Østfold,Helse Sør-Øst,Sykehuset Østfold,Pasientreisekontoret ved Sykehuset Østfold
1778,Østfold,Helse Sør-Øst,Sykehuset Østfold,Pasientreisekontoret ved Sykehuset Østfold
1779,Østfold,Helse Sør-Øst,Sykehuset Østfold,Pasientreisekontoret ved Sykehuset Østfold
1781,Østfold,Helse Sør-Øst,Sykehuset Østfold,Pasientreisekontoret ved Sykehuset Østfold
1782,Østfold,Helse Sør-Øst,Sykehuset Østfold,Pasientreisekontoret ved Sykehuset Østfold
1783,Østfold,Helse Sør-Øst,Sykehuset Østfold,Pasientreisekontoret ved Sykehuset Østfold
1784,Østfold,Helse Sør-Øst,Sykehuset Østfold,Pasientreisekontoret ved Sykehuset Østfold
1785,Østfold,Helse Sør-Øst,Sykehuset Østfold,Pasientreisekontoret ved Sykehuset Østfold
1786,Østfold,Helse Sør-Øst,Sykehuset Østfold,Pasientreisekontoret ved Sykehuset Østfold
1787,Østfold,Helse Sør-Øst,Sykehuset Østfold,Pasientreisekontoret ved Sykehuset Østfold
1788,Østfold,Helse Sør-Øst,Sykehuset Østfold,Pasientreisekontoret ved Sykehuset Østfold
1789,Østfold,Helse Sør-Øst,Sykehuset Østfold,Pasientreisekontoret ved Sykehuset Østfold
1790,Østfold,Helse Sør-Øst,Sykehuset Østfold,Pasientreisekontoret ved Sykehuset Østfold
1791,Østfold,Helse Sør-Øst,Sykehuset Østfold,Pasientreisekontoret ved Sykehuset Østfold
1792,Østfold,Helse Sør-Øst,Sykehuset Østfold,Pasientreisekontoret ved Sykehuset Østfold
1793,Østfold,Helse Sør-Øst,Sykehuset Østfold,Pasientreisekontoret ved Sykehuset Østfold
1794,Østfold,Helse Sør-Øst,Sykehuset Østfold,Pasientreisekontoret ved Sykehuset Østfold
1796,Østfold,Helse Sør-Øst,Sykehuset Østfold,Pasientreisekontoret ved Sykehuset Østfold
1798,Østfold,Helse Sør-Øst,Sykehuset Østfold,Pasientreisekontoret ved Sykehuset Østfold
1799,Østfold,Helse Sør-Øst,Sykehuset Østfold,Pasientreisekontoret ved Sykehuset Østfold
1801,Østfold,Helse Sør-Øst,Sykehuset Østfold,Pasientreisekontoret ved Sykehuset Østfold
1802,Østfold,Helse Sør-Øst,Sykehuset Østfold,Pasientreisekontoret ved Sykehuset Østfold
1803,Østfold,Helse Sør-Øst,Sykehuset Østfold,Pasientreisekontoret ved Sykehuset Østfold
1804,Østfold,Helse Sør-Øst,Sykehuset Østfold,Pasientreisekontoret ved Sykehuset Østfold
1805,Østfold,Helse Sør-Øst,Sykehuset Østfold,Pasientreisekontoret ved Sykehuset Østfold
1806,Østfold,Helse Sør-Øst,Sykehuset Østfold,Pasientreisekontoret ved Sykehuset Østfold
1807,Østfold,Helse Sør-Øst,Sykehuset Østfold,Pasientreisekontoret ved Sykehuset Østfold
1808,Østfold,Helse Sør-Øst,Sykehuset Østfold,Pasientreisekontoret ved Sykehuset Østfold
1809,Østfold,Helse Sør-Øst,Sykehuset Østfold,Pasientreisekontoret ved Sykehuset Østfold
1811,Østfold,Helse Sør-Øst,Sykehuset Østfold,Pasientreisekontoret ved Sykehuset Østfold
1812,Østfold,Helse Sør-Øst,Sykehuset Østfold,Pasientreisekontoret ved Sykehuset Østfold
1813,Østfold,Helse Sør-Øst,Sykehuset Østfold,Pasientreisekontoret ved Sykehuset Østfold
1814,Østfold,Helse Sør-Øst,Sykehuset Østfold,Pasientreisekontoret ved Sykehuset Østfold
1815,Østfold,Helse Sør-Øst,Sykehuset Østfold,Pasientreisekontoret ved Sykehuset Østfold
1816,Østfold,Helse Sør-Øst,Sykehuset Østfold,Pasientreisekontoret ved Sykehuset Østfold
1820,Østfold,Helse Sør-Øst,Sykehuset Østfold,Pasientreisekontoret ved Sykehuset Østfold
1823,Østfold,Helse Sør-Øst,Sykehuset Østfold,Pasientreisekontoret ved Sykehuset Østfold
1825,Østfold,Helse Sør-Øst,Sykehuset Østfold,Pasientreisekontoret ved Sykehuset Østfold
1827,Østfold,Helse Sør-Øst,Sykehuset Østfold,Pasientreisekontoret ved Sykehuset Østfold
1830,Østfold,Helse Sør-Øst,Sykehuset Østfold,Pasientreisekontoret ved Sykehuset Østfold
1831,Østfold,Helse Sør-Øst,Sykehuset Østfold,Pasientreisekontoret ved Sykehuset Østfold
1832,Østfold,Helse Sør-Øst,Sykehuset Østfold,Pasientreisekontoret ved Sykehuset Østfold
1833,Østfold,Helse Sør-Øst,Sykehuset Østfold,Pasientreisekontoret ved Sykehuset Østfold
1850,Østfold,Helse Sør-Øst,Sykehuset Østfold,Pasientreisekontoret ved Sykehuset Østfold
1851,Østfold,Helse Sør-Øst,Sykehuset Østfold,Pasientreisekontoret ved Sykehuset Østfold
1859,Østfold,Helse Sør-Øst,Sykehuset Østfold,Pasientreisekontoret ved Sykehuset Østfold
1860,Østfold,Helse Sør-Øst,Sykehuset Østfold,Pasientreisekontoret ved Sykehuset Østfold
1861,Østfold,Helse Sør-Øst,Sykehuset Østfold,Pasientreisekontoret ved Sykehuset Østfold
1866,Østfold,Helse Sør-Øst,Sykehuset Østfold,Pasientreisekontoret ved Sykehuset Østfold
1867,Østfold,Helse Sør-Øst,Sykehuset Østfold,Pasientreisekontoret ved Sykehuset Østfold
1870,Østfold,Helse Sør-Øst,Sykehuset Østfold,Pasientreisekontoret ved Sykehuset Østfold
1871,Østfold,Helse Sør-Øst,Sykehuset Østfold,Pasientreisekontoret ved Sykehuset Østfold
1875,Østfold,Helse Sør-Øst,Sykehuset Østfold,Pasientreisekontoret ved Sykehuset Østfold
1878,Østfold,Helse Sør-Øst,Sykehuset Østfold,Pasientreisekontoret ved Sykehuset Østfold
1880,Østfold,Helse Sør-Øst,Sykehuset Østfold,Pasientreisekontoret ved Sykehuset Østfold
1890,Østfold,Helse Sør-Øst,Sykehuset Østfold,Pasientreisekontoret ved Sykehuset Østfold
1891,Østfold,Helse Sør-Øst,Sykehuset Østfold,Pasientreisekontoret ved Sykehuset Østfold
1892,Østfold,Helse Sør-Øst,Sykehuset Østfold,Pasientreisekontoret ved Sykehuset Østfold
1893,Østfold,Helse Sør-Øst,Sykehuset Østfold,Pasientreisekontoret ved Sykehuset Østfold
1900,Akershus,Helse Sør-Øst,Akershus Universitetssykehus,Pasientreisekontoret i Oslo og Akershus
1901,Akershus,Helse Sør-Øst,Akershus Universitetssykehus,Pasientreisekontoret i Oslo og Akershus
1903,Akershus,Helse Sør-Øst,Akershus Universitetssykehus,Pasientreisekontoret i Oslo og Akershus
1910,Akershus,Helse Sør-Øst,Akershus Universitetssykehus,Pasientreisekontoret i Oslo og Akershus
1911,Akershus,Helse Sør-Øst,Akershus Universitetssykehus,Pasientreisekontoret i Oslo og Akershus
1912,Akershus,Helse Sør-Øst,Akershus Universitetssykehus,Pasientreisekontoret i Oslo og Akershus
1914,Akershus,Helse Sør-Øst,Akershus Universitetssykehus,Pasientreisekontoret i Oslo og Akershus
1916,Akershus,Helse Sør-Øst,Akershus Universitetssykehus,Pasientreisekontoret i Oslo og Akershus
1917,Akershus,Helse Sør-Øst,Akershus Universitetssykehus,Pasientreisekontoret i Oslo og Akershus
1920,Akershus,Helse Sør-Øst,Akershus Universitetssykehus,Pasientreisekontoret i Oslo og Akershus
1921,Akershus,Helse Sør-Øst,Akershus Universitetssykehus,Pasientreisekontoret i Oslo og Akershus
1923,Akershus,Helse Sør-Øst,Akershus Universitetssykehus,Pasientreisekontoret i Oslo og Akershus
1925,Akershus,Helse Sør-Øst,Akershus Universitetssykehus,Pasientreisekontoret i Oslo og Akershus
1927,Akershus,Helse Sør-Øst,Akershus Universitetssykehus,Pasientreisekontoret i Oslo og Akershus
1929,Akershus,Helse Sør-Øst,Akershus Universitetssykehus,Pasientreisekontoret i Oslo og Akershus
1930,Akershus,Helse Sør-Øst,Akershus Universitetssykehus,Pasientreisekontoret i Oslo og Akershus
1931,Akershus,Helse Sør-Øst,Akershus Universitetssykehus,Pasientreisekontoret i Oslo og Akershus
1940,Akershus,Helse Sør-Øst,Akershus Universitetssykehus,Pasientreisekontoret i Oslo og Akershus
1941,Akershus,Helse Sør-Øst,Akershus Universitetssykehus,Pasientreisekontoret i Oslo og Akershus
1950,Østfold,Helse Sør-Øst,Sykehuset Østfold,Pasientreisekontoret ved Sykehuset Østfold
1954,Akershus,Helse Sør-Øst,Akershus Universitetssykehus,Pasientreisekontoret i Oslo og Akershus
1960,Akershus,Helse Sør-Øst,Akershus Universitetssykehus,Pasientreisekontoret i Oslo og Akershus
1961,Akershus,Helse Sør-Øst,Akershus Universitetssykehus,Pasientreisekontoret i Oslo og Akershus
1963,Akershus,Helse Sør-Øst,Akershus Universitetssykehus,Pasientreisekontoret i Oslo og Akershus
1970,Akershus,Helse Sør-Øst,Akershus Universitetssykehus,Pasientreisekontoret i Oslo og Akershus
2000,Akershus,Helse Sør-Øst,Akershus Universitetssykehus,Pasientreisekontoret i Oslo og Akershus
2001,Akershus,Helse Sør-Øst,Akershus Universitetssykehus,Pasientreisekontoret i Oslo og Akershus
2003,Akershus,Helse Sør-Øst,Akershus Universitetssykehus,Pasientreisekontoret i Oslo og Akershus
2004,Akershus,Helse Sør-Øst,Akershus Universitetssykehus,Pasientreisekontoret i Oslo og Akershus
2005,Akershus,Helse Sør-Øst,Akershus Universitetssykehus,Pasientreisekontoret i Oslo og Akershus
2006,Akershus,Helse Sør-Øst,Akershus Universitetssykehus,Pasientreisekontoret i Oslo og Akershus
2007,Akershus,Helse Sør-Øst,Akershus Universitetssykehus,Pasientreisekontoret i Oslo og Akershus
2008,Akershus,Helse Sør-Øst,Akershus Universitetssykehus,Pasientreisekontoret i Oslo og Akershus
2009,Akershus,Helse Sør-Øst,Akershus Universitetssykehus,Pasientreisekontoret i Oslo og Akershus
2010,Akershus,Helse Sør-Øst,Akershus Universitetssykehus,Pasientreisekontoret i Oslo og Akershus
2011,Akershus,Helse Sør-Øst,Akershus Universitetssykehus,Pasientreisekontoret i Oslo og Akershus
2012,Akershus,Helse Sør-Øst,Akershus Universitetssykehus,Pasientreisekontoret i Oslo og Akershus
2013,Akershus,Helse Sør-Øst,Akershus Universitetssykehus,Pasientreisekontoret i Oslo og Akershus
2014,Akershus,Helse Sør-Øst,Akershus Universitetssykehus,Pasientreisekontoret i Oslo og Akershus
2015,Akershus,Helse Sør-Øst,Akershus Universitetssykehus,Pasientreisekontoret i Oslo og Akershus
2016,Akershus,Helse Sør-Øst,Akershus Universitetssykehus,Pasientreisekontoret i Oslo og Akershus
2017,Akershus,Helse Sør-Øst,Akershus Universitetssykehus,Pasientreisekontoret i Oslo og Akershus
2018,Akershus,Helse Sør-Øst,Akershus Universitetssykehus,Pasientreisekontoret i Oslo og Akershus
2019,Akershus,Helse Sør-Øst,Akershus Universitetssykehus,Pasientreisekontoret i Oslo og Akershus
2020,Akershus,Helse Sør-Øst,Akershus Universitetssykehus,Pasientreisekontoret i Oslo og Akershus
2021,Akershus,Helse Sør-Øst,Akershus Universitetssykehus,Pasientreisekontoret i Oslo og Akershus
2022,Akershus,Helse Sør-Øst,Akershus Universitetssykehus,Pasientreisekontoret i Oslo og Akershus
2023,Akershus,Helse Sør-Øst,Akershus Universitetssykehus,Pasientreisekontoret i Oslo og Akershus
2024,Akershus,Helse Sør-Øst,Akershus Universitetssykehus,Pasientreisekontoret i Oslo og Akershus
2025,Akershus,Helse Sør-Øst,Akershus Universitetssykehus,Pasientreisekontoret i Oslo og Akershus
2026,Akershus,Helse Sør-Øst,Akershus Universitetssykehus,Pasientreisekontoret i Oslo og Akershus
2027,Akershus,Helse Sør-Øst,Akershus Universitetssykehus,Pasientreisekontoret i Oslo og Akershus
2030,Akershus,Helse Sør-Øst,Akershus Universitetssykehus,Pasientreisekontoret i Oslo og Akershus
2031,Akershus,Helse Sør-Øst,Akershus Universitetssykehus,Pasientreisekontoret i Oslo og Akershus
2032,Akershus,Helse Sør-Øst,Akershus Universitetssykehus,Pasientreisekontoret i Oslo og Akershus
2033,Akershus,Helse Sør-Øst,Akershus Universitetssykehus,Pasientreisekontoret i Oslo og Akershus
2034,Akershus,Helse Sør-Øst,Akershus Universitetssykehus,Pasientreisekontoret i Oslo og Akershus
2035,Akershus,Helse Sør-Øst,Akershus Universitetssykehus,Pasientreisekontoret i Oslo og Akershus
2036,Akershus,Helse Sør-Øst,Akershus Universitetssykehus,Pasientreisekontoret i Oslo og Akershus
2040,Akershus,Helse Sør-Øst,Akershus Universitetssykehus,Pasientreisekontoret i Oslo og Akershus
2041,Akershus,Helse Sør-Øst,Akershus Universitetssykehus,Pasientreisekontoret i Oslo og Akershus
2050,Akershus,Helse Sør-Øst,Akershus Universitetssykehus,Pasientreisekontoret i Oslo og Akershus
2051,Akershus,Helse Sør-Øst,Akershus Universitetssykehus,Pasientreisekontoret i Oslo og Akershus
2052,Akershus,Helse Sør-Øst,Akershus Universitetssykehus,Pasientreisekontoret i Oslo og Akershus
2053,Akershus,Helse Sør-Øst,Akershus Universitetssykehus,Pasientreisekontoret i Oslo og Akershus
2054,Akershus,Helse Sør-Øst,Akershus Universitetssykehus,Pasientreisekontoret i Oslo og Akershus
2055,Akershus,Helse Sør-Øst,Akershus Universitetssykehus,Pasientreisekontoret i Oslo og Akershus
2056,Akershus,Helse Sør-Øst,Akershus Universitetssykehus,Pasientreisekontoret i Oslo og Akershus
2057,Akershus,Helse Sør-Øst,Akershus Universitetssykehus,Pasientreisekontoret i Oslo og Akershus
2058,Akershus,Helse Sør-Øst,Akershus Universitetssykehus,Pasientreisekontoret i Oslo og Akershus
2059,Akershus,Helse Sør-Øst,Akershus Universitetssykehus,Pasientreisekontoret i Oslo og Akershus
2060,Akershus,Helse Sør-Øst,Akershus Universitetssykehus,Pasientreisekontoret i Oslo og Akershus
2061,Akershus,Helse Sør-Øst,Akershus Universitetssykehus,Pasientreisekontoret i Oslo og Akershus
2065,Akershus,Helse Sør-Øst,Akershus Universitetssykehus,Pasientreisekontoret i Oslo og Akershus
2066,Akershus,Helse Sør-Øst,Akershus Universitetssykehus,Pasientreisekontoret i Oslo og Akershus
2067,Akershus,Helse Sør-Øst,Akershus Universitetssykehus,Pasientreisekontoret i Oslo og Akershus
2068,Akershus,Helse Sør-Øst,Akershus Universitetssykehus,Pasientreisekontoret i Oslo og Akershus
2069,Akershus,Helse Sør-Øst,Akershus Universitetssykehus,Pasientreisekontoret i Oslo og Akershus
2070,Akershus,Helse Sør-Øst,Akershus Universitetssykehus,Pasientreisekontoret i Oslo og Akershus
2071,Akershus,Helse Sør-Øst,Akershus Universitetssykehus,Pasientreisekontoret i Oslo og Akershus
2072,Akershus,Helse Sør-Øst,Akershus Universitetssykehus,Pasientreisekontoret i Oslo og Akershus
2073,Akershus,Helse Sør-Øst,Akershus Universitetssykehus,Pasientreisekontoret i Oslo og Akershus
2074,Akershus,Helse Sør-Øst,Akershus Universitetssykehus,Pasientreisekontoret i Oslo og Akershus
2076,Akershus,Helse Sør-Øst,Akershus Universitetssykehus,Pasientreisekontoret i Oslo og Akershus
2080,Akershus,Helse Sør-Øst,Akershus Universitetssykehus,Pasientreisekontoret i Oslo og Akershus
2081,Akershus,Helse Sør-Øst,Akershus Universitetssykehus,Pasientreisekontoret i Oslo og Akershus
2090,Akershus,Helse Sør-Øst,Akershus Universitetssykehus,Pasientreisekontoret i Oslo og Akershus
2091,Akershus,Helse Sør-Øst,Akershus Universitetssykehus,Pasientreisekontoret i Oslo og Akershus
2092,Akershus,Helse Sør-Øst,Akershus Universitetssykehus,Pasientreisekontoret i Oslo og Akershus
2093,Akershus,Helse Sør-Øst,Akershus Universitetssykehus,Pasientreisekontoret i Oslo og Akershus
2100,Hedmark,Helse Sør-Øst,Sykehuset Innlandet,Pasientreisekontoret Innlandet
2101,Hedmark,Helse Sør-Øst,Sykehuset Innlandet,Pasientreisekontoret Innlandet
2110,Hedmark,Helse Sør-Øst,Sykehuset Innlandet,Pasientreisekontoret Innlandet
2114,Hedmark,Helse Sør-Øst,Sykehuset Innlandet,Pasientreisekontoret Innlandet
2116,Hedmark,Helse Sør-Øst,Sykehuset Innlandet,Pasientreisekontoret Innlandet
2120,Hedmark,Helse Sør-Øst,Sykehuset Innlandet,Pasientreisekontoret Innlandet
2123,Hedmark,Helse Sør-Øst,Sykehuset Innlandet,Pasientreisekontoret Innlandet
2130,Hedmark,Helse Sør-Øst,Sykehuset Innlandet,Pasientreisekontoret Innlandet
2133,Hedmark,Helse Sør-Øst,Sykehuset Innlandet,Pasientreisekontoret Innlandet
2134,Hedmark,Helse Sør-Øst,Sykehuset Innlandet,Pasientreisekontoret Innlandet
2150,Akershus,Helse Sør-Øst,Sykehuset Innlandet,Pasientreisekontoret i Oslo og Akershus
2151,Akershus,Helse Sør-Øst,Sykehuset Innlandet,Pasientreisekontoret i Oslo og Akershus
2160,Akershus,Helse Sør-Øst,Sykehuset Innlandet,Pasientreisekontoret i Oslo og Akershus
2161,Akershus,Helse Sør-Øst,Akershus Universitetssykehus,Pasientreisekontoret i Oslo og Akershus
2162,Akershus,Helse Sør-Øst,Sykehuset Innlandet,Pasientreisekontoret i Oslo og Akershus
2164,Akershus,Helse Sør-Øst,Sykehuset Innlandet,Pasientreisekontoret i Oslo og Akershus
2165,Akershus,Helse Sør-Øst,Sykehuset Innlandet,Pasientreisekontoret i Oslo og Akershus
2166,Akershus,Helse Sør-Øst,Sykehuset Innlandet,Pasientreisekontoret i Oslo og Akershus
2170,Akershus,Helse Sør-Øst,Sykehuset Innlandet,Pasientreisekontoret i Oslo og Akershus
2201,Hedmark,Helse Sør-Øst,Sykehuset Innlandet,Pasientreisekontoret Innlandet
2202,Hedmark,Helse Sør-Øst,Sykehuset Innlandet,Pasientreisekontoret Innlandet
2203,Hedmark,Helse Sør-Øst,Sykehuset Innlandet,Pasientreisekontoret Innlandet
2204,Hedmark,Helse Sør-Øst,Sykehuset Innlandet,Pasientreisekontoret Innlandet
2205,Hedmark,Helse Sør-Øst,Sykehuset Innlandet,Pasientreisekontoret Innlandet
2206,Hedmark,Helse Sør-Øst,Sykehuset Innlandet,Pasientreisekontoret Innlandet
2208,Hedmark,Helse Sør-Øst,Sykehuset Innlandet,Pasientreisekontoret Innlandet
2209,Hedmark,Helse Sør-Øst,Sykehuset Innlandet,Pasientreisekontoret Innlandet
2210,Hedmark,Helse Sør-Øst,Sykehuset Innlandet,Pasientreisekontoret Innlandet
2211,Hedmark,Helse Sør-Øst,Sykehuset Innlandet,Pasientreisekontoret Innlandet
2212,Hedmark,Helse Sør-Øst,Sykehuset Innlandet,Pasientreisekontoret Innlandet
2213,Hedmark,Helse Sør-Øst,Sykehuset Innlandet,Pasientreisekontoret Innlandet
2214,Hedmark,Helse Sør-Øst,Sykehuset Innlandet,Pasientreisekontoret Innlandet
2216,Hedmark,Helse Sør-Øst,Sykehuset Innlandet,Pasientreisekontoret Innlandet
2217,Hedmark,Helse Sør-Øst,Sykehuset Innlandet,Pasientreisekontoret Innlandet
2218,Hedmark,Helse Sør-Øst,Sykehuset Innlandet,Pasientreisekontoret Innlandet
2219,Hedmark,Helse Sør-Øst,Sykehuset Innlandet,Pasientreisekontoret Innlandet
2220,Hedmark,Helse Sør-Øst,Sykehuset Innlandet,Pasientreisekontoret Innlandet
2223,Hedmark,Helse Sør-Øst,Sykehuset Innlandet,Pasientreisekontoret Innlandet
2224,Hedmark,Helse Sør-Øst,Sykehuset Innlandet,Pasientreisekontoret Innlandet
2225,Hedmark,Helse Sør-Øst,Sykehuset Innlandet,Pasientreisekontoret Innlandet
2226,Hedmark,Helse Sør-Øst,Sykehuset Innlandet,Pasientreisekontoret Innlandet
2230,Hedmark,Helse Sør-Øst,Sykehuset Innlandet,Pasientreisekontoret Innlandet
2232,Hedmark,Helse Sør-Øst,Sykehuset Innlandet,Pasientreisekontoret Innlandet
2233,Hedmark,Helse Sør-Øst,Sykehuset Innlandet,Pasientreisekontoret Innlandet
2235,Hedmark,Helse Sør-Øst,Sykehuset Innlandet,Pasientreisekontoret Innlandet
2240,Hedmark,Helse Sør-Øst,Sykehuset Innlandet,Pasientreisekontoret Innlandet
2242,Hedmark,Helse Sør-Øst,Sykehuset Innlandet,Pasientreisekontoret Innlandet
2256,Hedmark,Helse Sør-Øst,Sykehuset Innlandet,Pasientreisekontoret Innlandet
2260,Hedmark,Helse Sør-Øst,Sykehuset Innlandet,Pasientreisekontoret Innlandet
2261,Hedmark,Helse Sør-Øst,Sykehuset Innlandet,Pasientreisekontoret Innlandet
2264,Hedmark,Helse Sør-Øst,Sykehuset Innlandet,Pasientreisekontoret Innlandet
2265,Hedmark,Helse Sør-Øst,Sykehuset Innlandet,Pasientreisekontoret Innlandet
2266,Hedmark,Helse Sør-Øst,Sykehuset Innlandet,Pasientreisekontoret Innlandet
2270,Hedmark,Helse Sør-Øst,Sykehuset Innlandet,Pasientreisekontoret Innlandet
2271,Hedmark,Helse Sør-Øst,Sykehuset Innlandet,Pasientreisekontoret Innlandet
2280,Hedmark,Helse Sør-Øst,Sykehuset Innlandet,Pasientreisekontoret Innlandet
2283,Hedmark,Helse Sør-Øst,Sykehuset Innlandet,Pasientreisekontoret Innlandet
2301,Hedmark,Helse Sør-Øst,Sykehuset Innlandet,Pasientreisekontoret Innlandet
2302,Hedmark,Helse Sør-Øst,Sykehuset Innlandet,Pasientreisekontoret Innlandet
2303,Hedmark,Helse Sør-Øst,Sykehuset Innlandet,Pasientreisekontoret Innlandet
2304,Hedmark,Helse Sør-Øst,Sykehuset Innlandet,Pasientreisekontoret Innlandet
2305,Hedmark,Helse Sør-Øst,Sykehuset Innlandet,Pasientreisekontoret Innlandet
2306,Hedmark,Helse Sør-Øst,Sykehuset Innlandet,Pasientreisekontoret Innlandet
2307,Hedmark,Helse Sør-Øst,Sykehuset Innlandet,Pasientreisekontoret Innlandet
2308,Hedmark,Helse Sør-Øst,Sykehuset Innlandet,Pasientreisekontoret Innlandet
2309,Hedmark,Helse Sør-Øst,Sykehuset Innlandet,Pasientreisekontoret Innlandet
2312,Hedmark,Helse Sør-Øst,Sykehuset Innlandet,Pasientreisekontoret Innlandet
2315,Hedmark,Helse Sør-Øst,Sykehuset Innlandet,Pasientreisekontoret Innlandet
2316,Hedmark,Helse Sør-Øst,Sykehuset Innlandet,Pasientreisekontoret Innlandet
2317,Hedmark,Helse Sør-Øst,Sykehuset Innlandet,Pasientreisekontoret Innlandet
2318,Hedmark,Helse Sør-Øst,Sykehuset Innlandet,Pasientreisekontoret Innlandet
2319,Hedmark,Helse Sør-Øst,Sykehuset Innlandet,Pasientreisekontoret Innlandet
2320,Hedmark,Helse Sør-Øst,Sykehuset Innlandet,Pasientreisekontoret Innlandet
2321,Hedmark,Helse Sør-Øst,Sykehuset Innlandet,Pasientreisekontoret Innlandet
2322,Hedmark,Helse Sør-Øst,Sykehuset Innlandet,Pasientreisekontoret Innlandet
2323,Hedmark,Helse Sør-Øst,Sykehuset Innlandet,Pasientreisekontoret Innlandet
2324,Hedmark,Helse Sør-Øst,Sykehuset Innlandet,Pasientreisekontoret Innlandet
2325,Hedmark,Helse Sør-Øst,Sykehuset Innlandet,Pasientreisekontoret Innlandet
2326,Hedmark,Helse Sør-Øst,Sykehuset Innlandet,Pasientreisekontoret Innlandet
2330,Hedmark,Helse Sør-Øst,Sykehuset Innlandet,Pasientreisekontoret Innlandet
2332,Hedmark,Helse Sør-Øst,Sykehuset Innlandet,Pasientreisekontoret Innlandet
2334,Hedmark,Helse Sør-Øst,Sykehuset Innlandet,Pasientreisekontoret Innlandet
2335,Hedmark,Helse Sør-Øst,Sykehuset Innlandet,Pasientreisekontoret Innlandet
2336,Hedmark,Helse Sør-Øst,Sykehuset Innlandet,Pasientreisekontoret Innlandet
2337,Hedmark,Helse Sør-Øst,Sykehuset Innlandet,Pasientreisekontoret Innlandet
2338,Hedmark,Helse Sør-Øst,Sykehuset Innlandet,Pasientreisekontoret Innlandet
2340,Hedmark,Helse Sør-Øst,Sykehuset Innlandet,Pasientreisekontoret Innlandet
2341,Hedmark,Helse Sør-Øst,Sykehuset Innlandet,Pasientreisekontoret Innlandet
2344,Hedmark,Helse Sør-Øst,Sykehuset Innlandet,Pasientreisekontoret Innlandet
2345,Hedmark,Helse Sør-Øst,Sykehuset Innlandet,Pasientreisekontoret Innlandet
2350,Hedmark,Helse Sør-Øst,Sykehuset Innlandet,Pasientreisekontoret Innlandet
2353,Hedmark,Helse Sør-Øst,Sykehuset Innlandet,Pasientreisekontoret Innlandet
2355,Hedmark,Helse Sør-Øst,Sykehuset Innlandet,Pasientreisekontoret Innlandet
2360,Hedmark,Helse Sør-Øst,Sykehuset Innlandet,Pasientreisekontoret Innlandet
2364,Hedmark,Helse Sør-Øst,Sykehuset Innlandet,Pasientreisekontoret Innlandet
2365,Hedmark,Helse Sør-Øst,Sykehuset Innlandet,Pasientreisekontoret Innlandet
2372,Hedmark,Helse Sør-Øst,Sykehuset Innlandet,Pasientreisekontoret Innlandet
2380,Hedmark,Helse Sør-Øst,Sykehuset Innlandet,Pasientreisekontoret Innlandet
2381,Hedmark,Helse Sør-Øst,Sykehuset Innlandet,Pasientreisekontoret Innlandet
2382,Hedmark,Helse Sør-Øst,Sykehuset Innlandet,Pasientreisekontoret Innlandet
2383,Hedmark,Helse Sør-Øst,Sykehuset Innlandet,Pasientreisekontoret Innlandet
2384,Hedmark,Helse Sør-Øst,Sykehuset Innlandet,Pasientreisekontoret Innlandet
2385,Hedmark,Helse Sør-Øst,Sykehuset Innlandet,Pasientreisekontoret Innlandet
2386,Hedmark,Helse Sør-Øst,Sykehuset Innlandet,Pasientreisekontoret Innlandet
2387,Hedmark,Helse Sør-Øst,Sykehuset Innlandet,Pasientreisekontoret Innlandet
2388,Hedmark,Helse Sør-Øst,Sykehuset Innlandet,Pasientreisekontoret Innlandet
2389,Hedmark,Helse Sør-Øst,Sykehuset Innlandet,Pasientreisekontoret Innlandet
2390,Hedmark,Helse Sør-Øst,Sykehuset Innlandet,Pasientreisekontoret Innlandet
2391,Hedmark,Helse Sør-Øst,Sykehuset Innlandet,Pasientreisekontoret Innlandet
2401,Hedmark,Helse Sør-Øst,Sykehuset Innlandet,Pasientreisekontoret Innlandet
2402,Hedmark,Helse Sør-Øst,Sykehuset Innlandet,Pasientreisekontoret Innlandet
2403,Hedmark,Helse Sør-Øst,Sykehuset Innlandet,Pasientreisekontoret Innlandet
2405,Hedmark,Helse Sør-Øst,Sykehuset Innlandet,Pasientreisekontoret Innlandet
2406,Hedmark,Helse Sør-Øst,Sykehuset Innlandet,Pasientreisekontoret Innlandet
2407,Hedmark,Helse Sør-Øst,Sykehuset Innlandet,Pasientreisekontoret Innlandet
2408,Hedmark,Helse Sør-Øst,Sykehuset Innlandet,Pasientreisekontoret Innlandet
2409,Hedmark,Helse Sør-Øst,Sykehuset Innlandet,Pasientreisekontoret Innlandet
2410,Hedmark,Helse Sør-Øst,Sykehuset Innlandet,Pasientreisekontoret Innlandet
2411,Hedmark,Helse Sør-Øst,Sykehuset Innlandet,Pasientreisekontoret Innlandet
2412,Hedmark,Helse Sør-Øst,Sykehuset Innlandet,Pasientreisekontoret Innlandet
2415,Hedmark,Helse Sør-Øst,Sykehuset Innlandet,Pasientreisekontoret Innlandet
2416,Hedmark,Helse Sør-Øst,Sykehuset Innlandet,Pasientreisekontoret Innlandet
2418,Hedmark,Helse Sør-Øst,Sykehuset Innlandet,Pasientreisekontoret Innlandet
2420,Hedmark,Helse Sør-Øst,Sykehuset Innlandet,Pasientreisekontoret Innlandet
2421,Hedmark,Helse Sør-Øst,Sykehuset Innlandet,Pasientreisekontoret Innlandet
2422,Hedmark,Helse Sør-Øst,Sykehuset Innlandet,Pasientreisekontoret Innlandet
2423,Hedmark,Helse Sør-Øst,Sykehuset Innlandet,Pasientreisekontoret Innlandet
2425,Hedmark,Helse Sør-Øst,Sykehuset Innlandet,Pasientreisekontoret Innlandet
2427,Hedmark,Helse Sør-Øst,Sykehuset Innlandet,Pasientreisekontoret Innlandet
2428,Hedmark,Helse Sør-Øst,Sykehuset Innlandet,Pasientreisekontoret Innlandet
2429,Hedmark,Helse Sør-Øst,Sykehuset Innlandet,Pasientreisekontoret Innlandet
2430,Hedmark,Helse Sør-Øst,Sykehuset Innlandet,Pasientreisekontoret Innlandet
2432,Hedmark,Helse Sør-Øst,Sykehuset Innlandet,Pasientreisekontoret Innlandet
2435,Hedmark,Helse Sør-Øst,Sykehuset Innlandet,Pasientreisekontoret Innlandet
2436,Hedmark,Helse Sør-Øst,Sykehuset Innlandet,Pasientreisekontoret Innlandet
2437,Hedmark,Helse Sør-Øst,Sykehuset Innlandet,Pasientreisekontoret Innlandet
2438,Hedmark,Helse Sør-Øst,Sykehuset Innlandet,Pasientreisekontoret Innlandet
2440,Hedmark,Helse Sør-Øst,Sykehuset Innlandet,Pasientreisekontoret Innlandet
2443,Hedmark,Helse Sør-Øst,Sykehuset Innlandet,Pasientreisekontoret Innlandet
2446,Hedmark,Helse Sør-Øst,Sykehuset Innlandet,Pasientreisekontoret Innlandet
2448,Hedmark,Helse Sør-Øst,Sykehuset Innlandet,Pasientreisekontoret Innlandet
2450,Hedmark,Helse Sør-Øst,Sykehuset Innlandet,Pasientreisekontoret Innlandet
2451,Hedmark,Helse Sør-Øst,Sykehuset Innlandet,Pasientreisekontoret Innlandet
2460,Hedmark,Helse Sør-Øst,Sykehuset Innlandet,Pasientreisekontoret Innlandet
2476,Hedmark,Helse Sør-Øst,Sykehuset Innlandet,Pasientreisekontoret Innlandet
2477,Hedmark,Helse Sør-Øst,Sykehuset Innlandet,Pasientreisekontoret Innlandet
2478,Hedmark,Helse Sør-Øst,Sykehuset Innlandet,Pasientreisekontoret Innlandet
2480,Hedmark,Helse Sør-Øst,Sykehuset Innlandet,Pasientreisekontoret Innlandet
2481,Hedmark,Helse Sør-Øst,Sykehuset Innlandet,Pasientreisekontoret Innlandet
2485,Hedmark,Helse Sør-Øst,Sykehuset Innlandet,Pasientreisekontoret Innlandet
2500,Hedmark,Helse Sør-Øst,Sykehuset Innlandet,Pasientreisekontoret Innlandet
2501,Hedmark,Helse Sør-Øst,Sykehuset Innlandet,Pasientreisekontoret Innlandet
2510,Hedmark,Helse Sør-Øst,Sykehuset Innlandet,Pasientreisekontoret Innlandet
2512,Hedmark,Helse Sør-Øst,Sykehuset Innlandet,Pasientreisekontoret Innlandet
2540,Hedmark,Helse Sør-Øst,Sykehuset Innlandet,Pasientreisekontoret Innlandet
2542,Hedmark,Helse Sør-Øst,Sykehuset Innlandet,Pasientreisekontoret Innlandet
2544,Hedmark,Helse Sør-Øst,Sykehuset Innlandet,Pasientreisekontoret Innlandet
2550,Hedmark,Helse Sør-Øst,Sykehuset Innlandet,Pasientreisekontoret Innlandet
2552,Hedmark,Helse Sør-Øst,Sykehuset Innlandet,Pasientreisekontoret Innlandet
2555,Hedmark,Helse Sør-Øst,Sykehuset Innlandet,Pasientreisekontoret Innlandet
2560,Hedmark,Helse Sør-Øst,Sykehuset Innlandet,Pasientreisekontoret Innlandet
2561,Hedmark,Helse Sør-Øst,Sykehuset Innlandet,Pasientreisekontoret Innlandet
2580,Hedmark,Helse Sør-Øst,Sykehuset Innlandet,Pasientreisekontoret Innlandet
2581,Hedmark,Helse Sør-Øst,Sykehuset Innlandet,Pasientreisekontoret Innlandet
2582,Hedmark,Helse Sør-Øst,Sykehuset Innlandet,Pasientreisekontoret Innlandet
2584,Hedmark,Helse Sør-Øst,Sykehuset Innlandet,Pasientreisekontoret Innlandet
2601,Oppland,Helse Sør-Øst,Sykehuset Innlandet,Pasientreisekontoret Innlandet
2602,Oppland,Helse Sør-Øst,Sykehuset Innlandet,Pasientreisekontoret Innlandet
2603,Oppland,Helse Sør-Øst,Sykehuset Innlandet,Pasientreisekontoret Innlandet
2604,Oppland,Helse Sør-Øst,Sykehuset Innlandet,Pasientreisekontoret Innlandet
2605,Oppland,Helse Sør-Øst,Sykehuset Innlandet,Pasientreisekontoret Innlandet
2606,Oppland,Helse Sør-Øst,Sykehuset Innlandet,Pasientreisekontoret Innlandet
2607,Oppland,Helse Sør-Øst,Sykehuset Innlandet,Pasientreisekontoret Innlandet
2608,Oppland,Helse Sør-Øst,Sykehuset Innlandet,Pasientreisekontoret Innlandet
2609,Oppland,Helse Sør-Øst,Sykehuset Innlandet,Pasientreisekontoret Innlandet
2610,Oppland,Helse Sør-Øst,Sykehuset Innlandet,Pasientreisekontoret Innlandet
2611,Oppland,Helse Sør-Øst,Sykehuset Innlandet,Pasientreisekontoret Innlandet
2612,Oppland,Helse Sør-Øst,Sykehuset Innlandet,Pasientreisekontoret Innlandet
2613,Oppland,Helse Sør-Øst,Sykehuset Innlandet,Pasientreisekontoret Innlandet
2614,Oppland,Helse Sør-Øst,Sykehuset Innlandet,Pasientreisekontoret Innlandet
2615,Oppland,Helse Sør-Øst,Sykehuset Innlandet,Pasientreisekontoret Innlandet
2616,Oppland,Helse Sør-Øst,Sykehuset Innlandet,Pasientreisekontoret Innlandet
2617,Oppland,Helse Sør-Øst,Sykehuset Innlandet,Pasientreisekontoret Innlandet
2618,Oppland,Helse Sør-Øst,Sykehuset Innlandet,Pasientreisekontoret Innlandet
2619,Oppland,Helse Sør-Øst,Sykehuset Innlandet,Pasientreisekontoret Innlandet
2624,Oppland,Helse Sør-Øst,Sykehuset Innlandet,Pasientreisekontoret Innlandet
2625,Oppland,Helse Sør-Øst,Sykehuset Innlandet,Pasientreisekontoret Innlandet
2626,Oppland,Helse Sør-Øst,Sykehuset Innlandet,Pasientreisekontoret Innlandet
2629,Oppland,Helse Sør-Øst,Sykehuset Innlandet,Pasientreisekontoret Innlandet
2630,Oppland,Helse Sør-Øst,Sykehuset Innlandet,Pasientreisekontoret Innlandet
2631,Oppland,Helse Sør-Øst,Sykehuset Innlandet,Pasientreisekontoret Innlandet
2632,Oppland,Helse Sør-Øst,Sykehuset Innlandet,Pasientreisekontoret Innlandet
2633,Oppland,Helse Sør-Øst,Sykehuset Innlandet,Pasientreisekontoret Innlandet
2634,Oppland,Helse Sør-Øst,Sykehuset Innlandet,Pasientreisekontoret Innlandet
2635,Oppland,Helse Sør-Øst,Sykehuset Innlandet,Pasientreisekontoret Innlandet
2636,Oppland,Helse Sør-Øst,Sykehuset Innlandet,Pasientreisekontoret Innlandet
2637,Oppland,Helse Sør-Øst,Sykehuset Innlandet,Pasientreisekontoret Innlandet
2639,Oppland,Helse Sør-Øst,Sykehuset Innlandet,Pasientreisekontoret Innlandet
2640,Oppland,Helse Sør-Øst,Sykehuset Innlandet,Pasientreisekontoret Innlandet
2642,Oppland,Helse Sør-Øst,Sykehuset Innlandet,Pasientreisekontoret Innlandet
2643,Oppland,Helse Sør-Øst,Sykehuset Innlandet,Pasientreisekontoret Innlandet
2645,Oppland,Helse Sør-Øst,Sykehuset Innlandet,Pasientreisekontoret Innlandet
2646,Oppland,Helse Sør-Øst,Sykehuset Innlandet,Pasientreisekontoret Innlandet
2647,Oppland,Helse Sør-Øst,Sykehuset Innlandet,Pasientreisekontoret Innlandet
2648,Oppland,Helse Sør-Øst,Sykehuset Innlandet,Pasientreisekontoret Innlandet
2649,Oppland,Helse Sør-Øst,Sykehuset Innlandet,Pasientreisekontoret Innlandet
2651,Oppland,Helse Sør-Øst,Sykehuset Innlandet,Pasientreisekontoret Innlandet
2652,Oppland,Helse Sør-Øst,Sykehuset Innlandet,Pasientreisekontoret Innlandet
2653,Oppland,Helse Sør-Øst,Sykehuset Innlandet,Pasientreisekontoret Innlandet
2656,Oppland,Helse Sør-Øst,Sykehuset Innlandet,Pasientreisekontoret Innlandet
2657,Oppland,Helse Sør-Øst,Sykehuset Innlandet,Pasientreisekontoret Innlandet
2658,Oppland,Helse Sør-Øst,Sykehuset Innlandet,Pasientreisekontoret Innlandet
2659,Oppland,Helse Sør-Øst,Sykehuset Innlandet,Pasientreisekontoret Innlandet
2660,Oppland,Helse Sør-Øst,Sykehuset Innlandet,Pasientreisekontoret Innlandet
2661,Oppland,Helse Sør-Øst,Sykehuset Innlandet,Pasientreisekontoret Innlandet
2662,Oppland,Helse Sør-Øst,Sykehuset Innlandet,Pasientreisekontoret Innlandet
2663,Oppland,Helse Sør-Øst,Sykehuset Innlandet,Pasientreisekontoret Innlandet
2664,Oppland,Helse Sør-Øst,Sykehuset Innlandet,Pasientreisekontoret Innlandet
2665,Oppland,Helse Sør-Øst,Sykehuset Innlandet,Pasientreisekontoret Innlandet
2666,Oppland,Helse Sør-Øst,Sykehuset Innlandet,Pasientreisekontoret Innlandet
2667,Oppland,Helse Sør-Øst,Sykehuset Innlandet,Pasientreisekontoret Innlandet
2668,Oppland,Helse Sør-Øst,Sykehuset Innlandet,Pasientreisekontoret Innlandet
2669,Oppland,Helse Sør-Øst,Sykehuset Innlandet,Pasientreisekontoret Innlandet
2670,Oppland,Helse Sør-Øst,Sykehuset Innlandet,Pasientreisekontoret Innlandet
2672,Oppland,Helse Sør-Øst,Sykehuset Innlandet,Pasientreisekontoret Innlandet
2673,Oppland,Helse Sør-Øst,Sykehuset Innlandet,Pasientreisekontoret Innlandet
2674,Oppland,Helse Sør-Øst,Sykehuset Innlandet,Pasientreisekontoret Innlandet
2675,Oppland,Helse Sør-Øst,Sykehuset Innlandet,Pasientreisekontoret Innlandet
2676,Oppland,Helse Sør-Øst,Sykehuset Innlandet,Pasientreisekontoret Innlandet
2677,Oppland,Helse Sør-Øst,Sykehuset Innlandet,Pasientreisekontoret Innlandet
2680,Oppland,Helse Sør-Øst,Sykehuset Innlandet,Pasientreisekontoret Innlandet
2682,Oppland,Helse Sør-Øst,Sykehuset Innlandet,Pasientreisekontoret Innlandet
2683,Oppland,Helse Sør-Øst,Sykehuset Innlandet,Pasientreisekontoret Innlandet
2684,Oppland,Helse Sør-Øst,Sykehuset Innlandet,Pasientreisekontoret Innlandet
2685,Oppland,Helse Sør-Øst,Sykehuset Innlandet,Pasientreisekontoret Innlandet
2686,Oppland,Helse Sør-Øst,Sykehuset Innlandet,Pasientreisekontoret Innlandet
2687,Oppland,Helse Sør-Øst,Sykehuset Innlandet,Pasientreisekontoret Innlandet
2688,Oppland,Helse Sør-Øst,Sykehuset Innlandet,Pasientreisekontoret Innlandet
2690,Oppland,Helse Sør-Øst,Sykehuset Innlandet,Pasientreisekontoret Innlandet
2693,Oppland,Helse Sør-Øst,Sykehuset Innlandet,Pasientreisekontoret Innlandet
2694,Oppland,Helse Sør-Øst,Sykehuset Innlandet,Pasientreisekontoret Innlandet
2695,Oppland,Helse Sør-Øst,Sykehuset Innlandet,Pasientreisekontoret Innlandet
2711,Oppland,Helse Sør-Øst,Sykehuset Innlandet,Pasientreisekontoret Innlandet
2712,Oppland,Helse Sør-Øst,Sykehuset Innlandet,Pasientreisekontoret Innlandet
2713,Oppland,Helse Sør-Øst,Sykehuset Innlandet,Pasientreisekontoret Innlandet
2714,Oppland,Helse Sør-Øst,Sykehuset Innlandet,Pasientreisekontoret Innlandet
2715,Oppland,Helse Sør-Øst,Sykehuset Innlandet,Pasientreisekontoret Innlandet
2716,Oppland,Helse Sør-Øst,Sykehuset Innlandet,Pasientreisekontoret Innlandet
2717,Oppland,Helse Sør-Øst,Sykehuset Innlandet,Pasientreisekontoret Innlandet
2718,Oppland,Helse Sør-Øst,Sykehuset Innlandet,Pasientreisekontoret Innlandet
2720,Oppland,Helse Sør-Øst,Sykehuset Innlandet,Pasientreisekontoret Innlandet
2730,Oppland,Helse Sør-Øst,Sykehuset Innlandet,Pasientreisekontoret Innlandet
2740,Oppland,Helse Sør-Øst,Sykehuset Innlandet,Pasientreisekontoret Innlandet
2742,Oppland,Helse Sør-Øst,Sykehuset Innlandet,Pasientreisekontoret Innlandet
2743,Oppland,Helse Sør-Øst,Sykehuset Innlandet,Pasientreisekontoret Innlandet
2750,Oppland,Helse Sør-Øst,Sykehuset Innlandet,Pasientreisekontoret Innlandet
2760,Oppland,Helse Sør-Øst,Sykehuset Innlandet,Pasientreisekontoret Innlandet
2770,Oppland,Helse Sør-Øst,Sykehuset Innlandet,Pasientreisekontoret Innlandet
2801,Oppland,Helse Sør-Øst,Sykehuset Innlandet,Pasientreisekontoret Innlandet
2802,Oppland,Helse Sør-Øst,Sykehuset Innlandet,Pasientreisekontoret Innlandet
2803,Oppland,Helse Sør-Øst,Sykehuset Innlandet,Pasientreisekontoret Innlandet
2804,Oppland,Helse Sør-Øst,Sykehuset Innlandet,Pasientreisekontoret Innlandet
2805,Oppland,Helse Sør-Øst,Sykehuset Innlandet,Pasientreisekontoret Innlandet
2806,Oppland,Helse Sør-Øst,Sykehuset Innlandet,Pasientreisekontoret Innlandet
2807,Oppland,Helse Sør-Øst,Sykehuset Innlandet,Pasientreisekontoret Innlandet
2808,Oppland,Helse Sør-Øst,Sykehuset Innlandet,Pasientreisekontoret Innlandet
2809,Oppland,Helse Sør-Øst,Sykehuset Innlandet,Pasientreisekontoret Innlandet
2810,Oppland,Helse Sør-Øst,Sykehuset Innlandet,Pasientreisekontoret Innlandet
2811,Oppland,Helse Sør-Øst,Sykehuset Innlandet,Pasientreisekontoret Innlandet
2815,Oppland,Helse Sør-Øst,Sykehuset Innlandet,Pasientreisekontoret Innlandet
2816,Oppland,Helse Sør-Øst,Sykehuset Innlandet,Pasientreisekontoret Innlandet
2817,Oppland,Helse Sør-Øst,Sykehuset Innlandet,Pasientreisekontoret Innlandet
2818,Oppland,Helse Sør-Øst,Sykehuset Innlandet,Pasientreisekontoret Innlandet
2819,Oppland,Helse Sør-Øst,Sykehuset Innlandet,Pasientreisekontoret Innlandet
2820,Oppland,Helse Sør-Øst,Sykehuset Innlandet,Pasientreisekontoret Innlandet
2821,Oppland,Helse Sør-Øst,Sykehuset Innlandet,Pasientreisekontoret Innlandet
2822,Oppland,Helse Sør-Øst,Sykehuset Innlandet,Pasientreisekontoret Innlandet
2825,Oppland,Helse Sør-Øst,Sykehuset Innlandet,Pasientreisekontoret Innlandet
2827,Oppland,Helse Sør-Øst,Sykehuset Innlandet,Pasientreisekontoret Innlandet
2830,Oppland,Helse Sør-Øst,Sykehuset Innlandet,Pasientreisekontoret Innlandet
2831,Oppland,Helse Sør-Øst,Sykehuset Innlandet,Pasientreisekontoret Innlandet
2832,Oppland,Helse Sør-Øst,Sykehuset Innlandet,Pasientreisekontoret Innlandet
2836,Oppland,Helse Sør-Øst,Sykehuset Innlandet,Pasientreisekontoret Innlandet
2837,Oppland,Helse Sør-Øst,Sykehuset Innlandet,Pasientreisekontoret Innlandet
2838,Oppland,Helse Sør-Øst,Sykehuset Innlandet,Pasientreisekontoret Innlandet
2839,Oppland,Helse Sør-Øst,Sykehuset Innlandet,Pasientreisekontoret Innlandet
2840,Oppland,Helse Sør-Øst,Sykehuset Innlandet,Pasientreisekontoret Innlandet
2843,Oppland,Helse Sør-Øst,Sykehuset Innlandet,Pasientreisekontoret Innlandet
2846,Oppland,Helse Sør-Øst,Sykehuset Innlandet,Pasientreisekontoret Innlandet
2847,Oppland,Helse Sør-Øst,Sykehuset Innlandet,Pasientreisekontoret Innlandet
2848,Oppland,Helse Sør-Øst,Sykehuset Innlandet,Pasientreisekontoret Innlandet
2849,Oppland,Helse Sør-Øst,Sykehuset Innlandet,Pasientreisekontoret Innlandet
2850,Oppland,Helse Sør-Øst,Sykehuset Innlandet,Pasientreisekontoret Innlandet
2851,Oppland,Helse Sør-Øst,Sykehuset Innlandet,Pasientreisekontoret Innlandet
2853,Oppland,Helse Sør-Øst,Sykehuset Innlandet,Pasientreisekontoret Innlandet
2854,Oppland,Helse Sør-Øst,Sykehuset Innlandet,Pasientreisekontoret Innlandet
2857,Oppland,Helse Sør-Øst,Sykehuset Innlandet,Pasientreisekontoret Innlandet
2858,Oppland,Helse Sør-Øst,Sykehuset Innlandet,Pasientreisekontoret Innlandet
2860,Oppland,Helse Sør-Øst,Sykehuset Innlandet,Pasientreisekontoret Innlandet
2861,Oppland,Helse Sør-Øst,Sykehuset Innlandet,Pasientreisekontoret Innlandet
2862,Oppland,Helse Sør-Øst,Sykehuset Innlandet,Pasientreisekontoret Innlandet
2864,Oppland,Helse Sør-Øst,Sykehuset Innlandet,Pasientreisekontoret Innlandet
2866,Oppland,Helse Sør-Øst,Sykehuset Innlandet,Pasientreisekontoret Innlandet
2867,Oppland,Helse Sør-Øst,Sykehuset Innlandet,Pasientreisekontoret Innlandet
2870,Oppland,Helse Sør-Øst,Sykehuset Innlandet,Pasientreisekontoret Innlandet
2879,Oppland,Helse Sør-Øst,Sykehuset Innlandet,Pasientreisekontoret Innlandet
2880,Oppland,Helse Sør-Øst,Sykehuset Innlandet,Pasientreisekontoret Innlandet
2881,Oppland,Helse Sør-Øst,Sykehuset Innlandet,Pasientreisekontoret Innlandet
2882,Oppland,Helse Sør-Øst,Sykehuset Innlandet,Pasientreisekontoret Innlandet
2890,Oppland,Helse Sør-Øst,Sykehuset Innlandet,Pasientreisekontoret Innlandet
2893,Oppland,Helse Sør-Øst,Sykehuset Innlandet,Pasientreisekontoret Innlandet
2900,Oppland,Helse Sør-Øst,Sykehuset Innlandet,Pasientreisekontoret Innlandet
2901,Oppland,Helse Sør-Øst,Sykehuset Innlandet,Pasientreisekontoret Innlandet
2907,Oppland,Helse Sør-Øst,Sykehuset Innlandet,Pasientreisekontoret Innlandet
2910,Oppland,Helse Sør-Øst,Sykehuset Innlandet,Pasientreisekontoret Innlandet
2917,Oppland,Helse Sør-Øst,Sykehuset Innlandet,Pasientreisekontoret Innlandet
2918,Oppland,Helse Sør-Øst,Sykehuset Innlandet,Pasientreisekontoret Innlandet
2920,Oppland,Helse Sør-Øst,Sykehuset Innlandet,Pasientreisekontoret Innlandet
2923,Oppland,Helse Sør-Øst,Sykehuset Innlandet,Pasientreisekontoret Innlandet
2929,Oppland,Helse Sør-Øst,Sykehuset Innlandet,Pasientreisekontoret Innlandet
2930,Oppland,Helse Sør-Øst,Sykehuset Innlandet,Pasientreisekontoret Innlandet
2933,Oppland,Helse Sør-Øst,Sykehuset Innlandet,Pasientreisekontoret Innlandet
2936,Oppland,Helse Sør-Øst,Sykehuset Innlandet,Pasientreisekontoret Innlandet
2937,Oppland,Helse Sør-Øst,Sykehuset Innlandet,Pasientreisekontoret Innlandet
2939,Oppland,Helse Sør-Øst,Sykehuset Innlandet,Pasientreisekontoret Innlandet
2940,Oppland,Helse Sør-Øst,Sykehuset Innlandet,Pasientreisekontoret Innlandet
2943,Oppland,Helse Sør-Øst,Sykehuset Innlandet,Pasientreisekontoret Innlandet
2950,Oppland,Helse Sør-Øst,Sykehuset Innlandet,Pasientreisekontoret Innlandet
2952,Oppland,Helse Sør-Øst,Sykehuset Innlandet,Pasientreisekontoret Innlandet
2953,Oppland,Helse Sør-Øst,Sykehuset Innlandet,Pasientreisekontoret Innlandet
2954,Hedmark,Helse Sør-Øst,Sykehuset Innlandet,Pasientreisekontoret Innlandet
2959,Oppland,Helse Sør-Øst,Sykehuset Innlandet,Pasientreisekontoret Innlandet
2960,Oppland,Helse Sør-Øst,Sykehuset Innlandet,Pasientreisekontoret Innlandet
2966,Oppland,Helse Sør-Øst,Sykehuset Innlandet,Pasientreisekontoret Innlandet
2967,Oppland,Helse Sør-Øst,Sykehuset Innlandet,Pasientreisekontoret Innlandet
2973,Oppland,Helse Sør-Øst,Sykehuset Innlandet,Pasientreisekontoret Innlandet
2974,Oppland,Helse Sør-Øst,Sykehuset Innlandet,Pasientreisekontoret Innlandet
2975,Oppland,Helse Sør-Øst,Sykehuset Innlandet,Pasientreisekontoret Innlandet
2977,Oppland,Helse Sør-Øst,Sykehuset Innlandet,Pasientreisekontoret Innlandet
2985,Oppland,Helse Sør-Øst,Sykehuset Innlandet,Pasientreisekontoret Innlandet
3001,Buskerud,Helse Sør-Øst,Sykehuset Buskerud,Pasientreisekontoret i Buskerud
3002,Buskerud,Helse Sør-Øst,Sykehuset Buskerud,Pasientreisekontoret i Buskerud
3003,Buskerud,Helse Sør-Øst,Sykehuset Buskerud,Pasientreisekontoret i Buskerud
3004,Buskerud,Helse Sør-Øst,Sykehuset Buskerud,Pasientreisekontoret i Buskerud
3005,Buskerud,Helse Sør-Øst,Sykehuset Buskerud,Pasientreisekontoret i Buskerud
3006,Buskerud,Helse Sør-Øst,Sykehuset Buskerud,Pasientreisekontoret i Buskerud
3007,Buskerud,Helse Sør-Øst,Sykehuset Buskerud,Pasientreisekontoret i Buskerud
3008,Buskerud,Helse Sør-Øst,Sykehuset Buskerud,Pasientreisekontoret i Buskerud
3009,Buskerud,Helse Sør-Øst,Sykehuset Buskerud,Pasientreisekontoret i Buskerud
3011,Buskerud,Helse Sør-Øst,Sykehuset Buskerud,Pasientreisekontoret i Buskerud
3012,Buskerud,Helse Sør-Øst,Sykehuset Buskerud,Pasientreisekontoret i Buskerud
3013,Buskerud,Helse Sør-Øst,Sykehuset Buskerud,Pasientreisekontoret i Buskerud
3014,Buskerud,Helse Sør-Øst,Sykehuset Buskerud,Pasientreisekontoret i Buskerud
3015,Buskerud,Helse Sør-Øst,Sykehuset Buskerud,Pasientreisekontoret i Buskerud
3016,Buskerud,Helse Sør-Øst,Sykehuset Buskerud,Pasientreisekontoret i Buskerud
3017,Buskerud,Helse Sør-Øst,Sykehuset Buskerud,Pasientreisekontoret i Buskerud
3018,Buskerud,Helse Sør-Øst,Sykehuset Buskerud,Pasientreisekontoret i Buskerud
3019,Buskerud,Helse Sør-Øst,Sykehuset Buskerud,Pasientreisekontoret i Buskerud
3020,Buskerud,Helse Sør-Øst,Sykehuset Buskerud,Pasientreisekontoret i Buskerud
3021,Buskerud,Helse Sør-Øst,Sykehuset Buskerud,Pasientreisekontoret i Buskerud
3022,Buskerud,Helse Sør-Øst,Sykehuset Buskerud,Pasientreisekontoret i Buskerud
3023,Buskerud,Helse Sør-Øst,Sykehuset Buskerud,Pasientreisekontoret i Buskerud
3024,Buskerud,Helse Sør-Øst,Sykehuset Buskerud,Pasientreisekontoret i Buskerud
3025,Buskerud,Helse Sør-Øst,Sykehuset Buskerud,Pasientreisekontoret i Buskerud
3026,Buskerud,Helse Sør-Øst,Sykehuset Buskerud,Pasientreisekontoret i Buskerud
3027,Buskerud,Helse Sør-Øst,Sykehuset Buskerud,Pasientreisekontoret i Buskerud
3028,Buskerud,Helse Sør-Øst,Sykehuset Buskerud,Pasientreisekontoret i Buskerud
3029,Buskerud,Helse Sør-Øst,Sykehuset Buskerud,Pasientreisekontoret i Buskerud
3030,Buskerud,Helse Sør-Øst,Sykehuset Buskerud,Pasientreisekontoret i Buskerud
3031,Buskerud,Helse Sør-Øst,Sykehuset Buskerud,Pasientreisekontoret i Buskerud
3032,Buskerud,Helse Sør-Øst,Sykehuset Buskerud,Pasientreisekontoret i Buskerud
3033,Buskerud,Helse Sør-Øst,Sykehuset Buskerud,Pasientreisekontoret i Buskerud
3034,Buskerud,Helse Sør-Øst,Sykehuset Buskerud,Pasientreisekontoret i Buskerud
3035,Buskerud,Helse Sør-Øst,Sykehuset Buskerud,Pasientreisekontoret i Buskerud
3036,Buskerud,Helse Sør-Øst,Sykehuset Buskerud,Pasientreisekontoret i Buskerud
3037,Buskerud,Helse Sør-Øst,Sykehuset Buskerud,Pasientreisekontoret i Buskerud
3038,Buskerud,Helse Sør-Øst,Sykehuset Buskerud,Pasientreisekontoret i Buskerud
3039,Buskerud,Helse Sør-Øst,Sykehuset Buskerud,Pasientreisekontoret i Buskerud
3040,Buskerud,Helse Sør-Øst,Sykehuset Buskerud,Pasientreisekontoret i Buskerud
3041,Buskerud,Helse Sør-Øst,Sykehuset Buskerud,Pasientreisekontoret i Buskerud
3042,Buskerud,Helse Sør-Øst,Sykehuset Buskerud,Pasientreisekontoret i Buskerud
3043,Buskerud,Helse Sør-Øst,Sykehuset Buskerud,Pasientreisekontoret i Buskerud
3044,Buskerud,Helse Sør-Øst,Sykehuset Buskerud,Pasientreisekontoret i Buskerud
3045,Buskerud,Helse Sør-Øst,Sykehuset Buskerud,Pasientreisekontoret i Buskerud
3046,Buskerud,Helse Sør-Øst,Sykehuset Buskerud,Pasientreisekontoret i Buskerud
3047,Buskerud,Helse Sør-Øst,Sykehuset Buskerud,Pasientreisekontoret i Buskerud
3048,Buskerud,Helse Sør-Øst,Sykehuset Buskerud,Pasientreisekontoret i Buskerud
3050,Buskerud,Helse Sør-Øst,Sykehuset Buskerud,Pasientreisekontoret i Buskerud
3051,Buskerud,Helse Sør-Øst,Sykehuset Buskerud,Pasientreisekontoret i Buskerud
3053,Buskerud,Helse Sør-Øst,Sykehuset Buskerud,Pasientreisekontoret i Buskerud
3054,Buskerud,Helse Sør-Øst,Sykehuset Buskerud,Pasientreisekontoret i Buskerud
3055,Buskerud,Helse Sør-Øst,Sykehuset Buskerud,Pasientreisekontoret i Buskerud
3056,Buskerud,Helse Sør-Øst,Sykehuset Buskerud,Pasientreisekontoret i Buskerud
3057,Buskerud,Helse Sør-Øst,Sykehuset Buskerud,Pasientreisekontoret i Buskerud
3058,Buskerud,Helse Sør-Øst,Sykehuset Buskerud,Pasientreisekontoret i Buskerud
3060,Vestfold,Helse Sør-Øst,Sykehuset Vestfold,"Pasientreisekontoret i Vestfold, Telemark"
3061,Vestfold,Helse Sør-Øst,Sykehuset Vestfold,"Pasientreisekontoret i Vestfold, Telemark"
3070,Vestfold,Helse Sør-Øst,Sykehuset Vestfold,"Pasientreisekontoret i Vestfold, Telemark"
3071,Vestfold,Helse Sør-Øst,Sykehuset Vestfold,"Pasientreisekontoret i Vestfold, Telemark"
3075,Vestfold,Helse Sør-Øst,Sykehuset Vestfold,"Pasientreisekontoret i Vestfold, Telemark"
3080,Vestfold,Helse Sør-Øst,Sykehuset Vestfold,"Pasientreisekontoret i Vestfold, Telemark"
3081,Vestfold,Helse Sør-Øst,Sykehuset Vestfold,"Pasientreisekontoret i Vestfold, Telemark"
3082,Vestfold,Helse Sør-Øst,Sykehuset Vestfold,"Pasientreisekontoret i Vestfold, Telemark"
3083,Vesfold,Helse Sør-Øst,Sykehuset Vestfold,"Pasientreisekontoret i Vestfold, Telemark"
3084,Vesfold,Helse Sør-Øst,Sykehuset Vestfold,"Pasientreisekontoret i Vestfold, Telemark"
3085,Vesfold,Helse Sør-Øst,Sykehuset Vestfold,"Pasientreisekontoret i Vestfold, Telemark"
3086,Vesfold,Helse Sør-Øst,Sykehuset Vestfold,"Pasientreisekontoret i Vestfold, Telemark"
3087,Vestfold,Helse Sør-Øst,Sykehuset Vestfold,"Pasientreisekontoret i Vestfold, Telemark"
3088,Vestfold,Helse Sør-Øst,Sykehuset Vestfold,"Pasientreisekontoret i Vestfold, Telemark"
3089,Vesfold,Helse Sør-Øst,Sykehuset Vestfold,"Pasientreisekontoret i Vestfold, Telemark"
3090,Vestfold,Helse Sør-Øst,Sykehuset Vestfold,"Pasientreisekontoret i Vestfold, Telemark"
3092,Vestfold,Helse Sør-Øst,Sykehuset Vestfold,"Pasientreisekontoret i Vestfold, Telemark"
3095,Vestfold,Helse Sør-Øst,Sykehuset Vestfold,"Pasientreisekontoret i Vestfold, Telemark"
3101,Vestfold,Helse Sør-Øst,Sykehuset Vestfold,"Pasientreisekontoret i Vestfold, Telemark"
3103,Vestfold,Helse Sør-Øst,Sykehuset Vestfold,"Pasientreisekontoret i Vestfold, Telemark"
3104,Vestfold,Helse Sør-Øst,Sykehuset Vestfold,"Pasientreisekontoret i Vestfold, Telemark"
3105,Vestfold,Helse Sør-Øst,Sykehuset Vestfold,"Pasientreisekontoret i Vestfold, Telemark"
3106,Vestfold,Helse Sør-Øst,Sykehuset Vestfold,"Pasientreisekontoret i Vestfold, Telemark"
3107,Vestfold,Helse Sør-Øst,Sykehuset Vestfold,"Pasientreisekontoret i Vestfold, Telemark"
3108,Vestfold,Helse Sør-Øst,Sykehuset Vestfold,"Pasientreisekontoret i Vestfold, Telemark"
3109,Vestfold,Helse Sør-Øst,Sykehuset Vestfold,"Pasientreisekontoret i Vestfold, Telemark"
3110,Vestfold,Helse Sør-Øst,Sykehuset Vestfold,"Pasientreisekontoret i Vestfold, Telemark"
3111,Vestfold,Helse Sør-Øst,Sykehuset Vestfold,"Pasientreisekontoret i Vestfold, Telemark"
3112,Vestfold,Helse Sør-Øst,Sykehuset Vestfold,"Pasientreisekontoret i Vestfold, Telemark"
3113,Vestfold,Helse Sør-Øst,Sykehuset Vestfold,"Pasientreisekontoret i Vestfold, Telemark"
3114,Vestfold,Helse Sør-Øst,Sykehuset Vestfold,"Pasientreisekontoret i Vestfold, Telemark"
3115,Vestfold,Helse Sør-Øst,Sykehuset Vestfold,"Pasientreisekontoret i Vestfold, Telemark"
3116,Vestfold,Helse Sør-Øst,Sykehuset Vestfold,"Pasientreisekontoret i Vestfold, Telemark"
3117,Vestfold,Helse Sør-Øst,Sykehuset Vestfold,"Pasientreisekontoret i Vestfold, Telemark"
3118,Vestfold,Helse Sør-Øst,Sykehuset Vestfold,"Pasientreisekontoret i Vestfold, Telemark"
3119,Vestfold,Helse Sør-Øst,Sykehuset Vestfold,"Pasientreisekontoret i Vestfold, Telemark"
3120,Vestfold,Helse Sør-Øst,Sykehuset Vestfold,"Pasientreisekontoret i Vestfold, Telemark"
3121,Vestfold,Helse Sør-Øst,Sykehuset Vestfold,"Pasientreisekontoret i Vestfold, Telemark"
3122,Vestfold,Helse Sør-Øst,Sykehuset Vestfold,"Pasientreisekontoret i Vestfold, Telemark"
3123,Vestfold,Helse Sør-Øst,Sykehuset Vestfold,"Pasientreisekontoret i Vestfold, Telemark"
3124,Vestfold,Helse Sør-Øst,Sykehuset Vestfold,"Pasientreisekontoret i Vestfold, Telemark"
3125,Vestfold,Helse Sør-Øst,Sykehuset Vestfold,"Pasientreisekontoret i Vestfold, Telemark"
3126,Vestfold,Helse Sør-Øst,Sykehuset Vestfold,"Pasientreisekontoret i Vestfold, Telemark"
3127,Vestfold,Helse Sør-Øst,Sykehuset Vestfold,"Pasientreisekontoret i Vestfold, Telemark"
3128,Vestfold,Helse Sør-Øst,Sykehuset Vestfold,"Pasientreisekontoret i Vestfold, Telemark"
3131,Vestfold,Helse Sør-Øst,Sykehuset Vestfold,"Pasientreisekontoret i Vestfold, Telemark"
3132,Vestfold,Helse Sør-Øst,Sykehuset Vestfold,"Pasientreisekontoret i Vestfold, Telemark"
3133,Vestfold,Helse Sør-Øst,Sykehuset Vestfold,"Pasientreisekontoret i Vestfold, Telemark"
3135,Vestfold,Helse Sør-Øst,Sykehuset Vestfold,"Pasientreisekontoret i Vestfold, Telemark"
3137,Vestfold,Helse Sør-Øst,Sykehuset Vestfold,"Pasientreisekontoret i Vestfold, Telemark"
3138,Vestfold,Helse Sør-Øst,Sykehuset Vestfold,"Pasientreisekontoret i Vestfold, Telemark"
3139,Vestfold,Helse Sør-Øst,Sykehuset Vestfold,"Pasientreisekontoret i Vestfold, Telemark"
3140,Vestfold,Helse Sør-Øst,Sykehuset Vestfold,"Pasientreisekontoret i Vestfold, Telemark"
3141,Vestfold,Helse Sør-Øst,Sykehuset Vestfold,"Pasientreisekontoret i Vestfold, Telemark"
3142,Vestfold,Helse Sør-Øst,Sykehuset Vestfold,"Pasientreisekontoret i Vestfold, Telemark"
3143,Vestfold,Helse Sør-Øst,Sykehuset Vestfold,"Pasientreisekontoret i Vestfold, Telemark"
3144,Vestfold,Helse Sør-Øst,Sykehuset Vestfold,"Pasientreisekontoret i Vestfold, Telemark"
3145,Vestfold,Helse Sør-Øst,Sykehuset Vestfold,"Pasientreisekontoret i Vestfold, Telemark"
3147,Vestfold,Helse Sør-Øst,Sykehuset Vestfold,"Pasientreisekontoret i Vestfold, Telemark"
3148,Vestfold,Helse Sør-Øst,Sykehuset Vestfold,"Pasientreisekontoret i Vestfold, Telemark"
3150,Vestfold,Helse Sør-Øst,Sykehuset Vestfold,"Pasientreisekontoret i Vestfold, Telemark"
3151,Vestfold,Helse Sør-Øst,Sykehuset Vestfold,"Pasientreisekontoret i Vestfold, Telemark"
3152,Vestfold,Helse Sør-Øst,Sykehuset Vestfold,"Pasientreisekontoret i Vestfold, Telemark"
3153,Vestfold,Helse Sør-Øst,Sykehuset Vestfold,"Pasientreisekontoret i Vestfold, Telemark"
3154,Vestfold,Helse Sør-Øst,Sykehuset Vestfold,"Pasientreisekontoret i Vestfold, Telemark"
3157,Vestfold,Helse Sør-Øst,Sykehuset Vestfold,"Pasientreisekontoret i Vestfold, Telemark"
3158,Vestfold,Helse Sør-Øst,Sykehuset Vestfold,"Pasientreisekontoret i Vestfold, Telemark"
3159,Vestfold,Helse Sør-Øst,Sykehuset Vestfold,"Pasientreisekontoret i Vestfold, Telemark"
3160,Vestfold,Helse Sør-Øst,Sykehuset Vestfold,"Pasientreisekontoret i Vestfold, Telemark"
3161,Vestfold,Helse Sør-Øst,Sykehuset Vestfold,"Pasientreisekontoret i Vestfold, Telemark"
3162,Vestfold,Helse Sør-Øst,Sykehuset Vestfold,"Pasientreisekontoret i Vestfold, Telemark"
3163,Vestfold,Helse Sør-Øst,Sykehuset Vestfold,"Pasientreisekontoret i Vestfold, Telemark"
3164,Vestfold,Helse Sør-Øst,Sykehuset Vestfold,"Pasientreisekontoret i Vestfold, Telemark"
3165,Vestfold,Helse Sør-Øst,Sykehuset Vestfold,"Pasientreisekontoret i Vestfold, Telemark"
3166,Vestfold,Helse Sør-Øst,Sykehuset Vestfold,"Pasientreisekontoret i Vestfold, Telemark"
3167,Vestfold,Helse Sør-Øst,Sykehuset Vestfold,"Pasientreisekontoret i Vestfold, Telemark"
3168,Vestfold,Helse Sør-Øst,Sykehuset Vestfold,"Pasientreisekontoret i Vestfold, Telemark"
3169,Vestfold,Helse Sør-Øst,Sykehuset Vestfold,"Pasientreisekontoret i Vestfold, Telemark"
3170,Vestfold,Helse Sør-Øst,Sykehuset Vestfold,"Pasientreisekontoret i Vestfold, Telemark"
3171,Vestfold,Helse Sør-Øst,Sykehuset Vestfold,"Pasientreisekontoret i Vestfold, Telemark"
3172,Vestfold,Helse Sør-Øst,Sykehuset Vestfold,"Pasientreisekontoret i Vestfold, Telemark"
3173,Vestfold,Helse Sør-Øst,Sykehuset Vestfold,"Pasientreisekontoret i Vestfold, Telemark"
3174,Vestfold,Helse Sør-Øst,Sykehuset Vestfold,"Pasientreisekontoret i Vestfold, Telemark"
3175,Vestfold,Helse Sør-Øst,Sykehuset Vestfold,"Pasientreisekontoret i Vestfold, Telemark"
3176,Vesfold,Helse Sør-Øst,Sykehuset Vestfold,"Pasientreisekontoret i Vestfold, Telemark"
3177,Vestfold,Helse Sør-Øst,Sykehuset Vestfold,"Pasientreisekontoret i Vestfold, Telemark"
3178,Vestfold,Helse Sør-Øst,Sykehuset Vestfold,"Pasientreisekontoret i Vestfold, Telemark"
3179,Vestfold,Helse Sør-Øst,Sykehuset Vestfold,"Pasientreisekontoret i Vestfold, Telemark"
3180,Vestfold,Helse Sør-Øst,Sykehuset Vestfold,"Pasientreisekontoret i Vestfold, Telemark"
3181,Vestfold,Helse Sør-Øst,Sykehuset Vestfold,"Pasientreisekontoret i Vestfold, Telemark"
3182,Vestfold,Helse Sør-Øst,Sykehuset Vestfold,"Pasientreisekontoret i Vestfold, Telemark"
3183,Vestfold,Helse Sør-Øst,Sykehuset Vestfold,"Pasientreisekontoret i Vestfold, Telemark"
3184,Vestfold,Helse Sør-Øst,Sykehuset Vestfold,"Pasientreisekontoret i Vestfold, Telemark"
3185,Vestfold,Helse Sør-Øst,Sykehuset Vestfold,"Pasientreisekontoret i Vestfold, Telemark"
3186,Vestfold,Helse Sør-Øst,Sykehuset Vestfold,"Pasientreisekontoret i Vestfold, Telemark"
3187,Vestfold,Helse Sør-Øst,Sykehuset Vestfold,"Pasientreisekontoret i Vestfold, Telemark"
3188,Vestfold,Helse Sør-Øst,Sykehuset Vestfold,"Pasientreisekontoret i Vestfold, Telemark"
3189,Vestfold,Helse Sør-Øst,Sykehuset Vestfold,"Pasientreisekontoret i Vestfold, Telemark"
3191,Vestfold,Helse Sør-Øst,Sykehuset Vestfold,"Pasientreisekontoret i Vestfold, Telemark"
3192,Vestfold,Helse Sør-Øst,Sykehuset Vestfold,"Pasientreisekontoret i Vestfold, Telemark"
3193,Vestfold,Helse Sør-Øst,Sykehuset Vestfold,"Pasientreisekontoret i Vestfold, Telemark"
3194,Vestfold,Helse Sør-Øst,Sykehuset Vestfold,"Pasientreisekontoret i Vestfold, Telemark"
3195,Vestfold,Helse Sør-Øst,Sykehuset Vestfold,"Pasientreisekontoret i Vestfold, Telemark"
3196,Vestfold,Helse Sør-Øst,Sykehuset Vestfold,"Pasientreisekontoret i Vestfold, Telemark"
3197,Vestfold,Helse Sør-Øst,Sykehuset Vestfold,"Pasientreisekontoret i Vestfold, Telemark"
3199,Vestfold,Helse Sør-Øst,Sykehuset Vestfold,"Pasientreisekontoret i Vestfold, Telemark"
3201,Vestfold,Helse Sør-Øst,Sykehuset Vestfold,"Pasientreisekontoret i Vestfold, Telemark"
3202,Vestfold,Helse Sør-Øst,Sykehuset Vestfold,"Pasientreisekontoret i Vestfold, Telemark"
3203,Vestfold,Helse Sør-Øst,Sykehuset Vestfold,"Pasientreisekontoret i Vestfold, Telemark"
3204,Vestfold,Helse Sør-Øst,Sykehuset Vestfold,"Pasientreisekontoret i Vestfold, Telemark"
3205,Vestfold,Helse Sør-Øst,Sykehuset Vestfold,"Pasientreisekontoret i Vestfold, Telemark"
3206,Vestfold,Helse Sør-Øst,Sykehuset Vestfold,"Pasientreisekontoret i Vestfold, Telemark"
3207,Vestfold,Helse Sør-Øst,Sykehuset Vestfold,"Pasientreisekontoret i Vestfold, Telemark"
3208,Vestfold,Helse Sør-Øst,Sykehuset Vestfold,"Pasientreisekontoret i Vestfold, Telemark"
3209,Vestfold,Helse Sør-Øst,Sykehuset Vestfold,"Pasientreisekontoret i Vestfold, Telemark"
3210,Vestfold,Helse Sør-Øst,Sykehuset Vestfold,"Pasientreisekontoret i Vestfold, Telemark"
3211,Vestfold,Helse Sør-Øst,Sykehuset Vestfold,"Pasientreisekontoret i Vestfold, Telemark"
3212,Vestfold,Helse Sør-Øst,Sykehuset Vestfold,"Pasientreisekontoret i Vestfold, Telemark"
3213,Vestfold,Helse Sør-Øst,Sykehuset Vestfold,"Pasientreisekontoret i Vestfold, Telemark"
3214,Vestfold,Helse Sør-Øst,Sykehuset Vestfold,"Pasientreisekontoret i Vestfold, Telemark"
3215,Vestfold,Helse Sør-Øst,Sykehuset Vestfold,"Pasientreisekontoret i Vestfold, Telemark"
3216,Vestfold,Helse Sør-Øst,Sykehuset Vestfold,"Pasientreisekontoret i Vestfold, Telemark"
3217,Vestfold,Helse Sør-Øst,Sykehuset Vestfold,"Pasientreisekontoret i Vestfold, Telemark"
3218,Vestfold,Helse Sør-Øst,Sykehuset Vestfold,"Pasientreisekontoret i Vestfold, Telemark"
3219,Vestfold,Helse Sør-Øst,Sykehuset Vestfold,"Pasientreisekontoret i Vestfold, Telemark"
3220,Vestfold,Helse Sør-Øst,Sykehuset Vestfold,"Pasientreisekontoret i Vestfold, Telemark"
3221,Vestfold,Helse Sør-Øst,Sykehuset Vestfold,"Pasientreisekontoret i Vestfold, Telemark"
3222,Vestfold,Helse Sør-Øst,Sykehuset Vestfold,"Pasientreisekontoret i Vestfold, Telemark"
3223,Vestfold,Helse Sør-Øst,Sykehuset Vestfold,"Pasientreisekontoret i Vestfold, Telemark"
3224,Vestfold,Helse Sør-Øst,Sykehuset Vestfold,"Pasientreisekontoret i Vestfold, Telemark"
3225,Vestfold,Helse Sør-Øst,Sykehuset Vestfold,"Pasientreisekontoret i Vestfold, Telemark"
3226,Vestfold,Helse Sør-Øst,Sykehuset Vestfold,"Pasientreisekontoret i Vestfold, Telemark"
3227,Vestfold,Helse Sør-Øst,Sykehuset Vestfold,"Pasientreisekontoret i Vestfold, Telemark"
3228,Vestfold,Helse Sør-Øst,Sykehuset Vestfold,"Pasientreisekontoret i Vestfold, Telemark"
3229,Vestfold,Helse Sør-Øst,Sykehuset Vestfold,"Pasientreisekontoret i Vestfold, Telemark"
3230,Vestfold,Helse Sør-Øst,Sykehuset Vestfold,"Pasientreisekontoret i Vestfold, Telemark"
3231,Vestfold,Helse Sør-Øst,Sykehuset Vestfold,"Pasientreisekontoret i Vestfold, Telemark"
3232,Vestfold,Helse Sør-Øst,Sykehuset Vestfold,"Pasientreisekontoret i Vestfold, Telemark"
3233,Vestfold,Helse Sør-Øst,Sykehuset Vestfold,"Pasientreisekontoret i Vestfold, Telemark"
3234,Vestfold,Helse Sør-Øst,Sykehuset Vestfold,"Pasientreisekontoret i Vestfold, Telemark"
3235,Vestfold,Helse Sør-Øst,Sykehuset Vestfold,"Pasientreisekontoret i Vestfold, Telemark"
3236,Vestfold,Helse Sør-Øst,Sykehuset Vestfold,"Pasientreisekontoret i Vestfold, Telemark"
3237,Vestfold,Helse Sør-Øst,Sykehuset Vestfold,"Pasientreisekontoret i Vestfold, Telemark"
3238,Vestfold,Helse Sør-Øst,Sykehuset Vestfold,"Pasientreisekontoret i Vestfold, Telemark"
3239,Vestfold,Helse Sør-Øst,Sykehuset Vestfold,"Pasientreisekontoret i Vestfold, Telemark"
3240,Vestfold,Helse Sør-Øst,Sykehuset Vestfold,"Pasientreisekontoret i Vestfold, Telemark"
3241,Vestfold,Helse Sør-Øst,Sykehuset Vestfold,"Pasientreisekontoret i Vestfold, Telemark"
3242,Vestfold,Helse Sør-Øst,Sykehuset Vestfold,"Pasientreisekontoret i Vestfold, Telemark"
3243,Vestfold,Helse Sør-Øst,Sykehuset Vestfold,"Pasientreisekontoret i Vestfold, Telemark"
3244,Vestfold,Helse Sør-Øst,Sykehuset Vestfold,"Pasientreisekontoret i Vestfold, Telemark"
3245,Vestfold,Helse Sør-Øst,Sykehuset Vestfold,"Pasientreisekontoret i Vestfold, Telemark"
3246,Vestfold,Helse Sør-Øst,Sykehuset Vestfold,"Pasientreisekontoret i Vestfold, Telemark"
3247,Vestfold,Helse Sør-Øst,Sykehuset Vestfold,"Pasientreisekontoret i Vestfold, Telemark"
3248,Vestfold,Helse Sør-Øst,Sykehuset Vestfold,"Pasientreisekontoret i Vestfold, Telemark"
3249,Vestfold,Helse Sør-Øst,Sykehuset Vestfold,"Pasientreisekontoret i Vestfold, Telemark"
3251,Vestfold,Helse Sør-Øst,Sykehuset Vestfold,"Pasientreisekontoret i Vestfold, Telemark"
3252,Vestfold,Helse Sør-Øst,Sykehuset Vestfold,"Pasientreisekontoret i Vestfold, Telemark"
3253,Vestfold,Helse Sør-Øst,Sykehuset Vestfold,"Pasientreisekontoret i Vestfold, Telemark"
3254,Vestfold,Helse Sør-Øst,Sykehuset Vestfold,"Pasientreisekontoret i Vestfold, Telemark"
3255,Vestfold,Helse Sør-Øst,Sykehuset Vestfold,"Pasientreisekontoret i Vestfold, Telemark"
3256,Vestfold,Helse Sør-Øst,Sykehuset Vestfold,"Pasientreisekontoret i Vestfold, Telemark"
3257,Vestfold,Helse Sør-Øst,Sykehuset Vestfold,"Pasientreisekontoret i Vestfold, Telemark"
3258,Vestfold,Helse Sør-Øst,Sykehuset Vestfold,"Pasientreisekontoret i Vestfold, Telemark"
3259,Vestfold,Helse Sør-Øst,Sykehuset Vestfold,"Pasientreisekontoret i Vestfold, Telemark"
3260,Vestfold,Helse Sør-Øst,Sykehuset Vestfold,"Pasientreisekontoret i Vestfold, Telemark"
3261,Vestfold,Helse Sør-Øst,Sykehuset Vestfold,"Pasientreisekontoret i Vestfold, Telemark"
3262,Vestfold,Helse Sør-Øst,Sykehuset Vestfold,"Pasientreisekontoret i Vestfold, Telemark"
3263,Vestfold,Helse Sør-Øst,Sykehuset Vestfold,"Pasientreisekontoret i Vestfold, Telemark"
3264,Vestfold,Helse Sør-Øst,Sykehuset Vestfold,"Pasientreisekontoret i Vestfold, Telemark"
3265,Vestfold,Helse Sør-Øst,Sykehuset Vestfold,"Pasientreisekontoret i Vestfold, Telemark"
3267,Vestfold,Helse Sør-Øst,Sykehuset Vestfold,"Pasientreisekontoret i Vestfold, Telemark"
3268,Vestfold,Helse Sør-Øst,Sykehuset Vestfold,"Pasientreisekontoret i Vestfold, Telemark"
3269,Vestfold,Helse Sør-Øst,Sykehuset Vestfold,"Pasientreisekontoret i Vestfold, Telemark"
3270,Vestfold,Helse Sør-Øst,Sykehuset Vestfold,"Pasientreisekontoret i Vestfold, Telemark"
3271,Vestfold,Helse Sør-Øst,Sykehuset Vestfold,"Pasientreisekontoret i Vestfold, Telemark"
3274,Vestfold,Helse Sør-Øst,Sykehuset Vestfold,"Pasientreisekontoret i Vestfold, Telemark"
3275,Vestfold,Helse Sør-Øst,Sykehuset Vestfold,"Pasientreisekontoret i Vestfold, Telemark"
3276,Vestfold,Helse Sør-Øst,Sykehuset Vestfold,"Pasientreisekontoret i Vestfold, Telemark"
3277,Vestfold,Helse Sør-Øst,Sykehuset Vestfold,"Pasientreisekontoret i Vestfold, Telemark"
3280,Vestfold,Helse Sør-Øst,Sykehuset Vestfold,"Pasientreisekontoret i Vestfold, Telemark"
3281,Vestfold,Helse Sør-Øst,Sykehuset Vestfold,"Pasientreisekontoret i Vestfold, Telemark"
3282,Vestfold,Helse Sør-Øst,Sykehuset Vestfold,"Pasientreisekontoret i Vestfold, Telemark"
3284,Vestfold,Helse Sør-Øst,Sykehuset Vestfold,"Pasientreisekontoret i Vestfold, Telemark"
3285,Vestfold,Helse Sør-Øst,Sykehuset Vestfold,"Pasientreisekontoret i Vestfold, Telemark"
3290,Vestfold,Helse Sør-Øst,Sykehuset Vestfold,"Pasientreisekontoret i Vestfold, Telemark"
3291,Vestfold,Helse Sør-Øst,Sykehuset Vestfold,"Pasientreisekontoret i Vestfold, Telemark"
3292,Vestfold,Helse Sør-Øst,Sykehuset Vestfold,"Pasientreisekontoret i Vestfold, Telemark"
3294,Vestfold,Helse Sør-Øst,Sykehuset Vestfold,"Pasientreisekontoret i Vestfold, Telemark"
3295,Vestfold,Helse Sør-Øst,Sykehuset Vestfold,"Pasientreisekontoret i Vestfold, Telemark"
3296,Vestfold,Helse Sør-Øst,Sykehuset Vestfold,"Pasientreisekontoret i Vestfold, Telemark"
3297,Vestfold,Helse Sør-Øst,Sykehuset Vestfold,"Pasientreisekontoret i Vestfold, Telemark"
3300,Buskerud,Helse Sør-Øst,Sykehuset Buskerud,Pasientreisekontoret i Buskerud
3301,Buskerud,Helse Sør-Øst,Sykehuset Buskerud,Pasientreisekontoret i Buskerud
3320,Buskerud,Helse Sør-Øst,Sykehuset Buskerud,Pasientreisekontoret i Buskerud
3321,Buskerud,Helse Sør-Øst,Sykehuset Buskerud,Pasientreisekontoret i Buskerud
3322,Buskerud,Helse Sør-Øst,Sykehuset Buskerud,Pasientreisekontoret i Buskerud
3330,Buskerud,Helse Sør-Øst,Sykehuset Buskerud,Pasientreisekontoret i Buskerud
3331,Buskerud,Helse Sør-Øst,Sykehuset Buskerud,Pasientreisekontoret i Buskerud
3340,Buskerud,Helse Sør-Øst,Sykehuset Buskerud,Pasientreisekontoret i Buskerud
3341,Buskerud,Helse Sør-Øst,Sykehuset Buskerud,Pasientreisekontoret i Buskerud
3342,Buskerud,Helse Sør-Øst,Sykehuset Buskerud,Pasientreisekontoret i Buskerud
3350,Buskerud,Helse Sør-Øst,Sykehuset Buskerud,Pasientreisekontoret i Buskerud
3351,Buskerud,Helse Sør-Øst,Sykehuset Buskerud,Pasientreisekontoret i Buskerud
3355,Buskerud,Helse Sør-Øst,Sykehuset Buskerud,Pasientreisekontoret i Buskerud
3358,Buskerud,Helse Sør-Øst,Sykehuset Buskerud,Pasientreisekontoret i Buskerud
3359,Buskerud,Helse Sør-Øst,Sykehuset Buskerud,Pasientreisekontoret i Buskerud
3360,Buskerud,Helse Sør-Øst,Sykehuset Buskerud,Pasientreisekontoret i Buskerud
3361,Buskerud,Helse Sør-Øst,Sykehuset Buskerud,Pasientreisekontoret i Buskerud
3370,Buskerud,Helse Sør-Øst,Sykehuset Buskerud,Pasientreisekontoret i Buskerud
3371,Buskerud,Helse Sør-Øst,Sykehuset Buskerud,Pasientreisekontoret i Buskerud
3387,Buskerud,Helse Sør-Øst,Sykehuset Buskerud,Pasientreisekontoret i Buskerud
3400,Buskerud,Helse Sør-Øst,Sykehuset Buskerud,Pasientreisekontoret i Buskerud
3401,Buskerud,Helse Sør-Øst,Sykehuset Buskerud,Pasientreisekontoret i Buskerud
3402,Buskerud,Helse Sør-Øst,Sykehuset Buskerud,Pasientreisekontoret i Buskerud
3403,Buskerud,Helse Sør-Øst,Sykehuset Buskerud,Pasientreisekontoret i Buskerud
3404,Buskerud,Helse Sør-Øst,Sykehuset Buskerud,Pasientreisekontoret i Buskerud
3405,Buskerud,Helse Sør-Øst,Sykehuset Buskerud,Pasientreisekontoret i Buskerud
3406,Buskerud,Helse Sør-Øst,Sykehuset Buskerud,Pasientreisekontoret i Buskerud
3407,Buskerud,Helse Sør-Øst,Sykehuset Buskerud,Pasientreisekontoret i Buskerud
3408,Buskerud,Helse Sør-Øst,Sykehuset Buskerud,Pasientreisekontoret i Buskerud
3409,Buskerud,Helse Sør-Øst,Sykehuset Buskerud,Pasientreisekontoret i Buskerud
3410,Buskerud,Helse Sør-Øst,Sykehuset Buskerud,Pasientreisekontoret i Buskerud
3411,Buskerud,Helse Sør-Øst,Sykehuset Buskerud,Pasientreisekontoret i Buskerud
3412,Buskerud,Helse Sør-Øst,Sykehuset Buskerud,Pasientreisekontoret i Buskerud
3413,Buskerud,Helse Sør-Øst,Sykehuset Buskerud,Pasientreisekontoret i Buskerud
3414,Buskerud,Helse Sør-Øst,Sykehuset Buskerud,Pasientreisekontoret i Buskerud
3420,Buskerud,Helse Sør-Øst,Sykehuset Buskerud,Pasientreisekontoret i Buskerud
3421,Buskerud,Helse Sør-Øst,Sykehuset Buskerud,Pasientreisekontoret i Buskerud
3425,Buskerud,Helse Sør-Øst,Sykehuset Buskerud,Pasientreisekontoret i Buskerud
3426,Buskerud,Helse Sør-Øst,Sykehuset Buskerud,Pasientreisekontoret i Buskerud
3427,Buskerud,Helse Sør-Øst,Sykehuset Buskerud,Pasientreisekontoret i Buskerud
3428,Buskerud,Helse Sør-Øst,Sykehuset Buskerud,Pasientreisekontoret i Buskerud
3430,Buskerud,Helse Sør-Øst,Sykehuset Buskerud,Pasientreisekontoret i Buskerud
3431,Buskerud,Helse Sør-Øst,Sykehuset Buskerud,Pasientreisekontoret i Buskerud
3440,Buskerud,Helse Sør-Øst,Sykehuset Buskerud,Pasientreisekontoret i Buskerud
3441,Buskerud,Helse Sør-Øst,Sykehuset Buskerud,Pasientreisekontoret i Buskerud
3442,Buskerud,Helse Sør-Øst,Sykehuset Buskerud,Pasientreisekontoret i Buskerud
3470,Buskerud,Helse Sør-Øst,Sykehuset Buskerud,Pasientreisekontoret i Buskerud
3471,Buskerud,Helse Sør-Øst,Sykehuset Buskerud,Pasientreisekontoret i Buskerud
3472,Buskerud,Helse Sør-Øst,Sykehuset Buskerud,Pasientreisekontoret i Buskerud
3474,Buskerud,Helse Sør-Øst,Sykehuset Buskerud,Pasientreisekontoret i Buskerud
3475,Buskerud,Helse Sør-Øst,Sykehuset Buskerud,Pasientreisekontoret i Buskerud
3476,Buskerud,Helse Sør-Øst,Sykehuset Buskerud,Pasientreisekontoret i Buskerud
3477,Buskerud,Helse Sør-Øst,Sykehuset Buskerud,Pasientreisekontoret i Buskerud
3478,Buskerud,Helse Sør-Øst,Sykehuset Buskerud,Pasientreisekontoret i Buskerud
3480,Buskerud,Helse Sør-Øst,Sykehuset Buskerud,Pasientreisekontoret i Buskerud
3481,Buskerud,Helse Sør-Øst,Sykehuset Buskerud,Pasientreisekontoret i Buskerud
3482,Buskerud,Helse Sør-Øst,Sykehuset Buskerud,Pasientreisekontoret i Buskerud
3483,Buskerud,Helse Sør-Øst,Sykehuset Buskerud,Pasientreisekontoret i Buskerud
3484,Buskerud,Helse Sør-Øst,Sykehuset Buskerud,Pasientreisekontoret i Buskerud
3490,Buskerud,Helse Sør-Øst,Sykehuset Buskerud,Pasientreisekontoret i Buskerud
3491,Buskerud,Helse Sør-Øst,Sykehuset Buskerud,Pasientreisekontoret i Buskerud
3501,Buskerud,Helse Sør-Øst,Sykehuset Buskerud,Pasientreisekontoret i Buskerud
3502,Buskerud,Helse Sør-Øst,Sykehuset Buskerud,Pasientreisekontoret i Buskerud
3503,Buskerud,Helse Sør-Øst,Sykehuset Buskerud,Pasientreisekontoret i Buskerud
3504,Buskerud,Helse Sør-Øst,Sykehuset Buskerud,Pasientreisekontoret i Buskerud
3505,Buskerud,Helse Sør-Øst,Sykehuset Buskerud,Pasientreisekontoret i Buskerud
3506,Buskerud,Helse Sør-Øst,Sykehuset Buskerud,Pasientreisekontoret i Buskerud
3507,Buskerud,Helse Sør-Øst,Sykehuset Buskerud,Pasientreisekontoret i Buskerud
3510,Buskerud,Helse Sør-Øst,Sykehuset Buskerud,Pasientreisekontoret i Buskerud
3511,Buskerud,Helse Sør-Øst,Sykehuset Buskerud,Pasientreisekontoret i Buskerud
3512,Buskerud,Helse Sør-Øst,Sykehuset Buskerud,Pasientreisekontoret i Buskerud
3513,Buskerud,Helse Sør-Øst,Sykehuset Buskerud,Pasientreisekontoret i Buskerud
3514,Buskerud,Helse Sør-Øst,Sykehuset Buskerud,Pasientreisekontoret i Buskerud
3515,Buskerud,Helse Sør-Øst,Sykehuset Buskerud,Pasientreisekontoret i Buskerud
3516,Buskerud,Helse Sør-Øst,Sykehuset Buskerud,Pasientreisekontoret i Buskerud
3517,Buskerud,Helse Sør-Øst,Sykehuset Buskerud,Pasientreisekontoret i Buskerud
3518,Buskerud,Helse Sør-Øst,Sykehuset Buskerud,Pasientreisekontoret i Buskerud
3519,Buskerud,Helse Sør-Øst,Sykehuset Buskerud,Pasientreisekontoret i Buskerud
3520,Buskerud,Helse Sør-Øst,Sykehuset Buskerud,Pasientreisekontoret i Buskerud
3521,Buskerud,Helse Sør-Øst,Sykehuset Buskerud,Pasientreisekontoret i Buskerud
3522,Buskerud,Helse Sør-Øst,Sykehuset Buskerud,Pasientreisekontoret i Buskerud
3523,Buskerud,Helse Sør-Øst,Sykehuset Buskerud,Pasientreisekontoret i Buskerud
3524,Buskerud,Helse Sør-Øst,Sykehuset Buskerud,Pasientreisekontoret i Buskerud
3525,Buskerud,Helse Sør-Øst,Sykehuset Buskerud,Pasientreisekontoret i Buskerud
3526,Buskerud,Helse Sør-Øst,Sykehuset Buskerud,Pasientreisekontoret i Buskerud
3528,Buskerud,Helse Sør-Øst,Sykehuset Buskerud,Pasientreisekontoret i Buskerud
3529,Buskerud,Helse Sør-Øst,Sykehuset Buskerud,Pasientreisekontoret i Buskerud
3530,Buskerud,Helse Sør-Øst,Sykehuset Buskerud,Pasientreisekontoret i Buskerud
3531,Buskerud,Helse Sør-Øst,Sykehuset Buskerud,Pasientreisekontoret i Buskerud
3533,Buskerud,Helse Sør-Øst,Sykehuset Buskerud,Pasientreisekontoret i Buskerud
3534,Buskerud,Helse Sør-Øst,Sykehuset Buskerud,Pasientreisekontoret i Buskerud
3535,Buskerud,Helse Sør-Øst,Sykehuset Buskerud,Pasientreisekontoret i Buskerud
3536,Buskerud,Helse Sør-Øst,Sykehuset Buskerud,Pasientreisekontoret i Buskerud
3537,Buskerud,Helse Sør-Øst,Sykehuset Buskerud,Pasientreisekontoret i Buskerud
3538,Buskerud,Helse Sør-Øst,Sykehuset Buskerud,Pasientreisekontoret i Buskerud
3539,Buskerud,Helse Sør-Øst,Sykehuset Buskerud,Pasientreisekontoret i Buskerud
3540,Buskerud,Helse Sør-Øst,Sykehuset Buskerud,Pasientreisekontoret i Buskerud
3541,Buskerud,Helse Sør-Øst,Sykehuset Buskerud,Pasientreisekontoret i Buskerud
3544,Buskerud,Helse Sør-Øst,Sykehuset Buskerud,Pasientreisekontoret i Buskerud
3550,Buskerud,Helse Sør-Øst,Sykehuset Buskerud,Pasientreisekontoret i Buskerud
3551,Buskerud,Helse Sør-Øst,Sykehuset Buskerud,Pasientreisekontoret i Buskerud
3560,Buskerud,Helse Sør-Øst,Sykehuset Buskerud,Pasientreisekontoret i Buskerud
3561,Buskerud,Helse Sør-Øst,Sykehuset Buskerud,Pasientreisekontoret i Buskerud
3570,Buskerud,Helse Sør-Øst,Sykehuset Buskerud,Pasientreisekontoret i Buskerud
3571,Buskerud,Helse Sør-Øst,Sykehuset Buskerud,Pasientreisekontoret i Buskerud
3575,Buskerud,Helse Sør-Øst,Sykehuset Buskerud,Pasientreisekontoret i Buskerud
3576,Buskerud,Helse Sør-Øst,Sykehuset Buskerud,Pasientreisekontoret i Buskerud
3577,Buskerud,Helse Sør-Øst,Sykehuset Buskerud,Pasientreisekontoret i Buskerud
3579,Buskerud,Helse Sør-Øst,Sykehuset Buskerud,Pasientreisekontoret i Buskerud
3580,Buskerud,Helse Sør-Øst,Sykehuset Buskerud,Pasientreisekontoret i Buskerud
3581,Buskerud,Helse Sør-Øst,Sykehuset Buskerud,Pasientreisekontoret i Buskerud
3588,Buskerud,Helse Sør-Øst,Sykehuset Buskerud,Pasientreisekontoret i Buskerud
3593,Buskerud,Helse Sør-Øst,Sykehuset Buskerud,Pasientreisekontoret i Buskerud
3595,Buskerud,Helse Sør-Øst,Sykehuset Buskerud,Pasientreisekontoret i Buskerud
3601,Buskerud,Helse Sør-Øst,Sykehuset Buskerud,Pasientreisekontoret i Buskerud
3602,Buskerud,Helse Sør-Øst,Sykehuset Buskerud,Pasientreisekontoret i Buskerud
3603,Buskerud,Helse Sør-Øst,Sykehuset Buskerud,Pasientreisekontoret i Buskerud
3604,Buskerud,Helse Sør-Øst,Sykehuset Buskerud,Pasientreisekontoret i Buskerud
3605,Buskerud,Helse Sør-Øst,Sykehuset Buskerud,Pasientreisekontoret i Buskerud
3606,Buskerud,Helse Sør-Øst,Sykehuset Buskerud,Pasientreisekontoret i Buskerud
3608,Buskerud,Helse Sør-Øst,Sykehuset Buskerud,Pasientreisekontoret i Buskerud
3609,Buskerud,Helse Sør-Øst,Sykehuset Buskerud,Pasientreisekontoret i Buskerud
3610,Buskerud,Helse Sør-Øst,Sykehuset Buskerud,Pasientreisekontoret i Buskerud
3611,Buskerud,Helse Sør-Øst,Sykehuset Buskerud,Pasientreisekontoret i Buskerud
3612,Buskerud,Helse Sør-Øst,Sykehuset Buskerud,Pasientreisekontoret i Buskerud
3613,Buskerud,Helse Sør-Øst,Sykehuset Buskerud,Pasientreisekontoret i Buskerud
3614,Buskerud,Helse Sør-Øst,Sykehuset Buskerud,Pasientreisekontoret i Buskerud
3615,Buskerud,Helse Sør-Øst,Sykehuset Buskerud,Pasientreisekontoret i Buskerud
3616,Buskerud,Helse Sør-Øst,Sykehuset Buskerud,Pasientreisekontoret i Buskerud
3617,Buskerud,Helse Sør-Øst,Sykehuset Buskerud,Pasientreisekontoret i Buskerud
3618,Buskerud,Helse Sør-Øst,Sykehuset Buskerud,Pasientreisekontoret i Buskerud
3619,Buskerud,Helse Sør-Øst,Sykehuset Buskerud,Pasientreisekontoret i Buskerud
3620,Buskerud,Helse Sør-Øst,Sykehuset Buskerud,Pasientreisekontoret i Buskerud
3621,Buskerud,Helse Sør-Øst,Sykehuset Buskerud,Pasientreisekontoret i Buskerud
3622,Buskerud,Helse Sør-Øst,Sykehuset Buskerud,Pasientreisekontoret i Buskerud
3623,Buskerud,Helse Sør-Øst,Sykehuset Buskerud,Pasientreisekontoret i Buskerud
3624,Buskerud,Helse Sør-Øst,Sykehuset Buskerud,Pasientreisekontoret i Buskerud
3626,Buskerud,Helse Sør-Øst,Sykehuset Buskerud,Pasientreisekontoret i Buskerud
3627,Buskerud,Helse Sør-Øst,Sykehuset Buskerud,Pasientreisekontoret i Buskerud
3628,Buskerud,Helse Sør-Øst,Sykehuset Buskerud,Pasientreisekontoret i Buskerud
3629,Buskerud,Helse Sør-Øst,Sykehuset Buskerud,Pasientreisekontoret i Buskerud
3630,Buskerud,Helse Sør-Øst,Sykehuset Buskerud,Pasientreisekontoret i Buskerud
3631,Buskerud,Helse Sør-Øst,Sykehuset Buskerud,Pasientreisekontoret i Buskerud
3632,Buskerud,Helse Sør-Øst,Sykehuset Buskerud,Pasientreisekontoret i Buskerud
3646,Buskerud,Helse Sør-Øst,Sykehuset Buskerud,Pasientreisekontoret i Buskerud
3647,Buskerud,Helse Sør-Øst,Sykehuset Buskerud,Pasientreisekontoret i Buskerud
3648,Buskerud,Helse Sør-Øst,Sykehuset Buskerud,Pasientreisekontoret i Buskerud
3650,Telemark,Helse Sør-Øst,Sykehuset Telemark,"Pasientreisekontoret i Vestfold, Telemark"
3652,Telemark,Helse Sør-Øst,Sykehuset Telemark,"Pasientreisekontoret i Vestfold, Telemark"
3656,Telemark,Helse Sør-Øst,Sykehuset Telemark,"Pasientreisekontoret i Vestfold, Telemark"
3658,Telemark,Helse Sør-Øst,Sykehuset Telemark,"Pasientreisekontoret i Vestfold, Telemark"
3660,Telemark,Helse Sør-Øst,Sykehuset Telemark,"Pasientreisekontoret i Vestfold, Telemark"
3661,Telemark,Helse Sør-Øst,Sykehuset Telemark,"Pasientreisekontoret i Vestfold, Telemark"
3665,Telemark,Helse Sør-Øst,Sykehuset Telemark,"Pasientreisekontoret i Vestfold, Telemark"
3666,Telemark,Helse Sør-Øst,Sykehuset Telemark,"Pasientreisekontoret i Vestfold, Telemark"
3671,Telemark,Helse Sør-Øst,Sykehuset Telemark,"Pasientreisekontoret i Vestfold, Telemark"
3672,Telemark,Helse Sør-Øst,Sykehuset Telemark,"Pasientreisekontoret i Vestfold, Telemark"
3673,Telemark,Helse Sør-Øst,Sykehuset Telemark,"Pasientreisekontoret i Vestfold, Telemark"
3674,Telemark,Helse Sør-Øst,Sykehuset Telemark,"Pasientreisekontoret i Vestfold, Telemark"
3675,Telemark,Helse Sør-Øst,Sykehuset Telemark,"Pasientreisekontoret i Vestfold, Telemark"
3676,Telemark,Helse Sør-Øst,Sykehuset Telemark,"Pasientreisekontoret i Vestfold, Telemark"
3677,Telemark,Helse Sør-Øst,Sykehuset Telemark,"Pasientreisekontoret i Vestfold, Telemark"
3678,Telemark,Helse Sør-Øst,Sykehuset Telemark,"Pasientreisekontoret i Vestfold, Telemark"
3679,Telemark,Helse Sør-Øst,Sykehuset Telemark,"Pasientreisekontoret i Vestfold, Telemark"
3680,Telemark,Helse Sør-Øst,Sykehuset Telemark,"Pasientreisekontoret i Vestfold, Telemark"
3681,Telemark,Helse Sør-Øst,Sykehuset Telemark,"Pasientreisekontoret i Vestfold, Telemark"
3683,Telemark,Helse Sør-Øst,Sykehuset Telemark,"Pasientreisekontoret i Vestfold, Telemark"
3684,Telemark,Helse Sør-Øst,Sykehuset Telemark,"Pasientreisekontoret i Vestfold, Telemark"
3690,Telemark,Helse Sør-Øst,Sykehuset Telemark,"Pasientreisekontoret i Vestfold, Telemark"
3691,Telemark,Helse Sør-Øst,Sykehuset Telemark,"Pasientreisekontoret i Vestfold, Telemark"
3692,Telemark,Helse Sør-Øst,Sykehuset Telemark,"Pasientreisekontoret i Vestfold, Telemark"
3697,Telemark,Helse Sør-Øst,Sykehuset Telemark,"Pasientreisekontoret i Vestfold, Telemark"
3699,Telemark,Helse Sør-Øst,Sykehuset Telemark,"Pasientreisekontoret i Vestfold, Telemark"
3701,Telemark,Helse Sør-Øst,Sykehuset Telemark,"Pasientreisekontoret i Vestfold, Telemark"
3702,Telemark,Helse Sør-Øst,Sykehuset Telemark,"Pasientreisekontoret i Vestfold, Telemark"
3703,Telemark,Helse Sør-Øst,Sykehuset Telemark,"Pasientreisekontoret i Vestfold, Telemark"
3704,Telemark,Helse Sør-Øst,Sykehuset Telemark,"Pasientreisekontoret i Vestfold, Telemark"
3705,Telemark,Helse Sør-Øst,Sykehuset Telemark,"Pasientreisekontoret i Vestfold, Telemark"
3706,Telemark,Helse Sør-Øst,Sykehuset Telemark,"Pasientreisekontoret i Vestfold, Telemark"
3707,Telemark,Helse Sør-Øst,Sykehuset Telemark,"Pasientreisekontoret i Vestfold, Telemark"
3708,Telemark,Helse Sør-Øst,Sykehuset Telemark,"Pasientreisekontoret i Vestfold, Telemark"
3709,Telemark,Helse Sør-Øst,Sykehuset Telemark,"Pasientreisekontoret i Vestfold, Telemark"
3710,Telemark,Helse Sør-Øst,Sykehuset Telemark,"Pasientreisekontoret i Vestfold, Telemark"
3711,Telemark,Helse Sør-Øst,Sykehuset Telemark,"Pasientreisekontoret i Vestfold, Telemark"
3712,Telemark,Helse Sør-Øst,Sykehuset Telemark,"Pasientreisekontoret i Vestfold, Telemark"
3713,Telemark,Helse Sør-Øst,Sykehuset Telemark,"Pasientreisekontoret i Vestfold, Telemark"
3714,Telemark,Helse Sør-Øst,Sykehuset Telemark,"Pasientreisekontoret i Vestfold, Telemark"
3715,Telemark,Helse Sør-Øst,Sykehuset Telemark,"Pasientreisekontoret i Vestfold, Telemark"
3716,Telemark,Helse Sør-Øst,Sykehuset Telemark,"Pasientreisekontoret i Vestfold, Telemark"
3717,Telemark,Helse Sør-Øst,Sykehuset Telemark,"Pasientreisekontoret i Vestfold, Telemark"
3718,Telemark,Helse Sør-Øst,Sykehuset Telemark,"Pasientreisekontoret i Vestfold, Telemark"
3719,Telemark,Helse Sør-Øst,Sykehuset Telemark,"Pasientreisekontoret i Vestfold, Telemark"
3720,Telemark,Helse Sør-Øst,Sykehuset Telemark,"Pasientreisekontoret i Vestfold, Telemark"
3721,Telemark,Helse Sør-Øst,Sykehuset Telemark,"Pasientreisekontoret i Vestfold, Telemark"
3722,Telemark,Helse Sør-Øst,Sykehuset Telemark,"Pasientreisekontoret i Vestfold, Telemark"
3723,Telemark,Helse Sør-Øst,Sykehuset Telemark,"Pasientreisekontoret i Vestfold, Telemark"
3724,Telemark,Helse Sør-Øst,Sykehuset Telemark,"Pasientreisekontoret i Vestfold, Telemark"
3725,Telemark,Helse Sør-Øst,Sykehuset Telemark,"Pasientreisekontoret i Vestfold, Telemark"
3726,Telemark,Helse Sør-Øst,Sykehuset Telemark,"Pasientreisekontoret i Vestfold, Telemark"
3727,Telemark,Helse Sør-Øst,Sykehuset Telemark,"Pasientreisekontoret i Vestfold, Telemark"
3728,Telemark,Helse Sør-Øst,Sykehuset Telemark,"Pasientreisekontoret i Vestfold, Telemark"
3729,Telemark,Helse Sør-Øst,Sykehuset Telemark,"Pasientreisekontoret i Vestfold, Telemark"
3730,Telemark,Helse Sør-Øst,Sykehuset Telemark,"Pasientreisekontoret i Vestfold, Telemark"
3731,Telemark,Helse Sør-Øst,Sykehuset Telemark,"Pasientreisekontoret i Vestfold, Telemark"
3732,Telemark,Helse Sør-Øst,Sykehuset Telemark,"Pasientreisekontoret i Vestfold, Telemark"
3733,Telemark,Helse Sør-Øst,Sykehuset Telemark,"Pasientreisekontoret i Vestfold, Telemark"
3734,Telemark,Helse Sør-Øst,Sykehuset Telemark,"Pasientreisekontoret i Vestfold, Telemark"
3735,Telemark,Helse Sør-Øst,Sykehuset Telemark,"Pasientreisekontoret i Vestfold, Telemark"
3736,Telemark,Helse Sør-Øst,Sykehuset Telemark,"Pasientreisekontoret i Vestfold, Telemark"
3737,Telemark,Helse Sør-Øst,Sykehuset Telemark,"Pasientreisekontoret i Vestfold, Telemark"
3738,Telemark,Helse Sør-Øst,Sykehuset Telemark,"Pasientreisekontoret i Vestfold, Telemark"
3739,Telemark,Helse Sør-Øst,Sykehuset Telemark,"Pasientreisekontoret i Vestfold, Telemark"
3740,Telemark,Helse Sør-Øst,Sykehuset Telemark,"Pasientreisekontoret i Vestfold, Telemark"
3741,Telemark,Helse Sør-Øst,Sykehuset Telemark,"Pasientreisekontoret i Vestfold, Telemark"
3742,Telemark,Helse Sør-Øst,Sykehuset Telemark,"Pasientreisekontoret i Vestfold, Telemark"
3743,Telemark,Helse Sør-Øst,Sykehuset Telemark,"Pasientreisekontoret i Vestfold, Telemark"
3744,Telemark,Helse Sør-Øst,Sykehuset Telemark,"Pasientreisekontoret i Vestfold, Telemark"
3746,Telemark,Helse Sør-Øst,Sykehuset Telemark,"Pasientreisekontoret i Vestfold, Telemark"
3747,Telemark,Helse Sør-Øst,Sykehuset Telemark,"Pasientreisekontoret i Vestfold, Telemark"
3748,Telemark,Helse Sør-Øst,Sykehuset Telemark,"Pasientreisekontoret i Vestfold, Telemark"
3749,Telemark,Helse Sør-Øst,Sykehuset Telemark,"Pasientreisekontoret i Vestfold, Telemark"
3750,Telemark,Helse Sør-Øst,Sykehuset Telemark,"Pasientreisekontoret i Vestfold, Telemark"
3753,Telemark,Helse Sør-Øst,Sykehuset Telemark,"Pasientreisekontoret i Vestfold, Telemark"
3760,Telemark,Helse Sør-Øst,Sykehuset Telemark,"Pasientreisekontoret i Vestfold, Telemark"
3766,Telemark,Helse Sør-Øst,Sykehuset Telemark,"Pasientreisekontoret i Vestfold, Telemark"
3770,Telemark,Helse Sør-Øst,Sykehuset Telemark,"Pasientreisekontoret i Vestfold, Telemark"
3780,Telemark,Helse Sør-Øst,Sykehuset Telemark,"Pasientreisekontoret i Vestfold, Telemark"
3781,Telemark,Helse Sør-Øst,Sykehuset Telemark,"Pasientreisekontoret i Vestfold, Telemark"
3783,Telemark,Helse Sør-Øst,Sykehuset Telemark,"Pasientreisekontoret i Vestfold, Telemark"
3785,Telemark,Helse Sør-Øst,Sykehuset Telemark,"Pasientreisekontoret i Vestfold, Telemark"
3786,Telemark,Helse Sør-Øst,Sykehuset Telemark,"Pasientreisekontoret i Vestfold, Telemark"
3787,Telemark,Helse Sør-Øst,Sykehuset Telemark,"Pasientreisekontoret i Vestfold, Telemark"
3788,Telemark,Helse Sør-Øst,Sykehuset Telemark,"Pasientreisekontoret i Vestfold, Telemark"
3789,Telemark,Helse Sør-Øst,Sykehuset Telemark,"Pasientreisekontoret i Vestfold, Telemark"
3790,Telemark,Helse Sør-Øst,Sykehuset Telemark,"Pasientreisekontoret i Vestfold, Telemark"
3791,Telemark,Helse Sør-Øst,Sykehuset Telemark,"Pasientreisekontoret i Vestfold, Telemark"
3792,Telemark,Helse Sør-Øst,Sykehuset Telemark,"Pasientreisekontoret i Vestfold, Telemark"
3793,Telemark,Helse Sør-Øst,Sykehuset Telemark,"Pasientreisekontoret i Vestfold, Telemark"
3794,Telemark,Helse Sør-Øst,Sykehuset Telemark,"Pasientreisekontoret i Vestfold, Telemark"
3795,Telemark,Helse Sør-Øst,Sykehuset Telemark,"Pasientreisekontoret i Vestfold, Telemark"
3796,Telemark,Helse Sør-Øst,Sykehuset Telemark,"Pasientreisekontoret i Vestfold, Telemark"
3797,Telemark,Helse Sør-Øst,Sykehuset Telemark,"Pasientreisekontoret i Vestfold, Telemark"
3798,Telemark,Helse Sør-Øst,Sykehuset Telemark,"Pasientreisekontoret i Vestfold, Telemark"
3800,Telemark,Helse Sør-Øst,Sykehuset Telemark,"Pasientreisekontoret i Vestfold, Telemark"
3801,Telemark,Helse Sør-Øst,Sykehuset Telemark,"Pasientreisekontoret i Vestfold, Telemark"
3802,Telemark,Helse Sør-Øst,Sykehuset Telemark,"Pasientreisekontoret i Vestfold, Telemark"
3803,Telemark,Helse Sør-Øst,Sykehuset Telemark,"Pasientreisekontoret i Vestfold, Telemark"
3804,Telemark,Helse Sør-Øst,Sykehuset Telemark,"Pasientreisekontoret i Vestfold, Telemark"
3805,Telemark,Helse Sør-Øst,Sykehuset Telemark,"Pasientreisekontoret i Vestfold, Telemark"
3810,Telemark,Helse Sør-Øst,Sykehuset Telemark,"Pasientreisekontoret i Vestfold, Telemark"
3811,Telemark,Helse Sør-Øst,Sykehuset Telemark,"Pasientreisekontoret i Vestfold, Telemark"
3812,Telemark,Helse Sør-Øst,Sykehuset Telemark,"Pasientreisekontoret i Vestfold, Telemark"
3820,Telemark,Helse Sør-Øst,Sykehuset Telemark,"Pasientreisekontoret i Vestfold, Telemark"
3825,Telemark,Helse Sør-Øst,Sykehuset Telemark,"Pasientreisekontoret i Vestfold, Telemark"
3830,Telemark,Helse Sør-Øst,Sykehuset Telemark,"Pasientreisekontoret i Vestfold, Telemark"
3831,Telemark,Helse Sør-Øst,Sykehuset Telemark,"Pasientreisekontoret i Vestfold, Telemark"
3832,Telemark,Helse Sør-Øst,Sykehuset Telemark,"Pasientreisekontoret i Vestfold, Telemark"
3833,Telemark,Helse Sør-Øst,Sykehuset Telemark,"Pasientreisekontoret i Vestfold, Telemark"
3834,Telemark,Helse Sør-Øst,Sykehuset Telemark,"Pasientreisekontoret i Vestfold, Telemark"
3835,Telemark,Helse Sør-Øst,Sykehuset Telemark,"Pasientreisekontoret i Vestfold, Telemark"
3836,Telemark,Helse Sør-Øst,Sykehuset Telemark,"Pasientreisekontoret i Vestfold, Telemark"
3840,Telemark,Helse Sør-Øst,Sykehuset Telemark,"Pasientreisekontoret i Vestfold, Telemark"
3841,Telemark,Helse Sør-Øst,Sykehuset Telemark,"Pasientreisekontoret i Vestfold, Telemark"
3844,Telemark,Helse Sør-Øst,Sykehuset Telemark,"Pasientreisekontoret i Vestfold, Telemark"
3848,Telemark,Helse Sør-Øst,Sykehuset Telemark,"Pasientreisekontoret i Vestfold, Telemark"
3849,Telemark,Helse Sør-Øst,Sykehuset Telemark,"Pasientreisekontoret i Vestfold, Telemark"
3850,Telemark,Helse Sør-Øst,Sykehuset Telemark,"Pasientreisekontoret i Vestfold, Telemark"
3853,Telemark,Helse Sør-Øst,Sykehuset Telemark,"Pasientreisekontoret i Vestfold, Telemark"
3854,Telemark,Helse Sør-Øst,Sykehuset Telemark,"Pasientreisekontoret i Vestfold, Telemark"
3855,Telemark,Helse Sør-Øst,Sykehuset Telemark,"Pasientreisekontoret i Vestfold, Telemark"
3864,Telemark,Helse Sør-Øst,Sykehuset Telemark,"Pasientreisekontoret i Vestfold, Telemark"
3870,Telemark,Helse Sør-Øst,Sykehuset Telemark,"Pasientreisekontoret i Vestfold, Telemark"
3880,Telemark,Helse Sør-Øst,Sykehuset Telemark,"Pasientreisekontoret i Vestfold, Telemark"
3882,Telemark,Helse Sør-Øst,Sykehuset Telemark,"Pasientreisekontoret i Vestfold, Telemark"
3883,Telemark,Helse Sør-Øst,Sykehuset Telemark,"Pasientreisekontoret i Vestfold, Telemark"
3884,Telemark,Helse Sør-Øst,Sykehuset Telemark,"Pasientreisekontoret i Vestfold, Telemark"
3885,Telemark,Helse Sør-Øst,Sykehuset Telemark,"Pasientreisekontoret i Vestfold, Telemark"
3886,Telemark,Helse Sør-Øst,Sykehuset Telemark,"Pasientreisekontoret i Vestfold, Telemark"
3887,Telemark,Helse Sør-Øst,Sykehuset Telemark,"Pasientreisekontoret i Vestfold, Telemark"
3888,Telemark,Helse Sør-Øst,Sykehuset Telemark,"Pasientreisekontoret i Vestfold, Telemark"
3890,Telemark,Helse Sør-Øst,Sykehuset Telemark,"Pasientreisekontoret i Vestfold, Telemark"
3891,Telemark,Helse Sør-Øst,Sykehuset Telemark,"Pasientreisekontoret i Vestfold, Telemark"
3893,Telemark,Helse Sør-Øst,Sykehuset Telemark,"Pasientreisekontoret i Vestfold, Telemark"
3895,Telemark,Helse Sør-Øst,Sykehuset Telemark,"Pasientreisekontoret i Vestfold, Telemark"
3901,Telemark,Helse Sør-Øst,Sykehuset Telemark,"Pasientreisekontoret i Vestfold, Telemark"
3902,Telemark,Helse Sør-Øst,Sykehuset Telemark,"Pasientreisekontoret i Vestfold, Telemark"
3903,Telemark,Helse Sør-Øst,Sykehuset Telemark,"Pasientreisekontoret i Vestfold, Telemark"
3904,Telemark,Helse Sør-Øst,Sykehuset Telemark,"Pasientreisekontoret i Vestfold, Telemark"
3905,Telemark,Helse Sør-Øst,Sykehuset Telemark,"Pasientreisekontoret i Vestfold, Telemark"
3906,Telemark,Helse Sør-Øst,Sykehuset Telemark,"Pasientreisekontoret i Vestfold, Telemark"
3907,Telemark,Helse Sør-Øst,Sykehuset Telemark,"Pasientreisekontoret i Vestfold, Telemark"
3908,Telemark,Helse Sør-Øst,Sykehuset Telemark,"Pasientreisekontoret i Vestfold, Telemark"
3909,Telemark,Helse Sør-Øst,Sykehuset Telemark,"Pasientreisekontoret i Vestfold, Telemark"
3910,Telemark,Helse Sør-Øst,Sykehuset Telemark,"Pasientreisekontoret i Vestfold, Telemark"
3911,Telemark,Helse Sør-Øst,Sykehuset Telemark,"Pasientreisekontoret i Vestfold, Telemark"
3912,Telemark,Helse Sør-Øst,Sykehuset Telemark,"Pasientreisekontoret i Vestfold, Telemark"
3913,Telemark,Helse Sør-Øst,Sykehuset Telemark,"Pasientreisekontoret i Vestfold, Telemark"
3914,Telemark,Helse Sør-Øst,Sykehuset Telemark,"Pasientreisekontoret i Vestfold, Telemark"
3915,Telemark,Helse Sør-Øst,Sykehuset Telemark,"Pasientreisekontoret i Vestfold, Telemark"
3916,Telemark,Helse Sør-Øst,Sykehuset Telemark,"Pasientreisekontoret i Vestfold, Telemark"
3917,Telemark,Helse Sør-Øst,Sykehuset Telemark,"Pasientreisekontoret i Vestfold, Telemark"
3918,Telemark,Helse Sør-Øst,Sykehuset Telemark,"Pasientreisekontoret i Vestfold, Telemark"
3919,Telemark,Helse Sør-Øst,Sykehuset Telemark,"Pasientreisekontoret i Vestfold, Telemark"
3920,Telemark,Helse Sør-Øst,Sykehuset Telemark,"Pasientreisekontoret i Vestfold, Telemark"
3921,Telemark,Helse Sør-Øst,Sykehuset Telemark,"Pasientreisekontoret i Vestfold, Telemark"
3922,Telemark,Helse Sør-Øst,Sykehuset Telemark,"Pasientreisekontoret i Vestfold, Telemark"
3923,Telemark,Helse Sør-Øst,Sykehuset Telemark,"Pasientreisekontoret i Vestfold, Telemark"
3924,Telemark,Helse Sør-Øst,Sykehuset Telemark,"Pasientreisekontoret i Vestfold, Telemark"
3925,Telemark,Helse Sør-Øst,Sykehuset Telemark,"Pasientreisekontoret i Vestfold, Telemark"
3926,Telemark,Helse Sør-Øst,Sykehuset Telemark,"Pasientreisekontoret i Vestfold, Telemark"
3927,Telemark,Helse Sør-Øst,Sykehuset Telemark,"Pasientreisekontoret i Vestfold, Telemark"
3928,Telemark,Helse Sør-Øst,Sykehuset Telemark,"Pasientreisekontoret i Vestfold, Telemark"
3929,Telemark,Helse Sør-Øst,Sykehuset Telemark,"Pasientreisekontoret i Vestfold, Telemark"
3930,Telemark,Helse Sør-Øst,Sykehuset Telemark,"Pasientreisekontoret i Vestfold, Telemark"
3931,Telemark,Helse Sør-Øst,Sykehuset Telemark,"Pasientreisekontoret i Vestfold, Telemark"
3932,Telemark,Helse Sør-Øst,Sykehuset Telemark,"Pasientreisekontoret i Vestfold, Telemark"
3933,Telemark,Helse Sør-Øst,Sykehuset Telemark,"Pasientreisekontoret i Vestfold, Telemark"
3934,Telemark,Helse Sør-Øst,Sykehuset Telemark,"Pasientreisekontoret i Vestfold, Telemark"
3935,Telemark,Helse Sør-Øst,Sykehuset Telemark,"Pasientreisekontoret i Vestfold, Telemark"
3936,Telemark,Helse Sør-Øst,Sykehuset Telemark,"Pasientreisekontoret i Vestfold, Telemark"
3937,Telemark,Helse Sør-Øst,Sykehuset Telemark,"Pasientreisekontoret i Vestfold, Telemark"
3939,Telemark,Helse Sør-Øst,Sykehuset Telemark,"Pasientreisekontoret i Vestfold, Telemark"
3940,Telemark,Helse Sør-Øst,Sykehuset Telemark,"Pasientreisekontoret i Vestfold, Telemark"
3941,Telemark,Helse Sør-Øst,Sykehuset Telemark,"Pasientreisekontoret i Vestfold, Telemark"
3942,Telemark,Helse Sør-Øst,Sykehuset Telemark,"Pasientreisekontoret i Vestfold, Telemark"
3943,Telemark,Helse Sør-Øst,Sykehuset Telemark,"Pasientreisekontoret i Vestfold, Telemark"
3944,Telemark,Helse Sør-Øst,Sykehuset Telemark,"Pasientreisekontoret i Vestfold, Telemark"
3945,Telemark,Helse Sør-Øst,Sykehuset Telemark,"Pasientreisekontoret i Vestfold, Telemark"
3946,Telemark,Helse Sør-Øst,Sykehuset Telemark,"Pasientreisekontoret i Vestfold, Telemark"
3947,Telemark,Helse Sør-Øst,Sykehuset Telemark,"Pasientreisekontoret i Vestfold, Telemark"
3948,Telemark,Helse Sør-Øst,Sykehuset Telemark,"Pasientreisekontoret i Vestfold, Telemark"
3949,Telemark,Helse Sør-Øst,Sykehuset Telemark,"Pasientreisekontoret i Vestfold, Telemark"
3950,Telemark,Helse Sør-Øst,Sykehuset Telemark,"Pasientreisekontoret i Vestfold, Telemark"
3960,Telemark,Helse Sør-Øst,Sykehuset Telemark,"Pasientreisekontoret i Vestfold, Telemark"
3965,Telemark,Helse Sør-Øst,Sykehuset Telemark,"Pasientreisekontoret i Vestfold, Telemark"
3966,Telemark,Helse Sør-Øst,Sykehuset Telemark,"Pasientreisekontoret i Vestfold, Telemark"
3967,Telemark,Helse Sør-Øst,Sykehuset Telemark,"Pasientreisekontoret i Vestfold, Telemark"
3970,Telemark,Helse Sør-Øst,Sykehuset Telemark,"Pasientreisekontoret i Vestfold, Telemark"
3991,Telemark,Helse Sør-Øst,Sykehuset Telemark,"Pasientreisekontoret i Vestfold, Telemark"
3993,Telemark,Helse Sør-Øst,Sykehuset Telemark,"Pasientreisekontoret i Vestfold, Telemark"
3994,Telemark,Helse Sør-Øst,Sykehuset Telemark,"Pasientreisekontoret i Vestfold, Telemark"
3995,Telemark,Helse Sør-Øst,Sykehuset Telemark,"Pasientreisekontoret i Vestfold, Telemark"
3996,Telemark,Helse Sør-Øst,Sykehuset Telemark,"Pasientreisekontoret i Vestfold, Telemark"
3997,Telemark,Helse Sør-Øst,Sykehuset Telemark,"Pasientreisekontoret i Vestfold, Telemark"
3998,Telemark,Helse Sør-Øst,Sykehuset Telemark,"Pasientreisekontoret i Vestfold, Telemark"
3999,Telemark,Helse Sør-Øst,Sykehuset Telemark,"Pasientreisekontoret i Vestfold, Telemark"
4001,Rogaland,Helse Vest,Helse Stavanger,Kjørekontoret Stavanger
4002,Rogaland,Helse Vest,Helse Stavanger,Kjørekontoret Stavanger
4003,Rogaland,Helse Vest,Helse Stavanger,Kjørekontoret Stavanger
4004,Rogaland,Helse Vest,Helse Stavanger,Kjørekontoret Stavanger
4005,Rogaland,Helse Vest,Helse Stavanger,Kjørekontoret Stavanger
4006,Rogaland,Helse Vest,Helse Stavanger,Kjørekontoret Stavanger
4007,Rogaland,Helse Vest,Helse Stavanger,Kjørekontoret Stavanger
4008,Rogaland,Helse Vest,Helse Stavanger,Kjørekontoret Stavanger
4009,Rogaland,Helse Vest,Helse Stavanger,Kjørekontoret Stavanger
4010,Rogaland,Helse Vest,Helse Stavanger,Kjørekontoret Stavanger
4011,Rogaland,Helse Vest,Helse Stavanger,Kjørekontoret Stavanger
4012,Rogaland,Helse Vest,Helse Stavanger,Kjørekontoret Stavanger
4013,Rogaland,Helse Vest,Helse Stavanger,Kjørekontoret Stavanger
4014,Rogaland,Helse Vest,Helse Stavanger,Kjørekontoret Stavanger
4015,Rogaland,Helse Vest,Helse Stavanger,Kjørekontoret Stavanger
4016,Rogaland,Helse Vest,Helse Stavanger,Kjørekontoret Stavanger
4017,Rogaland,Helse Vest,Helse Stavanger,Kjørekontoret Stavanger
4018,Rogaland,Helse Vest,Helse Stavanger,Kjørekontoret Stavanger
4019,Rogaland,Helse Vest,Helse Stavanger,Kjørekontoret Stavanger
4020,Rogaland,Helse Vest,Helse Stavanger,Kjørekontoret Stavanger
4021,Rogaland,Helse Vest,Helse Stavanger,Kjørekontoret Stavanger
4022,Rogaland,Helse Vest,Helse Stavanger,Kjørekontoret Stavanger
4023,Rogaland,Helse Vest,Helse Stavanger,Kjørekontoret Stavanger
4024,Rogaland,Helse Vest,Helse Stavanger,Kjørekontoret Stavanger
4025,Rogaland,Helse Vest,Helse Stavanger,Kjørekontoret Stavanger
4026,Rogaland,Helse Vest,Helse Stavanger,Kjørekontoret Stavanger
4027,Rogaland,Helse Vest,Helse Stavanger,Kjørekontoret Stavanger
4028,Rogaland,Helse Vest,Helse Stavanger,Kjørekontoret Stavanger
4029,Rogaland,Helse Vest,Helse Stavanger,Kjørekontoret Stavanger
4031,Rogaland,Helse Vest,Helse Stavanger,Kjørekontoret Stavanger
4032,Rogaland,Helse Vest,Helse Stavanger,Kjørekontoret Stavanger
4033,Rogaland,Helse Vest,Helse Stavanger,Kjørekontoret Stavanger
4034,Rogaland,Helse Vest,Helse Stavanger,Kjørekontoret Stavanger
4035,Rogaland,Helse Vest,Helse Stavanger,Kjørekontoret Stavanger
4036,Rogaland,Helse Vest,Helse Stavanger,Kjørekontoret Stavanger
4041,Rogaland,Helse Vest,Helse Stavanger,Kjørekontoret Stavanger
4042,Rogaland,Helse Vest,Helse Stavanger,Kjørekontoret Stavanger
4043,Rogaland,Helse Vest,Helse Stavanger,Kjørekontoret Stavanger
4044,Rogaland,Helse Vest,Helse Stavanger,Kjørekontoret Stavanger
4045,Rogaland,Helse Vest,Helse Stavanger,Kjørekontoret Stavanger
4046,Rogaland,Helse Vest,Helse Stavanger,Kjørekontoret Stavanger
4047,Rogaland,Helse Vest,Helse Stavanger,Kjørekontoret Stavanger
4048,Rogaland,Helse Vest,Helse Stavanger,Kjørekontoret Stavanger
4049,Rogaland,Helse Vest,Helse Stavanger,Kjørekontoret Stavanger
4050,Rogaland,Helse Vest,Helse Stavanger,Kjørekontoret Stavanger
4051,Rogaland,Helse Vest,"Helse Fonna, Haugesund","Pasientreisekontoret Ved Helse Fonna, Haugesund"
4052,Rogaland,Helse Vest,Helse Stavanger,Kjørekontoret Stavanger
4053,Rogaland,Helse Vest,Helse Stavanger,Kjørekontoret Stavanger
4054,Rogaland,Helse Vest,Helse Stavanger,Kjørekontoret Stavanger
4055,Rogaland,Helse Vest,Helse Stavanger,Kjørekontoret Stavanger
4056,Rogaland,Helse Vest,Helse Stavanger,Kjørekontoret Stavanger
4057,Rogaland,Helse Vest,"Helse Fonna, Haugesund","Pasientreisekontoret Ved Helse Fonna, Haugesund"
4058,Rogaland,Helse Vest,"Helse Fonna, Haugesund","Pasientreisekontoret Ved Helse Fonna, Haugesund"
4059,Rogaland,Helse Vest,Helse Stavanger,Kjørekontoret Stavanger
4064,Rogaland,Helse Vest,Helse Stavanger,Kjørekontoret Stavanger
4065,Rogaland,Helse Vest,Helse Stavanger,Kjørekontoret Stavanger
4066,Rogaland,Helse Vest,Helse Stavanger,Kjørekontoret Stavanger
4067,Rogaland,Helse Vest,Helse Stavanger,Kjørekontoret Stavanger
4068,Rogaland,Helse Vest,Helse Stavanger,Kjørekontoret Stavanger
4069,Rogaland,Helse Vest,Helse Stavanger,Kjørekontoret Stavanger
4070,Rogaland,Helse Vest,Helse Stavanger,Kjørekontoret Stavanger
4076,Rogaland,Helse Vest,Helse Stavanger,Kjørekontoret Stavanger
4077,Rogaland,Helse Vest,"Helse Fonna, Haugesund","Pasientreisekontoret Ved Helse Fonna, Haugesund"
4078,Rogaland,Helse Vest,Helse Stavanger,Kjørekontoret Stavanger
4079,Rogaland,Helse Vest,Helse Stavanger,Kjørekontoret Stavanger
4081,Rogaland,Helse Vest,Helse Stavanger,Kjørekontoret Stavanger
4082,Rogaland,Helse Vest,Helse Stavanger,Kjørekontoret Stavanger
4083,Rogaland,Helse Vest,"Helse Fonna, Haugesund","Pasientreisekontoret Ved Helse Fonna, Haugesund"
4084,Rogaland,Helse Vest,Helse Stavanger,Kjørekontoret Stavanger
4085,Rogaland,Helse Vest,Helse Stavanger,Kjørekontoret Stavanger
4086,Rogaland,Helse Vest,Helse Stavanger,Kjørekontoret Stavanger
4087,Rogaland,Helse Vest,Helse Stavanger,Kjørekontoret Stavanger
4088,Rogaland,Helse Vest,Helse Stavanger,Kjørekontoret Stavanger
4089,Rogaland,Helse Vest,Helse Stavanger,Kjørekontoret Stavanger
4090,Rogaland,Helse Vest,Helse Stavanger,Kjørekontoret Stavanger
4091,Rogaland,Helse Vest,Helse Stavanger,Kjørekontoret Stavanger
4092,Rogaland,Helse Vest,Helse Stavanger,Kjørekontoret Stavanger
4093,Rogaland,Helse Vest,Helse Stavanger,Kjørekontoret Stavanger
4094,Rogaland,Helse Vest,Helse Stavanger,Kjørekontoret Stavanger
4095,Rogaland,Helse Vest,Helse Stavanger,Kjørekontoret Stavanger
4096,Rogaland,Helse Vest,Helse Stavanger,Kjørekontoret i Helse Vest
4097,Rogaland,Helse Vest,Helse Stavanger,Kjørekontoret i Helse Vest
4098,Rogaland,Helse Vest,Helse Stavanger,Kjørekontoret i Helse Vest
4099,Rogaland,Helse Vest,"Helse Fonna, Haugesund","Pasientreisekontoret Ved Helse Fonna, Haugesund"
4100,Rogaland,Helse Vest,Helse Stavanger,Kjørekontoret i Helse Vest
4102,Rogaland,Helse Vest,Helse Stavanger,Kjørekontoret i Helse Vest
4110,Rogaland,Helse Vest,Helse Stavanger,Kjørekontoret i Helse Vest
4119,Rogaland,Helse Vest,Helse Stavanger,Kjørekontoret i Helse Vest
4120,Rogaland,Helse Vest,Helse Stavanger,Kjørekontoret i Helse Vest
4123,Rogaland,Helse Vest,Helse Stavanger,Kjørekontoret i Helse Vest
4124,Rogaland,Helse Vest,Helse Stavanger,Kjørekontoret i Helse Vest
4126,Rogaland,Helse Vest,Helse Stavanger,Kjørekontoret i Helse Vest
4127,Rogaland,Helse Vest,Helse Stavanger,Kjørekontoret i Helse Vest
4128,Rogaland,Helse Vest,Helse Stavanger,Kjørekontoret i Helse Vest
4129,Rogaland,Helse Vest,Helse Stavanger,Kjørekontoret i Helse Vest
4130,Rogaland,Helse Vest,Helse Stavanger,Kjørekontoret i Helse Vest
4134,Rogaland,Helse Vest,Helse Stavanger,Kjørekontoret i Helse Vest
4137,Rogaland,Helse Vest,Helse Stavanger,Kjørekontoret i Helse Vest
4139,Rogaland,Helse Vest,Helse Stavanger,Kjørekontoret i Helse Vest
4146,Rogaland,Helse Vest,Helse Stavanger,Kjørekontoret i Helse Vest
4148,Rogaland,Helse Vest,Helse Stavanger,Kjørekontoret i Helse Vest
4150,Rogaland,Helse Vest,Helse Stavanger,Kjørekontoret i Helse Vest
4152,Rogaland,Helse Vest,Helse Stavanger,Kjørekontoret i Helse Vest
4153,Rogaland,Helse Vest,Helse Stavanger,Kjørekontoret i Helse Vest
4154,Rogaland,Helse Vest,Helse Stavanger,Kjørekontoret i Helse Vest
4156,Rogaland,Helse Vest,Helse Stavanger,Kjørekontoret i Helse Vest
4158,Rogaland,Helse Vest,Helse Stavanger,Kjørekontoret i Helse Vest
4159,Rogaland,Helse Vest,Helse Stavanger,Kjørekontoret i Helse Vest
4160,Rogaland,Helse Vest,Helse Stavanger,Kjørekontoret i Helse Vest
4161,Rogaland,Helse Vest,Helse Stavanger,Kjørekontoret i Helse Vest
4163,Rogaland,Helse Vest,Helse Stavanger,Kjørekontoret i Helse Vest
4164,Rogaland,Helse Vest,Helse Stavanger,Kjørekontoret i Helse Vest
4167,Rogaland,Helse Vest,Helse Stavanger,Kjørekontoret i Helse Vest
4168,Rogaland,Helse Vest,Helse Stavanger,Kjørekontoret i Helse Vest
4169,Rogaland,Helse Vest,Helse Stavanger,Kjørekontoret i Helse Vest
4170,Rogaland,Helse Vest,Helse Stavanger,Kjørekontoret i Helse Vest
4173,Rogaland,Helse Vest,Helse Stavanger,Kjørekontoret i Helse Vest
4174,Rogaland,Helse Vest,Helse Stavanger,Kjørekontoret i Helse Vest
4180,Rogaland,Helse Vest,Helse Stavanger,Kjørekontoret i Helse Vest
4182,Rogaland,Helse Vest,Helse Stavanger,Kjørekontoret i Helse Vest
4187,Rogaland,Helse Vest,Helse Stavanger,Kjørekontoret i Helse Vest
4198,Rogaland,Helse Vest,"Helse Fonna, Haugesund","Pasientreisekontoret Ved Helse Fonna, Haugesund"
4200,Rogaland,Helse Vest,"Helse Fonna, Haugesund","Pasientreisekontoret Ved Helse Fonna, Haugesund"
4201,Rogaland,Helse Vest,"Helse Fonna, Haugesund","Pasientreisekontoret Ved Helse Fonna, Haugesund"
4208,Rogaland,Helse Vest,"Helse Fonna, Haugesund","Pasientreisekontoret Ved Helse Fonna, Haugesund"
4209,Rogaland,Helse Vest,"Helse Fonna, Haugesund","Pasientreisekontoret Ved Helse Fonna, Haugesund"
4230,Rogaland,Helse Vest,"Helse Fonna, Haugesund","Pasientreisekontoret Ved Helse Fonna, Haugesund"
4233,Rogaland,Helse Vest,"Helse Fonna, Haugesund","Pasientreisekontoret Ved Helse Fonna, Haugesund"
4234,Rogaland,Helse Vest,"Helse Fonna, Haugesund","Pasientreisekontoret Ved Helse Fonna, Haugesund"
4235,Rogaland,Helse Vest,"Helse Fonna, Haugesund","Pasientreisekontoret Ved Helse Fonna, Haugesund"
4237,Rogaland,Helse Vest,"Helse Fonna, Haugesund","Pasientreisekontoret Ved Helse Fonna, Haugesund"
4239,Rogaland,Helse Vest,"Helse Fonna, Haugesund","Pasientreisekontoret Ved Helse Fonna, Haugesund"
4240,Rogaland,Helse Vest,"Helse Fonna, Haugesund","Pasientreisekontoret Ved Helse Fonna, Haugesund"
4244,Rogaland,Helse Vest,"Helse Fonna, Haugesund","Pasientreisekontoret Ved Helse Fonna, Haugesund"
4250,Rogaland,Helse Vest,"Helse Fonna, Haugesund","Pasientreisekontoret Ved Helse Fonna, Haugesund"
4260,Rogaland,Helse Vest,"Helse Fonna, Haugesund","Pasientreisekontoret Ved Helse Fonna, Haugesund"
4262,Rogaland,Helse Vest,"Helse Fonna, Haugesund","Pasientreisekontoret Ved Helse Fonna, Haugesund"
4264,Rogaland,Helse Vest,"Helse Fonna, Haugesund","Pasientreisekontoret Ved Helse Fonna, Haugesund"
4265,Rogaland,Helse Vest,"Helse Fonna, Haugesund","Pasientreisekontoret Ved Helse Fonna, Haugesund"
4270,Rogaland,Helse Vest,"Helse Fonna, Haugesund","Pasientreisekontoret Ved Helse Fonna, Haugesund"
4272,Rogaland,Helse Vest,"Helse Fonna, Haugesund","Pasientreisekontoret Ved Helse Fonna, Haugesund"
4274,Rogaland,Helse Vest,"Helse Fonna, Haugesund","Pasientreisekontoret Ved Helse Fonna, Haugesund"
4275,Rogaland,Helse Vest,"Helse Fonna, Haugesund","Pasientreisekontoret Ved Helse Fonna, Haugesund"
4276,Rogaland,Helse Vest,"Helse Fonna, Haugesund","Pasientreisekontoret Ved Helse Fonna, Haugesund"
4280,Rogaland,Helse Vest,"Helse Fonna, Haugesund","Pasientreisekontoret Ved Helse Fonna, Haugesund"
4291,Rogaland,Helse Vest,"Helse Fonna, Haugesund","Pasientreisekontoret Ved Helse Fonna, Haugesund"
4294,Rogaland,Helse Vest,"Helse Fonna, Haugesund","Pasientreisekontoret Ved Helse Fonna, Haugesund"
4295,Rogaland,Helse Vest,"Helse Fonna, Haugesund","Pasientreisekontoret Ved Helse Fonna, Haugesund"
4296,Rogaland,Helse Vest,"Helse Fonna, Haugesund","Pasientreisekontoret Ved Helse Fonna, Haugesund"
4297,Rogaland,Helse Vest,"Helse Fonna, Haugesund","Pasientreisekontoret Ved Helse Fonna, Haugesund"
4298,Rogaland,Helse Vest,"Helse Fonna, Haugesund","Pasientreisekontoret Ved Helse Fonna, Haugesund"
4299,Rogaland,Helse Vest,"Helse Fonna, Haugesund","Pasientreisekontoret Ved Helse Fonna, Haugesund"
4301,Rogaland,Helse Vest,Helse Stanvanger,Kjørekontoret i Helse Vest
4302,Rogaland,Helse Vest,Helse Stanvanger,Kjørekontoret i Helse Vest
4303,Rogaland,Helse Vest,Helse Stanvanger,Kjørekontoret i Helse Vest
4304,Rogaland,Helse Vest,Helse Stanvanger,Kjørekontoret i Helse Vest
4305,Rogaland,Helse Vest,Helse Stanvanger,Kjørekontoret i Helse Vest
4306,Rogaland,Helse Vest,Helse Stanvanger,Kjørekontoret i Helse Vest
4307,Rogaland,Helse Vest,Helse Stanvanger,Kjørekontoret i Helse Vest
4308,Rogaland,Helse Vest,Helse Stanvanger,Kjørekontoret i Helse Vest
4309,Rogaland,Helse Vest,Helse Stanvanger,Kjørekontoret i Helse Vest
4310,Rogaland,Helse Vest,Helse Stanvanger,Kjørekontoret i Helse Vest
4311,Rogaland,Helse Vest,Helse Stanvanger,Kjørekontoret i Helse Vest
4312,Rogaland,Helse Vest,Helse Stanvanger,Kjørekontoret i Helse Vest
4313,Rogaland,Helse Vest,Helse Stanvanger,Kjørekontoret i Helse Vest
4314,Rogaland,Helse Vest,Helse Stanvanger,Kjørekontoret i Helse Vest
4315,Rogaland,Helse Vest,Helse Stanvanger,Kjørekontoret i Helse Vest
4316,Rogaland,Helse Vest,Helse Stanvanger,Kjørekontoret i Helse Vest
4317,Rogaland,Helse Vest,Helse Stanvanger,Kjørekontoret i Helse Vest
4318,Rogaland,Helse Vest,Helse Stanvanger,Kjørekontoret i Helse Vest
4319,Rogaland,Helse Vest,Helse Stanvanger,Kjørekontoret i Helse Vest
4321,Rogaland,Helse Vest,Helse Stanvanger,Kjørekontoret i Helse Vest
4322,Rogaland,Helse Vest,Helse Stanvanger,Kjørekontoret i Helse Vest
4323,Rogaland,Helse Vest,Helse Stanvanger,Kjørekontoret i Helse Vest
4324,Rogaland,Helse Vest,Helse Stanvanger,Kjørekontoret i Helse Vest
4325,Rogaland,Helse Vest,Helse Stanvanger,Kjørekontoret i Helse Vest
4326,Rogaland,Helse Vest,Helse Stanvanger,Kjørekontoret i Helse Vest
4327,Rogaland,Helse Vest,Helse Stanvanger,Kjørekontoret i Helse Vest
4328,Rogaland,Helse Vest,Helse Stanvanger,Kjørekontoret i Helse Vest
4329,Rogaland,Helse Vest,Helse Stanvanger,Kjørekontoret i Helse Vest
4332,Rogaland,Helse Vest,Helse Stanvanger,Kjørekontoret i Helse Vest
4333,Rogaland,Helse Vest,Helse Stanvanger,Kjørekontoret i Helse Vest
4335,Rogaland,Helse Vest,Helse Stanvanger,Kjørekontoret i Helse Vest
4339,Rogaland,Helse Vest,Helse Stanvanger,Kjørekontoret i Helse Vest
4340,Rogaland,Helse Vest,Helse Stanvanger,Kjørekontoret i Helse Vest
4341,Rogaland,Helse Vest,"Helse Fonna, Haugesund","Pasientreisekontoret Ved Helse Fonna, Haugesund"
4342,Rogaland,Helse Vest,Helse Stanvanger,Kjørekontoret i Helse Vest
4343,Rogaland,Helse Vest,Helse Stanvanger,Kjørekontoret i Helse Vest
4344,Rogaland,Helse Vest,"Helse Fonna, Haugesund","Pasientreisekontoret Ved Helse Fonna, Haugesund"
4345,Rogaland,Helse Vest,"Helse Fonna, Haugesund","Pasientreisekontoret Ved Helse Fonna, Haugesund"
4346,Rogaland,Helse Vest,"Helse Fonna, Haugesund","Pasientreisekontoret Ved Helse Fonna, Haugesund"
4347,Rogaland,Helse Vest,"Helse Fonna, Haugesund","Pasientreisekontoret Ved Helse Fonna, Haugesund"
4348,Rogaland,Helse Vest,Helse Stanvanger,Kjørekontoret i Helse Vest
4349,Rogaland,Helse Vest,Helse Stanvanger,Kjørekontoret i Helse Vest
4352,Rogaland,Helse Vest,Helse Stanvanger,Kjørekontoret i Helse Vest
4353,Rogaland,Helse Vest,Helse Stanvanger,Kjørekontoret i Helse Vest
4354,Rogaland,Helse Vest,Helse Stanvanger,Kjørekontoret i Helse Vest
4355,Rogaland,Helse Vest,Helse Stanvanger,Kjørekontoret i Helse Vest
4356,Rogaland,Helse Vest,Helse Stanvanger,Kjørekontoret i Helse Vest
4357,Rogaland,Helse Vest,Helse Stanvanger,Kjørekontoret i Helse Vest
4358,Rogaland,Helse Vest,Helse Stanvanger,Kjørekontoret i Helse Vest
4360,Rogaland,Helse Vest,Helse Stanvanger,Kjørekontoret i Helse Vest
4362,Rogaland,Helse Vest,Helse Stanvanger,Kjørekontoret i Helse Vest
4363,Rogaland,Helse Vest,Helse Stanvanger,Kjørekontoret i Helse Vest
4364,Rogaland,Helse Vest,Helse Stanvanger,Kjørekontoret i Helse Vest
4365,Rogaland,Helse Vest,Helse Stanvanger,Kjørekontoret i Helse Vest
4367,Rogaland,Helse Vest,Helse Stanvanger,Kjørekontoret i Helse Vest
4368,Rogaland,Helse Vest,Helse Stanvanger,Kjørekontoret i Helse Vest
4369,Rogaland,Helse Vest,Helse Stanvanger,Kjørekontoret i Helse Vest
4370,Rogaland,Helse Vest,Helse Stanvanger,Kjørekontoret i Helse Vest
4371,Rogaland,Helse Vest,"Helse Fonna, Haugesund","Pasientreisekontoret Ved Helse Fonna, Haugesund"
4372,Rogaland,Helse Vest,"Helse Fonna, Haugesund","Pasientreisekontoret Ved Helse Fonna, Haugesund"
4373,Rogaland,Helse Vest,"Helse Fonna, Haugesund","Pasientreisekontoret Ved Helse Fonna, Haugesund"
4374,Rogaland,Helse Vest,"Helse Fonna, Haugesund","Pasientreisekontoret Ved Helse Fonna, Haugesund"
4375,Rogaland,Helse Vest,Helse Stanvanger,Kjørekontoret i Helse Vest
4376,Rogaland,Helse Vest,Helse Stanvanger,Kjørekontoret i Helse Vest
4378,Rogaland,Helse Vest,"Helse Fonna, Haugesund","Pasientreisekontoret Ved Helse Fonna, Haugesund"
4379,Rogaland,Helse Vest,Helse Stanvanger,Kjørekontoret i Helse Vest
4380,Rogaland,Helse Vest,Helse Stanvanger,Kjørekontoret i Helse Vest
4381,Rogaland,Helse Vest,Helse Stanvanger,Kjørekontoret i Helse Vest
4387,Rogaland,Helse Vest,Helse Stanvanger,Kjørekontoret i Helse Vest
4389,Rogaland,Helse Vest,Helse Stanvanger,Kjørekontoret i Helse Vest
4391,Rogaland,Helse Vest,Helse Stanvanger,Kjørekontoret i Helse Vest
4392,Rogaland,Helse Vest,Helse Stanvanger,Kjørekontoret i Helse Vest
4393,Rogaland,Helse Vest,Helse Stanvanger,Kjørekontoret i Helse Vest
4394,Rogaland,Helse Vest,"Helse Fonna, Haugesund","Pasientreisekontoret Ved Helse Fonna, Haugesund"
4395,Rogaland,Helse Vest,Helse Stanvanger,Kjørekontoret i Helse Vest
4396,Rogaland,Helse Vest,Helse Stanvanger,Kjørekontoret i Helse Vest
4397,Rogaland,Helse Vest,Helse Stanvanger,Kjørekontoret i Helse Vest
4398,Rogaland,Helse Vest,Helse Stanvanger,Kjørekontoret i Helse Vest
4400,Vest agder,Helse Sør-Øst,Sykehuset Sørlandet,Pasientreiser Agder
4401,Vest agder,Helse Sør-Øst,Sykehuset Sørlandet,Pasientreiser Agder
4402,Vest agder,Helse Sør-Øst,Sykehuset Sørlandet,Pasientreiser Agder
4403,Vest agder,Helse Sør-Øst,Sykehuset Sørlandet,Pasientreiser Agder
4420,Vest agder,Helse Sør-Øst,Sykehuset Sørlandet,Pasientreiser Agder
4432,Vest agder,Helse Sør-Øst,Sykehuset Sørlandet,Pasientreiser Agder
4434,Vest agder,Helse Sør-Øst,Sykehuset Sørlandet,Pasientreiser Agder
4436,Vest agder,Helse Sør-Øst,Sykehuset Sørlandet,Pasientreiser Agder
4438,Vest agder,Helse Sør-Øst,Sykehuset Sørlandet,Pasientreiser Agder
4440,Vest agder,Helse Sør-Øst,Sykehuset Sørlandet,Pasientreiser Agder
4441,Vest agder,Helse Sør-Øst,Sykehuset Sørlandet,Pasientreiser Agder
4443,Vest agder,Helse Sør-Øst,Sykehuset Sørlandet,Pasientreiser Agder
4460,Rogaland,Helse Vest,Helse Stanvanger,Kjørekontoret i Helse Vest
4462,Rogaland,Helse Vest,Helse Stanvanger,Kjørekontoret i Helse Vest
4463,Rogaland,Helse Vest,Helse Stanvanger,Kjørekontoret i Helse Vest
4465,Rogaland,Helse Vest,Helse Stanvanger,Kjørekontoret i Helse Vest
4473,Vest agder,Helse Sør-Øst,Sykehuset Sørlandet,Pasientreiser Agder
4480,Vest agder,Helse Sør-Øst,Sykehuset Sørlandet,Pasientreiser Agder
4484,Vest agder,Helse Sør-Øst,Sykehuset Sørlandet,Pasientreiser Agder
4485,Vest agder,Helse Sør-Øst,Sykehuset Sørlandet,Pasientreiser Agder
4490,Vest agder,Helse Sør-Øst,Sykehuset Sørlandet,Pasientreiser Agder
4491,Vest agder,Helse Sør-Øst,Sykehuset Sørlandet,Pasientreiser Agder
4492,Vest agder,Helse Sør-Øst,Sykehuset Sørlandet,Pasientreiser Agder
4501,Vest agder,Helse Sør-Øst,Sykehuset Sørlandet,Pasientreiser Agder
4502,Vest agder,Helse Sør-Øst,Sykehuset Sørlandet,Pasientreiser Agder
4503,Vest agder,Helse Sør-Øst,Sykehuset Sørlandet,Pasientreiser Agder
4504,Vest agder,Helse Sør-Øst,Sykehuset Sørlandet,Pasientreiser Agder
4505,Vest agder,Helse Sør-Øst,Sykehuset Sørlandet,Pasientreiser Agder
4506,Vest agder,Helse Sør-Øst,Sykehuset Sørlandet,Pasientreiser Agder
4509,Vest agder,Helse Sør-Øst,Sykehuset Sørlandet,Pasientreiser Agder
4512,Vest agder,Helse Sør-Øst,Sykehuset Sørlandet,Pasientreiser Agder
4513,Vest agder,Helse Sør-Øst,Sykehuset Sørlandet,Pasientreiser Agder
4514,Vest agder,Helse Sør-Øst,Sykehuset Sørlandet,Pasientreiser Agder
4515,Vest agder,Helse Sør-Øst,Sykehuset Sørlandet,Pasientreiser Agder
4516,Vest agder,Helse Sør-Øst,Sykehuset Sørlandet,Pasientreiser Agder
4517,Vest agder,Helse Sør-Øst,Sykehuset Sørlandet,Pasientreiser Agder
4519,Vest agder,Helse Sør-Øst,Sykehuset Sørlandet,Pasientreiser Agder
4520,Vest agder,Helse Sør-Øst,Sykehuset Sørlandet,Pasientreiser Agder
4521,Vest agder,Helse Sør-Øst,Sykehuset Sørlandet,Pasientreiser Agder
4522,Vest-Agder,Helse Sør-Øst,Sykehuset Sørlandet,Pasientreiser Agder
4523,Vest agder,Helse Sør-Øst,Sykehuset Sørlandet,Pasientreiser Agder
4524,Vest agder,Helse Sør-Øst,Sykehuset Sørlandet,Pasientreiser Agder
4525,Vest agder,Helse Sør-Øst,Sykehuset Sørlandet,Pasientreiser Agder
4528,Vest agder,Helse Sør-Øst,Sykehuset Sørlandet,Pasientreiser Agder
4529,Vest agder,Helse Sør-Øst,Sykehuset Sørlandet,Pasientreiser Agder
4532,Vest agder,Helse Sør-Øst,Sykehuset Sørlandet,Pasientreiser Agder
4534,Vest agder,Helse Sør-Øst,Sykehuset Sørlandet,Pasientreiser Agder
4536,Vest agder,Helse Sør-Øst,Sykehuset Sørlandet,Pasientreiser Agder
4540,Vest agder,Helse Sør-Øst,Sykehuset Sørlandet,Pasientreiser Agder
4544,Vest agder,Helse Sør-Øst,Sykehuset Sørlandet,Pasientreiser Agder
4550,Vest agder,Helse Sør-Øst,Sykehuset Sørlandet,Pasientreiser Agder
4551,Vest agder,Helse Sør-Øst,Sykehuset Sørlandet,Pasientreiser Agder
4552,Vest agder,Helse Sør-Øst,Sykehuset Sørlandet,Pasientreiser Agder
4553,Vest agder,Helse Sør-Øst,Sykehuset Sørlandet,Pasientreiser Agder
4554,Vest agder,Helse Sør-Øst,Sykehuset Sørlandet,Pasientreiser Agder
4557,Vest agder,Helse Sør-Øst,Sykehuset Sørlandet,Pasientreiser Agder
4558,Vest agder,Helse Sør-Øst,Sykehuset Sørlandet,Pasientreiser Agder
4560,Vest agder,Helse Sør-Øst,Sykehuset Sørlandet,Pasientreiser Agder
4563,Vest agder,Helse Sør-Øst,Sykehuset Sørlandet,Pasientreiser Agder
4575,Vest agder,Helse Sør-Øst,Sykehuset Sørlandet,Pasientreiser Agder
4576,Vest agder,Helse Sør-Øst,Sykehuset Sørlandet,Pasientreiser Agder
4577,Vest agder,Helse Sør-Øst,Sykehuset Sørlandet,Pasientreiser Agder
4579,Vest agder,Helse Sør-Øst,Sykehuset Sørlandet,Pasientreiser Agder
4580,Vest agder,Helse Sør-Øst,Sykehuset Sørlandet,Pasientreiser Agder
4586,Vest agder,Helse Sør-Øst,Sykehuset Sørlandet,Pasientreiser Agder
4588,Vest agder,Helse Sør-Øst,Sykehuset Sørlandet,Pasientreiser Agder
4590,Vest agder,Helse Sør-Øst,Sykehuset Sørlandet,Pasientreiser Agder
4595,Vest agder,Helse Sør-Øst,Sykehuset Sørlandet,Pasientreiser Agder
4596,Vest agder,Helse Sør-Øst,Sykehuset Sørlandet,Pasientreiser Agder
4604,Vest agder,Helse Sør-Øst,Sykehuset Sørlandet,Pasientreiser Agder
4605,Vest agder,Helse Sør-Øst,Sykehuset Sørlandet,Pasientreiser Agder
4606,Vest agder,Helse Sør-Øst,Sykehuset Sørlandet,Pasientreiser Agder
4608,Vest agder,Helse Sør-Øst,Sykehuset Sørlandet,Pasientreiser Agder
4609,Vest agder,Helse Sør-Øst,Sykehuset Sørlandet,Pasientreiser Agder
4610,Vest agder,Helse Sør-Øst,Sykehuset Sørlandet,Pasientreiser Agder
4611,Vest agder,Helse Sør-Øst,Sykehuset Sørlandet,Pasientreiser Agder
4612,Vest agder,Helse Sør-Øst,Sykehuset Sørlandet,Pasientreiser Agder
4613,Vest agder,Helse Sør-Øst,Sykehuset Sørlandet,Pasientreiser Agder
4614,Vest agder,Helse Sør-Øst,Sykehuset Sørlandet,Pasientreiser Agder
4615,Vest agder,Helse Sør-Øst,Sykehuset Sørlandet,Pasientreiser Agder
4616,Vest agder,Helse Sør-Øst,Sykehuset Sørlandet,Pasientreiser Agder
4617,Vest agder,Helse Sør-Øst,Sykehuset Sørlandet,Pasientreiser Agder
4618,Vest agder,Helse Sør-Øst,Sykehuset Sørlandet,Pasientreiser Agder
4619,Vest agder,Helse Sør-Øst,Sykehuset Sørlandet,Pasientreiser Agder
4620,Vest agder,Helse Sør-Øst,Sykehuset Sørlandet,Pasientreiser Agder
4621,Vest agder,Helse Sør-Øst,Sykehuset Sørlandet,Pasientreiser Agder
4622,Vest agder,Helse Sør-Øst,Sykehuset Sørlandet,Pasientreiser Agder
4623,Vest agder,Helse Sør-Øst,Sykehuset Sørlandet,Pasientreiser Agder
4624,Vest agder,Helse Sør-Øst,Sykehuset Sørlandet,Pasientreiser Agder
4625,Vest agder,Helse Sør-Øst,Sykehuset Sørlandet,Pasientreiser Agder
4626,Vest agder,Helse Sør-Øst,Sykehuset Sørlandet,Pasientreiser Agder
4628,Vest agder,Helse Sør-Øst,Sykehuset Sørlandet,Pasientreiser Agder
4629,Vest agder,Helse Sør-Øst,Sykehuset Sørlandet,Pasientreiser Agder
4630,Vest agder,Helse Sør-Øst,Sykehuset Sørlandet,Pasientreiser Agder
4631,Vest agder,Helse Sør-Øst,Sykehuset Sørlandet,Pasientreiser Agder
4632,Vest agder,Helse Sør-Øst,Sykehuset Sørlandet,Pasientreiser Agder
4633,Vest agder,Helse Sør-Øst,Sykehuset Sørlandet,Pasientreiser Agder
4634,Vest agder,Helse Sør-Øst,Sykehuset Sørlandet,Pasientreiser Agder
4635,Vest agder,Helse Sør-Øst,Sykehuset Sørlandet,Pasientreiser Agder
4636,Vest agder,Helse Sør-Øst,Sykehuset Sørlandet,Pasientreiser Agder
4637,Vest agder,Helse Sør-Øst,Sykehuset Sørlandet,Pasientreiser Agder
4638,Vest agder,Helse Sør-Øst,Sykehuset Sørlandet,Pasientreiser Agder
4639,Vest agder,Helse Sør-Øst,Sykehuset Sørlandet,Pasientreiser Agder
4640,Vest agder,Helse Sør-Øst,Sykehuset Sørlandet,Pasientreiser Agder
4645,Vest agder,Helse Sør-Øst,Sykehuset Sørlandet,Pasientreiser Agder
4646,Vest agder,Helse Sør-Øst,Sykehuset Sørlandet,Pasientreiser Agder
4647,Vest agder,Helse Sør-Øst,Sykehuset Sørlandet,Pasientreiser Agder
4651,Vest agder,Helse Sør-Øst,Sykehuset Sørlandet,Pasientreiser Agder
4656,Vest agder,Helse Sør-Øst,Sykehuset Sørlandet,Pasientreiser Agder
4657,Vest agder,Helse Sør-Øst,Sykehuset Sørlandet,Pasientreiser Agder
4658,Vest agder,Helse Sør-Øst,Sykehuset Sørlandet,Pasientreiser Agder
4659,Vest agder,Helse Sør-Øst,Sykehuset Sørlandet,Pasientreiser Agder
4661,Vest agder,Helse Sør-Øst,Sykehuset Sørlandet,Pasientreiser Agder
4662,Vest agder,Helse Sør-Øst,Sykehuset Sørlandet,Pasientreiser Agder
4663,Vest agder,Helse Sør-Øst,Sykehuset Sørlandet,Pasientreiser Agder
4664,Vest agder,Helse Sør-Øst,Sykehuset Sørlandet,Pasientreiser Agder
4665,Vest agder,Helse Sør-Øst,Sykehuset Sørlandet,Pasientreiser Agder
4666,Vest agder,Helse Sør-Øst,Sykehuset Sørlandet,Pasientreiser Agder
4670,Vest-Agder,Helse Sør-Øst,Sykehuset Sørlandet,Pasientreiser Agder
4671,Vest agder,Helse Sør-Øst,Sykehuset Sørlandet,Pasientreiser Agder
4672,Vest agder,Helse Sør-Øst,Sykehuset Sørlandet,Pasientreiser Agder
4673,Vest agder,Helse Sør-Øst,Sykehuset Sørlandet,Pasientreiser Agder
4674,Vest agder,Helse Sør-Øst,Sykehuset Sørlandet,Pasientreiser Agder
4675,Vest agder,Helse Sør-Øst,Sykehuset Sørlandet,Pasientreiser Agder
4676,Vest agder,Helse Sør-Øst,Sykehuset Sørlandet,Pasientreiser Agder
4677,Vest agder,Helse Sør-Øst,Sykehuset Sørlandet,Pasientreiser Agder
4678,Vest agder,Helse Sør-Øst,Sykehuset Sørlandet,Pasientreiser Agder
4679,Vest agder,Helse Sør-Øst,Sykehuset Sørlandet,Pasientreiser Agder
4681,Vest-Agder,Helse Sør-Øst,Sykehuset Sørlandet,Pasientreiser Agder
4682,Vest agder,Helse Sør-Øst,Sykehuset Sørlandet,Pasientreiser Agder
4683,Vest agder,Helse Sør-Øst,Sykehuset Sørlandet,Pasientreiser Agder
4684,Vest-Agder,Helse Sør-Øst,Sykehuset Sørlandet,Pasientreiser Agder
4685,Vest agder,Helse Sør-Øst,Sykehuset Sørlandet,Pasientreiser Agder
4686,Vest agder,Helse Sør-Øst,Sykehuset Sørlandet,Pasientreiser Agder
4687,Vest agder,Helse Sør-Øst,Sykehuset Sørlandet,Pasientreiser Agder
4688,Vest agder,Helse Sør-Øst,Sykehuset Sørlandet,Pasientreiser Agder
4689,Vest agder,Helse Sør-Øst,Sykehuset Sørlandet,Pasientreiser Agder
4691,Vest agder,Helse Sør-Øst,Sykehuset Sørlandet,Pasientreiser Agder
4693,Vest agder,Helse Sør-Øst,Sykehuset Sørlandet,Pasientreiser Agder
4694,Vest-Agder,Helse Sør-Øst,Sykehuset Sørlandet,Pasientreiser Agder
4695,Vest-Agder,Helse Sør-Øst,Sykehuset Sørlandet,Pasientreiser Agder
4696,Vest agder,Helse Sør-Øst,Sykehuset Sørlandet,Pasientreiser Agder
4697,Vest agder,Helse Sør-Øst,Sykehuset Sørlandet,Pasientreiser Agder
4698,Vest-Agder,Helse Sør-Øst,Sykehuset Sørlandet,Pasientreiser Agder
4699,Vest agder,Helse Sør-Øst,Sykehuset Sørlandet,Pasientreiser Agder
4700,Aust Agder,Helse Sør-Øst,Sykehuset Sørlandet,Pasientreiser Agder
4701,Aust Agder,Helse Sør-Øst,Sykehuset Sørlandet,Pasientreiser Agder
4702,Aust Agder,Helse Sør-Øst,Sykehuset Sørlandet,Pasientreiser Agder
4703,Aust Agder,Helse Sør-Øst,Sykehuset Sørlandet,Pasientreiser Agder
4705,Aust Agder,Helse Sør-Øst,Sykehuset Sørlandet,Pasientreiser Agder
4715,Aust Agder,Helse Sør-Øst,Sykehuset Sørlandet,Pasientreiser Agder
4720,Aust Agder,Helse Sør-Øst,Sykehuset Sørlandet,Pasientreiser Agder
4724,Aust Agder,Helse Sør-Øst,Sykehuset Sørlandet,Pasientreiser Agder
4730,Aust Agder,Helse Sør-Øst,Sykehuset Sørlandet,Pasientreiser Agder
4733,Aust Agder,Helse Sør-Øst,Sykehuset Sørlandet,Pasientreiser Agder
4734,Aust Agder,Helse Sør-Øst,Sykehuset Sørlandet,Pasientreiser Agder
4735,Aust Agder,Helse Sør-Øst,Sykehuset Sørlandet,Pasientreiser Agder
4737,Aust Agder,Helse Sør-Øst,Sykehuset Sørlandet,Pasientreiser Agder
4741,Aust Agder,Helse Sør-Øst,Sykehuset Sørlandet,Pasientreiser Agder
4742,Aust Agder,Helse Sør-Øst,Sykehuset Sørlandet,Pasientreiser Agder
4745,Aust Agder,Helse Sør-Øst,Sykehuset Sørlandet,Pasientreiser Agder
4747,Aust Agder,Helse Sør-Øst,Sykehuset Sørlandet,Pasientreiser Agder
4748,Aust Agder,Helse Sør-Øst,Sykehuset Sørlandet,Pasientreiser Agder
4754,Aust Agder,Helse Sør-Øst,Sykehuset Sørlandet,Pasientreiser Agder
4755,Aust Agder,Helse Sør-Øst,Sykehuset Sørlandet,Pasientreiser Agder
4756,Aust Agder,Helse Sør-Øst,Sykehuset Sørlandet,Pasientreiser Agder
4760,Aust Agder,Helse Sør-Øst,Sykehuset Sørlandet,Pasientreiser Agder
4766,Aust Agder,Helse Sør-Øst,Sykehuset Sørlandet,Pasientreiser Agder
4768,Aust Agder,Helse Sør-Øst,Sykehuset Sørlandet,Pasientreiser Agder
4770,Aust Agder,Helse Sør-Øst,Sykehuset Sørlandet,Pasientreiser Agder
4780,Aust Agder,Helse Sør-Øst,Sykehuset Sørlandet,Pasientreiser Agder
4790,Aust Agder,Helse Sør-Øst,Sykehuset Sørlandet,Pasientreiser Agder
4791,Aust Agder,Helse Sør-Øst,Sykehuset Sørlandet,Pasientreiser Agder
4792,Aust Agder,Helse Sør-Øst,Sykehuset Sørlandet,Pasientreiser Agder
4793,Aust-Agder,Helse Sør-Øst,Sykehuset Sørlandet,Pasientreiser Agder
4794,Aust Agder,Helse Sør-Øst,Sykehuset Sørlandet,Pasientreiser Agder
4795,Aust Agder,Helse Sør-Øst,Sykehuset Sørlandet,Pasientreiser Agder
4801,Aust Agder,Helse Sør-Øst,Sykehuset Sørlandet,Pasientreiser Agder
4802,Aust Agder,Helse Sør-Øst,Sykehuset Sørlandet,Pasientreiser Agder
4803,Aust Agder,Helse Sør-Øst,Sykehuset Sørlandet,Pasientreiser Agder
4804,Aust Agder,Helse Sør-Øst,Sykehuset Sørlandet,Pasientreiser Agder
4808,Aust Agder,Helse Sør-Øst,Sykehuset Sørlandet,Pasientreiser Agder
4809,Aust Agder,Helse Sør-Øst,Sykehuset Sørlandet,Pasientreiser Agder
4810,Aust Agder,Helse Sør-Øst,Sykehuset Sørlandet,Pasientreiser Agder
4812,Aust Agder,Helse Sør-Øst,Sykehuset Sørlandet,Pasientreiser Agder
4815,Aust Agder,Helse Sør-Øst,Sykehuset Sørlandet,Pasientreiser Agder
4816,Aust Agder,Helse Sør-Øst,Sykehuset Sørlandet,Pasientreiser Agder
4817,Aust Agder,Helse Sør-Øst,Sykehuset Sørlandet,Pasientreiser Agder
4818,Aust Agder,Helse Sør-Øst,Sykehuset Sørlandet,Pasientreiser Agder
4820,Aust Agder,Helse Sør-Øst,Sykehuset Sørlandet,Pasientreiser Agder
4821,Aust Agder,Helse Sør-Øst,Sykehuset Sørlandet,Pasientreiser Agder
4823,Aust Agder,Helse Sør-Øst,Sykehuset Sørlandet,Pasientreiser Agder
4824,Aust Agder,Helse Sør-Øst,Sykehuset Sørlandet,Pasientreiser Agder
4825,Aust Agder,Helse Sør-Øst,Sykehuset Sørlandet,Pasientreiser Agder
4827,Aust Agder,Helse Sør-Øst,Sykehuset Sørlandet,Pasientreiser Agder
4828,Aust Agder,Helse Sør-Øst,Sykehuset Sørlandet,Pasientreiser Agder
4830,Aust Agder,Helse Sør-Øst,Sykehuset Sørlandet,Pasientreiser Agder
4832,Aust Agder,Helse Sør-Øst,Sykehuset Sørlandet,Pasientreiser Agder
4834,Aust Agder,Helse Sør-Øst,Sykehuset Sørlandet,Pasientreiser Agder
4836,Aust Agder,Helse Sør-Øst,Sykehuset Sørlandet,Pasientreiser Agder
4838,Aust Agder,Helse Sør-Øst,Sykehuset Sørlandet,Pasientreiser Agder
4839,Aust Agder,Helse Sør-Øst,Sykehuset Sørlandet,Pasientreiser Agder
4841,Aust Agder,Helse Sør-Øst,Sykehuset Sørlandet,Pasientreiser Agder
4842,Aust Agder,Helse Sør-Øst,Sykehuset Sørlandet,Pasientreiser Agder
4843,Aust Agder,Helse Sør-Øst,Sykehuset Sørlandet,Pasientreiser Agder
4844,Aust Agder,Helse Sør-Øst,Sykehuset Sørlandet,Pasientreiser Agder
4846,Aust Agder,Helse Sør-Øst,Sykehuset Sørlandet,Pasientreiser Agder
4847,Aust Agder,Helse Sør-Øst,Sykehuset Sørlandet,Pasientreiser Agder
4848,Aust Agder,Helse Sør-Øst,Sykehuset Sørlandet,Pasientreiser Agder
4849,Aust Agder,Helse Sør-Øst,Sykehuset Sørlandet,Pasientreiser Agder
4851,Aust Agder,Helse Sør-Øst,Sykehuset Sørlandet,Pasientreiser Agder
4852,Aust Agder,Helse Sør-Øst,Sykehuset Sørlandet,Pasientreiser Agder
4853,Aust Agder,Helse Sør-Øst,Sykehuset Sørlandet,Pasientreiser Agder
4854,Aust Agder,Helse Sør-Øst,Sykehuset Sørlandet,Pasientreiser Agder
4855,Aust Agder,Helse Sør-Øst,Sykehuset Sørlandet,Pasientreiser Agder
4856,Aust Agder,Helse Sør-Øst,Sykehuset Sørlandet,Pasientreiser Agder
4857,Aust Agder,Helse Sør-Øst,Sykehuset Sørlandet,Pasientreiser Agder
4858,Aust Agder,Helse Sør-Øst,Sykehuset Sørlandet,Pasientreiser Agder
4859,Aust Agder,Helse Sør-Øst,Sykehuset Sørlandet,Pasientreiser Agder
4861,Aust Agder,Helse Sør-Øst,Sykehuset Sørlandet,Pasientreiser Agder
4862,Aust Agder,Helse Sør-Øst,Sykehuset Sørlandet,Pasientreiser Agder
4863,Aust Agder,Helse Sør-Øst,Sykehuset Sørlandet,Pasientreiser Agder
4864,Aust Agder,Helse Sør-Øst,Sykehuset Sørlandet,Pasientreiser Agder
4865,Aust Agder,Helse Sør-Øst,Sykehuset Sørlandet,Pasientreiser Agder
4868,Aust Agder,Helse Sør-Øst,Sykehuset Sørlandet,Pasientreiser Agder
4869,Aust Agder,Helse Sør-Øst,Sykehuset Sørlandet,Pasientreiser Agder
4870,Aust Agder,Helse Sør-Øst,Sykehuset Sørlandet,Pasientreiser Agder
4876,Aust Agder,Helse Sør-Øst,Sykehuset Sørlandet,Pasientreiser Agder
4877,Aust Agder,Helse Sør-Øst,Sykehuset Sørlandet,Pasientreiser Agder
4878,Aust Agder,Helse Sør-Øst,Sykehuset Sørlandet,Pasientreiser Agder
4879,Aust Agder,Helse Sør-Øst,Sykehuset Sørlandet,Pasientreiser Agder
4884,Aust Agder,Helse Sør-Øst,Sykehuset Sørlandet,Pasientreiser Agder
4885,Aust Agder,Helse Sør-Øst,Sykehuset Sørlandet,Pasientreiser Agder
4886,Aust Agder,Helse Sør-Øst,Sykehuset Sørlandet,Pasientreiser Agder
4887,Aust Agder,Helse Sør-Øst,Sykehuset Sørlandet,Pasientreiser Agder
4888,Aust Agder,Helse Sør-Øst,Sykehuset Sørlandet,Pasientreiser Agder
4889,Aust Agder,Helse Sør-Øst,Sykehuset Sørlandet,Pasientreiser Agder
4891,Aust Agder,Helse Sør-Øst,Sykehuset Sørlandet,Pasientreiser Agder
4892,Aust Agder,Helse Sør-Øst,Sykehuset Sørlandet,Pasientreiser Agder
4893,Aust-Agder,Helse Sør-Øst,Sykehuset Sørlandet,Pasientreiser Agder
4894,Aust Agder,Helse Sør-Øst,Sykehuset Sørlandet,Pasientreiser Agder
4895,Aust Agder,Helse Sør-Øst,Sykehuset Sørlandet,Pasientreiser Agder
4896,Aust Agder,Helse Sør-Øst,Sykehuset Sørlandet,Pasientreiser Agder
4898,Aust Agder,Helse Sør-Øst,Sykehuset Sørlandet,Pasientreiser Agder
4900,Aust Agder,Helse Sør-Øst,Sykehuset Sørlandet,Pasientreiser Agder
4901,Aust Agder,Helse Sør-Øst,Sykehuset Sørlandet,Pasientreiser Agder
4902,Aust Agder,Helse Sør-Øst,Sykehuset Sørlandet,Pasientreiser Agder
4909,Aust Agder,Helse Sør-Øst,Sykehuset Sørlandet,Pasientreiser Agder
4910,Aust Agder,Helse Sør-Øst,Sykehuset Sørlandet,Pasientreiser Agder
4912,Aust Agder,Helse Sør-Øst,Sykehuset Sørlandet,Pasientreiser Agder
4915,Aust Agder,Helse Sør-Øst,Sykehuset Sørlandet,Pasientreiser Agder
4916,Aust Agder,Helse Sør-Øst,Sykehuset Sørlandet,Pasientreiser Agder
4920,Aust Agder,Helse Sør-Øst,Sykehuset Sørlandet,Pasientreiser Agder
4934,Aust Agder,Helse Sør-Øst,Sykehuset Sørlandet,Pasientreiser Agder
4950,Aust Agder,Helse Sør-Øst,Sykehuset Sørlandet,Pasientreiser Agder
4951,Aust Agder,Helse Sør-Øst,Sykehuset Sørlandet,Pasientreiser Agder
4952,Aust Agder,Helse Sør-Øst,Sykehuset Sørlandet,Pasientreiser Agder
4953,Aust Agder,Helse Sør-Øst,Sykehuset Sørlandet,Pasientreiser Agder
4955,Aust Agder,Helse Sør-Øst,Sykehuset Sørlandet,Pasientreiser Agder
4971,Aust Agder,Helse Sør-Øst,Sykehuset Sørlandet,Pasientreiser Agder
4972,Aust Agder,Helse Sør-Øst,Sykehuset Sørlandet,Pasientreiser Agder
4973,Aust Agder,Helse Sør-Øst,Sykehuset Sørlandet,Pasientreiser Agder
4974,Aust Agder,Helse Sør-Øst,Sykehuset Sørlandet,Pasientreiser Agder
4980,Aust Agder,Helse Sør-Øst,Sykehuset Sørlandet,Pasientreiser Agder
4985,Aust Agder,Helse Sør-Øst,Sykehuset Sørlandet,Pasientreiser Agder
4990,Aust Agder,Helse Sør-Øst,Sykehuset Sørlandet,Pasientreiser Agder
4993,Aust Agder,Helse Sør-Øst,Sykehuset Sørlandet,Pasientreiser Agder
4994,Aust Agder,Helse Sør-Øst,Sykehuset Sørlandet,Pasientreiser Agder
5003,Hordaland,Helse Vest,Helse Bergen,"Pasientreisekontoret Ved Helse Bergen, Bergen"
5004,Hordaland,Helse Vest,Helse Bergen,"Pasientreisekontoret Ved Helse Bergen, Bergen"
5005,Hordaland,Helse Vest,Helse Bergen,"Pasientreisekontoret Ved Helse Bergen, Bergen"
5006,Hordaland,Helse Vest,Helse Bergen,"Pasientreisekontoret Ved Helse Bergen, Bergen"
5007,Hordaland,Helse Vest,Helse Bergen,"Pasientreisekontoret Ved Helse Bergen, Bergen"
5008,Hordaland,Helse Vest,Helse Bergen,"Pasientreisekontoret Ved Helse Bergen, Bergen"
5009,Hordaland,Helse Vest,Helse Bergen,"Pasientreisekontoret Ved Helse Bergen, Bergen"
5010,Hordaland,Helse Vest,Helse Bergen,"Pasientreisekontoret Ved Helse Bergen, Bergen"
5011,Hordaland,Helse Vest,Helse Bergen,"Pasientreisekontoret Ved Helse Bergen, Bergen"
5012,Hordaland,Helse Vest,Helse Bergen,"Pasientreisekontoret Ved Helse Bergen, Bergen"
5013,Hordaland,Helse Vest,Helse Bergen,"Pasientreisekontoret Ved Helse Bergen, Bergen"
5014,Hordaland,Helse Vest,Helse Bergen,"Pasientreisekontoret Ved Helse Bergen, Bergen"
5015,Hordaland,Helse Vest,Helse Bergen,"Pasientreisekontoret Ved Helse Bergen, Bergen"
5016,Hordaland,Helse Vest,Helse Bergen,"Pasientreisekontoret Ved Helse Bergen, Bergen"
5017,Hordaland,Helse Vest,Helse Bergen,"Pasientreisekontoret Ved Helse Bergen, Bergen"
5018,Hordaland,Helse Vest,Helse Bergen,"Pasientreisekontoret Ved Helse Bergen, Bergen"
5019,Hordaland,Helse Vest,Helse Bergen,"Pasientreisekontoret Ved Helse Bergen, Bergen"
5020,Hordaland,Helse Vest,Helse Bergen,"Pasientreisekontoret Ved Helse Bergen, Bergen"
5021,Hordaland,Helse Vest,Helse Bergen,"Pasientreisekontoret Ved Helse Bergen, Bergen"
5022,Hordaland,Helse Vest,Helse Bergen,"Pasientreisekontoret Ved Helse Bergen, Bergen"
5031,Hordaland,Helse Vest,Helse Bergen,"Pasientreisekontoret Ved Helse Bergen, Bergen"
5032,Hordaland,Helse Vest,Helse Bergen,"Pasientreisekontoret Ved Helse Bergen, Bergen"
5033,Hordaland,Helse Vest,Helse Bergen,"Pasientreisekontoret Ved Helse Bergen, Bergen"
5034,Hordaland,Helse Vest,Helse Bergen,"Pasientreisekontoret Ved Helse Bergen, Bergen"
5035,Hordaland,Helse Vest,Helse Bergen,"Pasientreisekontoret Ved Helse Bergen, Bergen"
5036,Hordaland,Helse Vest,Helse Bergen,"Pasientreisekontoret Ved Helse Bergen, Bergen"
5037,Hordaland,Helse Vest,Helse Bergen,"Pasientreisekontoret Ved Helse Bergen, Bergen"
5038,Hordaland,Helse Vest,Helse Bergen,"Pasientreisekontoret Ved Helse Bergen, Bergen"
5039,Hordaland,Helse Vest,Helse Bergen,"Pasientreisekontoret Ved Helse Bergen, Bergen"
5041,Hordaland,Helse Vest,Helse Bergen,"Pasientreisekontoret Ved Helse Bergen, Bergen"
5042,Hordaland,Helse Vest,Helse Bergen,"Pasientreisekontoret Ved Helse Bergen, Bergen"
5043,Hordaland,Helse Vest,Helse Bergen,"Pasientreisekontoret Ved Helse Bergen, Bergen"
5045,Hordaland,Helse Vest,Helse Bergen,"Pasientreisekontoret Ved Helse Bergen, Bergen"
5052,Hordaland,Helse Vest,Helse Bergen,"Pasientreisekontoret Ved Helse Bergen, Bergen"
5053,Hordaland,Helse Vest,Helse Bergen,"Pasientreisekontoret Ved Helse Bergen, Bergen"
5054,Hordaland,Helse Vest,Helse Bergen,"Pasientreisekontoret Ved Helse Bergen, Bergen"
5055,Hordaland,Helse Vest,Helse Bergen,"Pasientreisekontoret Ved Helse Bergen, Bergen"
5056,Hordaland,Helse Vest,Helse Bergen,"Pasientreisekontoret Ved Helse Bergen, Bergen"
5057,Hordaland,Helse Vest,Helse Bergen,"Pasientreisekontoret Ved Helse Bergen, Bergen"
5058,Hordaland,Helse Vest,Helse Bergen,"Pasientreisekontoret Ved Helse Bergen, Bergen"
5059,Hordaland,Helse Vest,Helse Bergen,"Pasientreisekontoret Ved Helse Bergen, Bergen"
5063,Hordaland,Helse Vest,Helse Bergen,"Pasientreisekontoret Ved Helse Bergen, Bergen"
5067,Hordaland,Helse Vest,Helse Bergen,"Pasientreisekontoret Ved Helse Bergen, Bergen"
5068,Hordaland,Helse Vest,Helse Bergen,"Pasientreisekontoret Ved Helse Bergen, Bergen"
5072,Hordaland,Helse Vest,Helse Bergen,"Pasientreisekontoret Ved Helse Bergen, Bergen"
5073,Hordaland,Helse Vest,Helse Bergen,"Pasientreisekontoret Ved Helse Bergen, Bergen"
5075,Hordaland,Helse Vest,Helse Bergen,"Pasientreisekontoret Ved Helse Bergen, Bergen"
5081,Hordaland,Helse Vest,Helse Bergen,"Pasientreisekontoret Ved Helse Bergen, Bergen"
5082,Hordaland,Helse Vest,Helse Bergen,"Pasientreisekontoret Ved Helse Bergen, Bergen"
5089,Hordaland,Helse Vest,Helse Bergen,"Pasientreisekontoret Ved Helse Bergen, Bergen"
5093,Hordaland,Helse Vest,Helse Bergen,"Pasientreisekontoret Ved Helse Bergen, Bergen"
5094,Hordaland,Helse Vest,Helse Bergen,"Pasientreisekontoret Ved Helse Bergen, Bergen"
5096,Hordaland,Helse Vest,Helse Bergen,"Pasientreisekontoret Ved Helse Bergen, Bergen"
5097,Hordaland,Helse Vest,Helse Bergen,"Pasientreisekontoret Ved Helse Bergen, Bergen"
5098,Hordaland,Helse Vest,Helse Bergen,"Pasientreisekontoret Ved Helse Bergen, Bergen"
5099,Hordaland,Helse Vest,Helse Bergen,"Pasientreisekontoret Ved Helse Bergen, Bergen"
5101,Hordaland,Helse Vest,Helse Bergen,"Pasientreisekontoret Ved Helse Bergen, Bergen"
5104,Hordaland,Helse Vest,Helse Bergen,"Pasientreisekontoret Ved Helse Bergen, Bergen"
5105,Hordaland,Helse Vest,Helse Bergen,"Pasientreisekontoret Ved Helse Bergen, Bergen"
5106,Hordaland,Helse Vest,Helse Bergen,"Pasientreisekontoret Ved Helse Bergen, Bergen"
5107,Hordaland,Helse Vest,Helse Bergen,"Pasientreisekontoret Ved Helse Bergen, Bergen"
5108,Hordaland,Helse Vest,Helse Bergen,"Pasientreisekontoret Ved Helse Bergen, Bergen"
5109,Hordaland,Helse Vest,Helse Bergen,"Pasientreisekontoret Ved Helse Bergen, Bergen"
5111,Hordaland,Helse Vest,Helse Bergen,"Pasientreisekontoret Ved Helse Bergen, Bergen"
5113,Hordaland,Helse Vest,Helse Bergen,"Pasientreisekontoret Ved Helse Bergen, Bergen"
5114,Hordaland,Helse Vest,Helse Bergen,"Pasientreisekontoret Ved Helse Bergen, Bergen"
5115,Hordaland,Helse Vest,Helse Bergen,"Pasientreisekontoret Ved Helse Bergen, Bergen"
5116,Hordaland,Helse Vest,Helse Bergen,"Pasientreisekontoret Ved Helse Bergen, Bergen"
5117,Hordaland,Helse Vest,Helse Bergen,"Pasientreisekontoret Ved Helse Bergen, Bergen"
5118,Hordaland,Helse Vest,Helse Bergen,"Pasientreisekontoret Ved Helse Bergen, Bergen"
5119,Hordaland,Helse Vest,Helse Bergen,"Pasientreisekontoret Ved Helse Bergen, Bergen"
5121,Hordaland,Helse Vest,Helse Bergen,"Pasientreisekontoret Ved Helse Bergen, Bergen"
5122,Hordaland,Helse Vest,Helse Bergen,"Pasientreisekontoret Ved Helse Bergen, Bergen"
5124,Hordaland,Helse Vest,Helse Bergen,"Pasientreisekontoret Ved Helse Bergen, Bergen"
5130,Hordaland,Helse Vest,Helse Bergen,"Pasientreisekontoret Ved Helse Bergen, Bergen"
5131,Hordaland,Helse Vest,Helse Bergen,"Pasientreisekontoret Ved Helse Bergen, Bergen"
5132,Hordaland,Helse Vest,Helse Bergen,"Pasientreisekontoret Ved Helse Bergen, Bergen"
5134,Hordaland,Helse Vest,Helse Bergen,"Pasientreisekontoret Ved Helse Bergen, Bergen"
5135,Hordaland,Helse Vest,Helse Bergen,"Pasientreisekontoret Ved Helse Bergen, Bergen"
5136,Hordaland,Helse Vest,Helse Bergen,"Pasientreisekontoret Ved Helse Bergen, Bergen"
5137,Hordaland,Helse Vest,Helse Bergen,"Pasientreisekontoret Ved Helse Bergen, Bergen"
5141,Hordaland,Helse Vest,Helse Bergen,"Pasientreisekontoret Ved Helse Bergen, Bergen"
5142,Hordaland,Helse Vest,Helse Bergen,"Pasientreisekontoret Ved Helse Bergen, Bergen"
5143,Hordaland,Helse Vest,Helse Bergen,"Pasientreisekontoret Ved Helse Bergen, Bergen"
5144,Hordaland,Helse Vest,Helse Bergen,"Pasientreisekontoret Ved Helse Bergen, Bergen"
5145,Hordaland,Helse Vest,Helse Bergen,"Pasientreisekontoret Ved Helse Bergen, Bergen"
5146,Hordaland,Helse Vest,Helse Bergen,"Pasientreisekontoret Ved Helse Bergen, Bergen"
5147,Hordaland,Helse Vest,Helse Bergen,"Pasientreisekontoret Ved Helse Bergen, Bergen"
5148,Hordaland,Helse Vest,Helse Bergen,"Pasientreisekontoret Ved Helse Bergen, Bergen"
5151,Hordaland,Helse Vest,Helse Bergen,"Pasientreisekontoret Ved Helse Bergen, Bergen"
5152,Hordaland,Helse Vest,Helse Bergen,"Pasientreisekontoret Ved Helse Bergen, Bergen"
5153,Hordaland,Helse Vest,Helse Bergen,"Pasientreisekontoret Ved Helse Bergen, Bergen"
5154,Hordaland,Helse Vest,Helse Bergen,"Pasientreisekontoret Ved Helse Bergen, Bergen"
5155,Hordaland,Helse Vest,Helse Bergen,"Pasientreisekontoret Ved Helse Bergen, Bergen"
5160,Hordaland,Helse Vest,Helse Bergen,"Pasientreisekontoret Ved Helse Bergen, Bergen"
5161,Hordaland,Helse Vest,Helse Bergen,"Pasientreisekontoret Ved Helse Bergen, Bergen"
5162,Hordaland,Helse Vest,Helse Bergen,"Pasientreisekontoret Ved Helse Bergen, Bergen"
5163,Hordaland,Helse Vest,Helse Bergen,"Pasientreisekontoret Ved Helse Bergen, Bergen"
5164,Hordaland,Helse Vest,Helse Bergen,"Pasientreisekontoret Ved Helse Bergen, Bergen"
5165,Hordaland,Helse Vest,Helse Bergen,"Pasientreisekontoret Ved Helse Bergen, Bergen"
5170,Hordaland,Helse Vest,Helse Bergen,"Pasientreisekontoret Ved Helse Bergen, Bergen"
5171,Hordaland,Helse Vest,Helse Bergen,"Pasientreisekontoret Ved Helse Bergen, Bergen"
5172,Hordaland,Helse Vest,Helse Bergen,"Pasientreisekontoret Ved Helse Bergen, Bergen"
5173,Hordaland,Helse Vest,Helse Bergen,"Pasientreisekontoret Ved Helse Bergen, Bergen"
5174,Hordaland,Helse Vest,Helse Bergen,"Pasientreisekontoret Ved Helse Bergen, Bergen"
5176,Hordaland,Helse Vest,Helse Bergen,"Pasientreisekontoret Ved Helse Bergen, Bergen"
5177,Hordaland,Helse Vest,Helse Bergen,"Pasientreisekontoret Ved Helse Bergen, Bergen"
5178,Hordaland,Helse Vest,Helse Bergen,"Pasientreisekontoret Ved Helse Bergen, Bergen"
5179,Hordaland,Helse Vest,Helse Bergen,"Pasientreisekontoret Ved Helse Bergen, Bergen"
5183,Hordaland,Helse Vest,Helse Bergen,"Pasientreisekontoret Ved Helse Bergen, Bergen"
5184,Hordaland,Helse Vest,Helse Bergen,"Pasientreisekontoret Ved Helse Bergen, Bergen"
5200,Hordaland,Helse Vest,Helse Bergen,"Pasientreisekontoret Ved Helse Bergen, Bergen"
5201,Hordaland,Helse Vest,Helse Bergen,"Pasientreisekontoret Ved Helse Bergen, Bergen"
5202,Hordaland,Helse Vest,Helse Bergen,"Pasientreisekontoret Ved Helse Bergen, Bergen"
5203,Hordaland,Helse Vest,Helse Bergen,"Pasientreisekontoret Ved Helse Bergen, Bergen"
5206,Hordaland,Helse Vest,Helse Bergen,"Pasientreisekontoret Ved Helse Bergen, Bergen"
5207,Hordaland,Helse Vest,Helse Bergen,"Pasientreisekontoret Ved Helse Bergen, Bergen"
5208,Hordaland,Helse Vest,Helse Bergen,"Pasientreisekontoret Ved Helse Bergen, Bergen"
5209,Hordaland,Helse Vest,Helse Bergen,"Pasientreisekontoret Ved Helse Bergen, Bergen"
5210,Hordaland,Helse Vest,Helse Bergen,"Pasientreisekontoret Ved Helse Bergen, Bergen"
5211,Hordaland,Helse Vest,Helse Bergen,"Pasientreisekontoret Ved Helse Bergen, Bergen"
5212,Hordaland,Helse Vest,Helse Bergen,"Pasientreisekontoret Ved Helse Bergen, Bergen"
5215,Hordaland,Helse Vest,Helse Bergen,"Pasientreisekontoret Ved Helse Bergen, Bergen"
5216,Hordaland,Helse Vest,Helse Bergen,"Pasientreisekontoret Ved Helse Bergen, Bergen"
5217,Hordaland,Helse Vest,Helse Bergen,"Pasientreisekontoret Ved Helse Bergen, Bergen"
5218,Hordaland,Helse Vest,Helse Bergen,"Pasientreisekontoret Ved Helse Bergen, Bergen"
5219,Hordaland,Helse Vest,Helse Bergen,"Pasientreisekontoret Ved Helse Bergen, Bergen"
5221,Hordaland,Helse Vest,Helse Bergen,"Pasientreisekontoret Ved Helse Bergen, Bergen"
5222,Hordaland,Helse Vest,Helse Bergen,"Pasientreisekontoret Ved Helse Bergen, Bergen"
5223,Hordaland,Helse Vest,Helse Bergen,"Pasientreisekontoret Ved Helse Bergen, Bergen"
5224,Hordaland,Helse Vest,Helse Bergen,"Pasientreisekontoret Ved Helse Bergen, Bergen"
5225,Hordaland,Helse Vest,Helse Bergen,"Pasientreisekontoret Ved Helse Bergen, Bergen"
5226,Hordaland,Helse Vest,Helse Bergen,"Pasientreisekontoret Ved Helse Bergen, Bergen"
5227,Hordaland,Helse Vest,Helse Bergen,"Pasientreisekontoret Ved Helse Bergen, Bergen"
5228,Hordaland,Helse Vest,Helse Bergen,"Pasientreisekontoret Ved Helse Bergen, Bergen"
5229,Hordaland,Helse Vest,Helse Bergen,"Pasientreisekontoret Ved Helse Bergen, Bergen"
5230,Hordaland,Helse Vest,Helse Bergen,"Pasientreisekontoret Ved Helse Bergen, Bergen"
5231,Hordaland,Helse Vest,Helse Bergen,"Pasientreisekontoret Ved Helse Bergen, Bergen"
5232,Hordaland,Helse Vest,Helse Bergen,"Pasientreisekontoret Ved Helse Bergen, Bergen"
5235,Hordaland,Helse Vest,Helse Bergen,"Pasientreisekontoret Ved Helse Bergen, Bergen"
5236,Hordaland,Helse Vest,Helse Bergen,"Pasientreisekontoret Ved Helse Bergen, Bergen"
5237,Hordaland,Helse Vest,Helse Bergen,"Pasientreisekontoret Ved Helse Bergen, Bergen"
5238,Hordaland,Helse Vest,Helse Bergen,"Pasientreisekontoret Ved Helse Bergen, Bergen"
5239,Hordaland,Helse Vest,Helse Bergen,"Pasientreisekontoret Ved Helse Bergen, Bergen"
5243,Hordaland,Helse Vest,Helse Bergen,"Pasientreisekontoret Ved Helse Bergen, Bergen"
5244,Hordaland,Helse Vest,Helse Bergen,"Pasientreisekontoret Ved Helse Bergen, Bergen"
5251,Hordaland,Helse Vest,Helse Bergen,"Pasientreisekontoret Ved Helse Bergen, Bergen"
5252,Hordaland,Helse Vest,Helse Bergen,"Pasientreisekontoret Ved Helse Bergen, Bergen"
5253,Hordaland,Helse Vest,Helse Bergen,"Pasientreisekontoret Ved Helse Bergen, Bergen"
5254,Hordaland,Helse Vest,Helse Bergen,"Pasientreisekontoret Ved Helse Bergen, Bergen"
5257,Hordaland,Helse Vest,Helse Bergen,"Pasientreisekontoret Ved Helse Bergen, Bergen"
5258,Hordaland,Helse Vest,Helse Bergen,"Pasientreisekontoret Ved Helse Bergen, Bergen"
5259,Hordaland,Helse Vest,Helse Bergen,"Pasientreisekontoret Ved Helse Bergen, Bergen"
5260,Hordaland,Helse Vest,Helse Bergen,"Pasientreisekontoret Ved Helse Bergen, Bergen"
5261,Hordaland,Helse Vest,Helse Bergen,"Pasientreisekontoret Ved Helse Bergen, Bergen"
5262,Hordaland,Helse Vest,Helse Bergen,"Pasientreisekontoret Ved Helse Bergen, Bergen"
5263,Hordaland,Helse Vest,Helse Bergen,"Pasientreisekontoret Ved Helse Bergen, Bergen"
5264,Hordaland,Helse Vest,Helse Bergen,"Pasientreisekontoret Ved Helse Bergen, Bergen"
5265,Hordaland,Helse Vest,Helse Bergen,"Pasientreisekontoret Ved Helse Bergen, Bergen"
5267,Hordaland,Helse Vest,Helse Bergen,"Pasientreisekontoret Ved Helse Bergen, Bergen"
5268,Hordaland,Helse Vest,Helse Bergen,"Pasientreisekontoret Ved Helse Bergen, Bergen"
5281,Hordaland,Helse Vest,Helse Bergen,"Pasientreisekontoret Ved Helse Bergen, Bergen"
5282,Hordaland,Helse Vest,Helse Bergen,"Pasientreisekontoret Ved Helse Bergen, Bergen"
5283,Hordaland,Helse Vest,Helse Bergen,"Pasientreisekontoret Ved Helse Bergen, Bergen"
5284,Hordaland,Helse Vest,Helse Bergen,"Pasientreisekontoret Ved Helse Bergen, Bergen"
5285,Hordaland,Helse Vest,Helse Bergen,"Pasientreisekontoret Ved Helse Bergen, Bergen"
5286,Hordaland,Helse Vest,Helse Bergen,"Pasientreisekontoret Ved Helse Bergen, Bergen"
5291,Hordaland,Helse Vest,Helse Bergen,"Pasientreisekontoret Ved Helse Bergen, Bergen"
5293,Hordaland,Helse Vest,Helse Bergen,"Pasientreisekontoret Ved Helse Bergen, Bergen"
5299,Hordaland,Helse Vest,Helse Bergen,"Pasientreisekontoret Ved Helse Bergen, Bergen"
5300,Hordaland,Helse Vest,Helse Bergen,"Pasientreisekontoret Ved Helse Bergen, Bergen"
5301,Hordaland,Helse Vest,Helse Bergen,"Pasientreisekontoret Ved Helse Bergen, Bergen"
5302,Hordaland,Helse Vest,Helse Bergen,"Pasientreisekontoret Ved Helse Bergen, Bergen"
5303,Hordaland,Helse Vest,Helse Bergen,"Pasientreisekontoret Ved Helse Bergen, Bergen"
5304,Hordaland,Helse Vest,Helse Bergen,"Pasientreisekontoret Ved Helse Bergen, Bergen"
5305,Hordaland,Helse Vest,Helse Bergen,"Pasientreisekontoret Ved Helse Bergen, Bergen"
5306,Hordaland,Helse Vest,Helse Bergen,"Pasientreisekontoret Ved Helse Bergen, Bergen"
5307,Hordaland,Helse Vest,Helse Bergen,"Pasientreisekontoret Ved Helse Bergen, Bergen"
5308,Hordaland,Helse Vest,Helse Bergen,"Pasientreisekontoret Ved Helse Bergen, Bergen"
5309,Hordaland,Helse Vest,Helse Bergen,"Pasientreisekontoret Ved Helse Bergen, Bergen"
5310,Hordaland,Helse Vest,Helse Bergen,"Pasientreisekontoret Ved Helse Bergen, Bergen"
5314,Hordaland,Helse Vest,Helse Bergen,"Pasientreisekontoret Ved Helse Bergen, Bergen"
5315,Hordaland,Helse Vest,Helse Bergen,"Pasientreisekontoret Ved Helse Bergen, Bergen"
5318,Hordaland,Helse Vest,Helse Bergen,"Pasientreisekontoret Ved Helse Bergen, Bergen"
5319,Hordaland,Helse Vest,Helse Bergen,"Pasientreisekontoret Ved Helse Bergen, Bergen"
5321,Hordaland,Helse Vest,Helse Bergen,"Pasientreisekontoret Ved Helse Bergen, Bergen"
5322,Hordaland,Helse Vest,Helse Bergen,"Pasientreisekontoret Ved Helse Bergen, Bergen"
5323,Hordaland,Helse Vest,Helse Bergen,"Pasientreisekontoret Ved Helse Bergen, Bergen"
5325,Hordaland,Helse Vest,Helse Bergen,"Pasientreisekontoret Ved Helse Bergen, Bergen"
5326,Hordaland,Helse Vest,Helse Bergen,"Pasientreisekontoret Ved Helse Bergen, Bergen"
5327,Hordaland,Helse Vest,Helse Bergen,"Pasientreisekontoret Ved Helse Bergen, Bergen"
5329,Hordaland,Helse Vest,Helse Bergen,"Pasientreisekontoret Ved Helse Bergen, Bergen"
5331,Hordaland,Helse Vest,Helse Bergen,"Pasientreisekontoret Ved Helse Bergen, Bergen"
5333,Hordaland,Helse Vest,Helse Bergen,"Pasientreisekontoret Ved Helse Bergen, Bergen"
5334,Hordaland,Helse Vest,Helse Bergen,"Pasientreisekontoret Ved Helse Bergen, Bergen"
5335,Hordaland,Helse Vest,Helse Bergen,"Pasientreisekontoret Ved Helse Bergen, Bergen"
5336,Hordaland,Helse Vest,Helse Bergen,"Pasientreisekontoret Ved Helse Bergen, Bergen"
5337,Hordaland,Helse Vest,Helse Bergen,"Pasientreisekontoret Ved Helse Bergen, Bergen"
5341,Hordaland,Helse Vest,Helse Bergen,"Pasientreisekontoret Ved Helse Bergen, Bergen"
5342,Hordaland,Helse Vest,Helse Bergen,"Pasientreisekontoret Ved Helse Bergen, Bergen"
5343,Hordaland,Helse Vest,Helse Bergen,"Pasientreisekontoret Ved Helse Bergen, Bergen"
5345,Hordaland,Helse Vest,Helse Bergen,"Pasientreisekontoret Ved Helse Bergen, Bergen"
5346,Hordaland,Helse Vest,Helse Bergen,"Pasientreisekontoret Ved Helse Bergen, Bergen"
5347,Hordaland,Helse Vest,Helse Bergen,"Pasientreisekontoret Ved Helse Bergen, Bergen"
5350,Hordaland,Helse Vest,Helse Bergen,"Pasientreisekontoret Ved Helse Bergen, Bergen"
5353,Hordaland,Helse Vest,Helse Bergen,"Pasientreisekontoret Ved Helse Bergen, Bergen"
5354,Hordaland,Helse Vest,Helse Bergen,"Pasientreisekontoret Ved Helse Bergen, Bergen"
5355,Hordaland,Helse Vest,Helse Bergen,"Pasientreisekontoret Ved Helse Bergen, Bergen"
5357,Hordaland,Helse Vest,Helse Bergen,"Pasientreisekontoret Ved Helse Bergen, Bergen"
5358,Hordaland,Helse Vest,Helse Bergen,"Pasientreisekontoret Ved Helse Bergen, Bergen"
5360,Hordaland,Helse Vest,Helse Bergen,"Pasientreisekontoret Ved Helse Bergen, Bergen"
5363,Hordaland,Helse Vest,Helse Bergen,"Pasientreisekontoret Ved Helse Bergen, Bergen"
5365,Hordaland,Helse Vest,Helse Bergen,"Pasientreisekontoret Ved Helse Bergen, Bergen"
5366,Hordaland,Helse Vest,Helse Bergen,"Pasientreisekontoret Ved Helse Bergen, Bergen"
5371,Hordaland,Helse Vest,Helse Bergen,"Pasientreisekontoret Ved Helse Bergen, Bergen"
5373,Hordaland,Helse Vest,Helse Bergen,"Pasientreisekontoret Ved Helse Bergen, Bergen"
5374,Hordaland,Helse Vest,Helse Bergen,"Pasientreisekontoret Ved Helse Bergen, Bergen"
5378,Hordaland,Helse Vest,Helse Bergen,"Pasientreisekontoret Ved Helse Bergen, Bergen"
5379,Hordaland,Helse Vest,Helse Bergen,"Pasientreisekontoret Ved Helse Bergen, Bergen"
5380,Hordaland,Helse Vest,Helse Bergen,"Pasientreisekontoret Ved Helse Bergen, Bergen"
5381,Hordaland,Helse Vest,Helse Bergen,"Pasientreisekontoret Ved Helse Bergen, Bergen"
5382,Hordaland,Helse Vest,Helse Bergen,"Pasientreisekontoret Ved Helse Bergen, Bergen"
5384,Hordaland,Helse Vest,Helse Bergen,"Pasientreisekontoret Ved Helse Bergen, Bergen"
5385,Hordaland,Helse Vest,Helse Bergen,"Pasientreisekontoret Ved Helse Bergen, Bergen"
5387,Hordaland,Helse Vest,Helse Bergen,"Pasientreisekontoret Ved Helse Bergen, Bergen"
5388,Hordaland,Helse Vest,Helse Bergen,"Pasientreisekontoret Ved Helse Bergen, Bergen"
5392,Hordaland,Helse Vest,Helse Bergen,"Pasientreisekontoret Ved Helse Bergen, Bergen"
5393,Hordaland,Helse Vest,Helse Bergen,"Pasientreisekontoret Ved Helse Bergen, Bergen"
5394,Hordaland,Helse Vest,Helse Bergen,"Pasientreisekontoret Ved Helse Bergen, Bergen"
5396,Hordaland,Helse Vest,Helse Bergen,"Pasientreisekontoret Ved Helse Bergen, Bergen"
5397,Hordaland,Helse Vest,Helse Bergen,"Pasientreisekontoret Ved Helse Bergen, Bergen"
5398,Hordaland,Helse Vest,Helse Bergen,"Pasientreisekontoret Ved Helse Bergen, Bergen"
5399,Hordaland,Helse Vest,Helse Bergen,"Pasientreisekontoret Ved Helse Bergen, Bergen"
5401,Hordaland,Helse Vest,"Helse Fonna, Haugesund","Pasientreisekontoret Ved Helse Fonna, Haugesund"
5402,Hordaland,Helse Vest,"Helse Fonna, Haugesund","Pasientreisekontoret Ved Helse Fonna, Haugesund"
5403,Hordaland,Helse Vest,"Helse Fonna, Haugesund","Pasientreisekontoret Ved Helse Fonna, Haugesund"
5404,Hordaland,Helse Vest,"Helse Fonna, Haugesund","Pasientreisekontoret Ved Helse Fonna, Haugesund"
5405,Hordaland,Helse Vest,"Helse Fonna, Haugesund","Pasientreisekontoret Ved Helse Fonna, Haugesund"
5406,Hordaland,Helse Vest,"Helse Fonna, Haugesund","Pasientreisekontoret Ved Helse Fonna, Haugesund"
5407,Hordaland,Helse Vest,"Helse Fonna, Haugesund","Pasientreisekontoret Ved Helse Fonna, Haugesund"
5408,Hordaland,Helse Vest,"Helse Fonna, Haugesund","Pasientreisekontoret Ved Helse Fonna, Haugesund"
5409,Hordaland,Helse Vest,"Helse Fonna, Haugesund","Pasientreisekontoret Ved Helse Fonna, Haugesund"
5410,Hordaland,Helse Vest,"Helse Fonna, Haugesund","Pasientreisekontoret Ved Helse Fonna, Haugesund"
5411,Hordaland,Helse Vest,"Helse Fonna, Haugesund","Pasientreisekontoret Ved Helse Fonna, Haugesund"
5412,Hordaland,Helse Vest,"Helse Fonna, Haugesund","Pasientreisekontoret Ved Helse Fonna, Haugesund"
5413,Hordaland,Helse Vest,"Helse Fonna, Haugesund","Pasientreisekontoret Ved Helse Fonna, Haugesund"
5414,Hordaland,Helse Vest,"Helse Fonna, Haugesund","Pasientreisekontoret Ved Helse Fonna, Haugesund"
5415,Hordaland,Helse Vest,"Helse Fonna, Haugesund","Pasientreisekontoret Ved Helse Fonna, Haugesund"
5416,Hordaland,Helse Vest,"Helse Fonna, Haugesund","Pasientreisekontoret Ved Helse Fonna, Haugesund"
5417,Hordaland,Helse Vest,"Helse Fonna, Haugesund","Pasientreisekontoret Ved Helse Fonna, Haugesund"
5418,Hordaland,Helse Vest,"Helse Fonna, Haugesund","Pasientreisekontoret Ved Helse Fonna, Haugesund"
5419,Hordaland,Helse Vest,"Helse Fonna, Haugesund","Pasientreisekontoret Ved Helse Fonna, Haugesund"
5420,Hordaland,Helse Vest,"Helse Fonna, Haugesund","Pasientreisekontoret Ved Helse Fonna, Haugesund"
5423,Hordaland,Helse Vest,"Helse Fonna, Haugesund","Pasientreisekontoret Ved Helse Fonna, Haugesund"
5427,Hordaland,Helse Vest,"Helse Fonna, Haugesund","Pasientreisekontoret Ved Helse Fonna, Haugesund"
5428,Hordaland,Helse Vest,"Helse Fonna, Haugesund","Pasientreisekontoret Ved Helse Fonna, Haugesund"
5430,Hordaland,Helse Vest,"Helse Fonna, Haugesund","Pasientreisekontoret Ved Helse Fonna, Haugesund"
5437,Hordaland,Helse Vest,"Helse Fonna, Haugesund","Pasientreisekontoret Ved Helse Fonna, Haugesund"
5440,Hordaland,Helse Vest,"Helse Fonna, Haugesund","Pasientreisekontoret Ved Helse Fonna, Haugesund"
5443,Hordaland,Helse Vest,"Helse Fonna, Haugesund","Pasientreisekontoret Ved Helse Fonna, Haugesund"
5444,Hordaland,Helse Vest,"Helse Fonna, Haugesund","Pasientreisekontoret Ved Helse Fonna, Haugesund"
5445,Hordaland,Helse Vest,"Helse Fonna, Haugesund","Pasientreisekontoret Ved Helse Fonna, Haugesund"
5447,Hordaland,Helse Vest,"Helse Fonna, Haugesund","Pasientreisekontoret Ved Helse Fonna, Haugesund"
5449,Hordaland,Helse Vest,"Helse Fonna, Haugesund","Pasientreisekontoret Ved Helse Fonna, Haugesund"
5450,Hordaland,Helse Vest,"Helse Fonna, Haugesund","Pasientreisekontoret Ved Helse Fonna, Haugesund"
5451,Hordaland,Helse Vest,"Helse Fonna, Haugesund","Pasientreisekontoret Ved Helse Fonna, Haugesund"
5452,Hordaland,Helse Vest,"Helse Fonna, Haugesund","Pasientreisekontoret Ved Helse Fonna, Haugesund"
5453,Hordaland,Helse Vest,"Helse Fonna, Haugesund","Pasientreisekontoret Ved Helse Fonna, Haugesund"
5454,Hordaland,Helse Vest,"Helse Fonna, Haugesund","Pasientreisekontoret Ved Helse Fonna, Haugesund"
5455,Hordaland,Helse Vest,"Helse Fonna, Haugesund","Pasientreisekontoret Ved Helse Fonna, Haugesund"
5457,Hordaland,Helse Vest,"Helse Fonna, Haugesund","Pasientreisekontoret Ved Helse Fonna, Haugesund"
5458,Hordaland,Helse Vest,"Helse Fonna, Haugesund","Pasientreisekontoret Ved Helse Fonna, Haugesund"
5459,Hordaland,Helse Vest,"Helse Fonna, Haugesund","Pasientreisekontoret Ved Helse Fonna, Haugesund"
5460,Hordaland,Helse Vest,"Helse Fonna, Haugesund","Pasientreisekontoret Ved Helse Fonna, Haugesund"
5462,Hordaland,Helse Vest,"Helse Fonna, Haugesund","Pasientreisekontoret Ved Helse Fonna, Haugesund"
5463,Hordaland,Helse Vest,"Helse Fonna, Haugesund","Pasientreisekontoret Ved Helse Fonna, Haugesund"
5464,Hordaland,Helse Vest,"Helse Fonna, Haugesund","Pasientreisekontoret Ved Helse Fonna, Haugesund"
5465,Hordaland,Helse Vest,"Helse Fonna, Haugesund","Pasientreisekontoret Ved Helse Fonna, Haugesund"
5470,Hordaland,Helse Vest,"Helse Fonna, Haugesund","Pasientreisekontoret Ved Helse Fonna, Haugesund"
5472,Hordaland,Helse Vest,"Helse Fonna, Haugesund","Pasientreisekontoret Ved Helse Fonna, Haugesund"
5473,Hordaland,Helse Vest,"Helse Fonna, Haugesund","Pasientreisekontoret Ved Helse Fonna, Haugesund"
5474,Hordaland,Helse Vest,"Helse Fonna, Haugesund","Pasientreisekontoret Ved Helse Fonna, Haugesund"
5475,Hordaland,Helse Vest,"Helse Fonna, Haugesund","Pasientreisekontoret Ved Helse Fonna, Haugesund"
5476,Hordaland,Helse Vest,"Helse Fonna, Haugesund","Pasientreisekontoret Ved Helse Fonna, Haugesund"
5480,Hordaland,Helse Vest,"Helse Fonna, Haugesund","Pasientreisekontoret Ved Helse Fonna, Haugesund"
5484,Hordaland,Helse Vest,"Helse Fonna, Haugesund","Pasientreisekontoret Ved Helse Fonna, Haugesund"
5486,Hordaland,Helse Vest,"Helse Fonna, Haugesund","Pasientreisekontoret Ved Helse Fonna, Haugesund"
5497,Hordaland,Helse Vest,"Helse Fonna, Haugesund","Pasientreisekontoret Ved Helse Fonna, Haugesund"
5498,Hordaland,Helse Vest,"Helse Fonna, Haugesund","Pasientreisekontoret Ved Helse Fonna, Haugesund"
5499,Hordaland,Helse Vest,"Helse Fonna, Haugesund","Pasientreisekontoret Ved Helse Fonna, Haugesund"
5501,Rogaland,Helse Vest,"Helse Fonna, Haugesund","Pasientreisekontoret Ved Helse Fonna, Haugesund"
5502,Rogaland,Helse Vest,"Helse Fonna, Haugesund","Pasientreisekontoret Ved Helse Fonna, Haugesund"
5503,Rogaland,Helse Vest,"Helse Fonna, Haugesund","Pasientreisekontoret Ved Helse Fonna, Haugesund"
5504,Rogaland,Helse Vest,"Helse Fonna, Haugesund","Pasientreisekontoret Ved Helse Fonna, Haugesund"
5505,Rogaland,Helse Vest,"Helse Fonna, Haugesund","Pasientreisekontoret Ved Helse Fonna, Haugesund"
5506,Rogaland,Helse Vest,"Helse Fonna, Haugesund","Pasientreisekontoret Ved Helse Fonna, Haugesund"
5507,Rogaland,Helse Vest,"Helse Fonna, Haugesund","Pasientreisekontoret Ved Helse Fonna, Haugesund"
5508,Rogaland,Helse Vest,"Helse Fonna, Haugesund","Pasientreisekontoret Ved Helse Fonna, Haugesund"
5509,Rogaland,Helse Vest,"Helse Fonna, Haugesund","Pasientreisekontoret Ved Helse Fonna, Haugesund"
5511,Rogaland,Helse Vest,"Helse Fonna, Haugesund","Pasientreisekontoret Ved Helse Fonna, Haugesund"
5512,Rogaland,Helse Vest,"Helse Fonna, Haugesund","Pasientreisekontoret Ved Helse Fonna, Haugesund"
5514,Rogaland,Helse Vest,"Helse Fonna, Haugesund","Pasientreisekontoret Ved Helse Fonna, Haugesund"
5515,Rogaland,Helse Vest,"Helse Fonna, Haugesund","Pasientreisekontoret Ved Helse Fonna, Haugesund"
5516,Rogaland,Helse Vest,"Helse Fonna, Haugesund","Pasientreisekontoret Ved Helse Fonna, Haugesund"
5517,Rogaland,Helse Vest,"Helse Fonna, Haugesund","Pasientreisekontoret Ved Helse Fonna, Haugesund"
5518,Rogaland,Helse Vest,"Helse Fonna, Haugesund","Pasientreisekontoret Ved Helse Fonna, Haugesund"
5519,Rogaland,Helse Vest,"Helse Fonna, Haugesund","Pasientreisekontoret Ved Helse Fonna, Haugesund"
5521,Rogaland,Helse Vest,"Helse Fonna, Haugesund","Pasientreisekontoret Ved Helse Fonna, Haugesund"
5522,Rogaland,Helse Vest,"Helse Fonna, Haugesund","Pasientreisekontoret Ved Helse Fonna, Haugesund"
5523,Rogaland,Helse Vest,"Helse Fonna, Haugesund","Pasientreisekontoret Ved Helse Fonna, Haugesund"
5525,Rogaland,Helse Vest,"Helse Fonna, Haugesund","Pasientreisekontoret Ved Helse Fonna, Haugesund"
5527,Rogaland,Helse Vest,"Helse Fonna, Haugesund","Pasientreisekontoret Ved Helse Fonna, Haugesund"
5528,Rogaland,Helse Vest,"Helse Fonna, Haugesund","Pasientreisekontoret Ved Helse Fonna, Haugesund"
5529,Rogaland,Helse Vest,"Helse Fonna, Haugesund","Pasientreisekontoret Ved Helse Fonna, Haugesund"
5531,Rogaland,Helse Vest,"Helse Fonna, Haugesund","Pasientreisekontoret Ved Helse Fonna, Haugesund"
5532,Rogaland,Helse Vest,"Helse Fonna, Haugesund","Pasientreisekontoret Ved Helse Fonna, Haugesund"
5533,Rogaland,Helse Vest,"Helse Fonna, Haugesund","Pasientreisekontoret Ved Helse Fonna, Haugesund"
5534,Rogaland,Helse Vest,"Helse Fonna, Haugesund","Pasientreisekontoret Ved Helse Fonna, Haugesund"
5535,Rogaland,Helse Vest,"Helse Fonna, Haugesund","Pasientreisekontoret Ved Helse Fonna, Haugesund"
5536,Rogaland,Helse Vest,"Helse Fonna, Haugesund","Pasientreisekontoret Ved Helse Fonna, Haugesund"
5537,Rogaland,Helse Vest,"Helse Fonna, Haugesund","Pasientreisekontoret Ved Helse Fonna, Haugesund"
5538,Rogaland,Helse Vest,"Helse Fonna, Haugesund","Pasientreisekontoret Ved Helse Fonna, Haugesund"
5541,Rogaland,Helse Vest,"Helse Fonna, Haugesund","Pasientreisekontoret Ved Helse Fonna, Haugesund"
5542,Rogaland,Helse Vest,"Helse Fonna, Haugesund","Pasientreisekontoret Ved Helse Fonna, Haugesund"
5544,Rogaland,Helse Vest,"Helse Fonna, Haugesund","Pasientreisekontoret Ved Helse Fonna, Haugesund"
5545,Rogaland,Helse Vest,"Helse Fonna, Haugesund","Pasientreisekontoret Ved Helse Fonna, Haugesund"
5546,Rogaland,Helse Vest,"Helse Fonna, Haugesund","Pasientreisekontoret Ved Helse Fonna, Haugesund"
5547,Rogaland,Helse Vest,"Helse Fonna, Haugesund","Pasientreisekontoret Ved Helse Fonna, Haugesund"
5548,Rogaland,Helse Vest,"Helse Fonna, Haugesund","Pasientreisekontoret Ved Helse Fonna, Haugesund"
5549,Rogaland,Helse Vest,"Helse Fonna, Haugesund","Pasientreisekontoret Ved Helse Fonna, Haugesund"
5550,Rogaland,Helse Vest,"Helse Fonna, Haugesund","Pasientreisekontoret Ved Helse Fonna, Haugesund"
5551,Rogaland,Helse Vest,"Helse Fonna, Haugesund","Pasientreisekontoret Ved Helse Fonna, Haugesund"
5554,Rogaland,Helse Vest,"Helse Fonna, Haugesund","Pasientreisekontoret Ved Helse Fonna, Haugesund"
5555,Rogaland,Helse Vest,"Helse Fonna, Haugesund","Pasientreisekontoret Ved Helse Fonna, Haugesund"
5559,Rogaland,Helse Vest,"Helse Fonna, Haugesund","Pasientreisekontoret Ved Helse Fonna, Haugesund"
5560,Rogaland,Helse Vest,"Helse Fonna, Haugesund","Pasientreisekontoret Ved Helse Fonna, Haugesund"
5561,Rogaland,Helse Vest,"Helse Fonna, Haugesund","Pasientreisekontoret Ved Helse Fonna, Haugesund"
5563,Rogaland,Helse Vest,"Helse Fonna, Haugesund","Pasientreisekontoret Ved Helse Fonna, Haugesund"
5565,Rogaland,Helse Vest,"Helse Fonna, Haugesund","Pasientreisekontoret Ved Helse Fonna, Haugesund"
5566,Rogaland,Helse Vest,"Helse Fonna, Haugesund","Pasientreisekontoret Ved Helse Fonna, Haugesund"
5567,Rogaland,Helse Vest,"Helse Fonna, Haugesund","Pasientreisekontoret Ved Helse Fonna, Haugesund"
5568,Rogaland,Helse Vest,"Helse Fonna, Haugesund","Pasientreisekontoret Ved Helse Fonna, Haugesund"
5570,Rogaland,Helse Vest,"Helse Fonna, Haugesund","Pasientreisekontoret Ved Helse Fonna, Haugesund"
5574,Rogaland,Helse Vest,"Helse Fonna, Haugesund","Pasientreisekontoret Ved Helse Fonna, Haugesund"
5575,Rogaland,Helse Vest,"Helse Fonna, Haugesund","Pasientreisekontoret Ved Helse Fonna, Haugesund"
5576,Rogaland,Helse Vest,"Helse Fonna, Haugesund","Pasientreisekontoret Ved Helse Fonna, Haugesund"
5578,Rogaland,Helse Vest,"Helse Fonna, Haugesund","Pasientreisekontoret Ved Helse Fonna, Haugesund"
5580,Rogaland,Helse Vest,"Helse Fonna, Haugesund","Pasientreisekontoret Ved Helse Fonna, Haugesund"
5582,Rogaland,Helse Vest,"Helse Fonna, Haugesund","Pasientreisekontoret Ved Helse Fonna, Haugesund"
5583,Rogaland,Helse Vest,"Helse Fonna, Haugesund","Pasientreisekontoret Ved Helse Fonna, Haugesund"
5584,Rogaland,Helse Vest,"Helse Fonna, Haugesund","Pasientreisekontoret Ved Helse Fonna, Haugesund"
5585,Rogaland,Helse Vest,"Helse Fonna, Haugesund","Pasientreisekontoret Ved Helse Fonna, Haugesund"
5586,Rogaland,Helse Vest,"Helse Fonna, Haugesund","Pasientreisekontoret Ved Helse Fonna, Haugesund"
5588,Rogaland,Helse Vest,"Helse Fonna, Haugesund","Pasientreisekontoret Ved Helse Fonna, Haugesund"
5589,Rogaland,Helse Vest,"Helse Fonna, Haugesund","Pasientreisekontoret Ved Helse Fonna, Haugesund"
5590,Hordaland,Helse Vest,"Helse Fonna, Haugesund","Pasientreisekontoret Ved Helse Fonna, Haugesund"
5591,Hordaland,Helse Vest,"Helse Fonna, Haugesund","Pasientreisekontoret Ved Helse Fonna, Haugesund"
5593,Hordaland,Helse Vest,"Helse Fonna, Haugesund","Pasientreisekontoret Ved Helse Fonna, Haugesund"
5594,Hordaland,Helse Vest,"Helse Fonna, Haugesund","Pasientreisekontoret Ved Helse Fonna, Haugesund"
5595,Hordaland,Helse Vest,"Helse Fonna, Haugesund","Pasientreisekontoret Ved Helse Fonna, Haugesund"
5596,Hordaland,Helse Vest,"Helse Fonna, Haugesund","Pasientreisekontoret Ved Helse Fonna, Haugesund"
5598,Hordaland,Helse Vest,"Helse Fonna, Haugesund","Pasientreisekontoret Ved Helse Fonna, Haugesund"
5600,Hordaland,Helse Vest,Helse Bergen,Kjørekontoret ved HelseBergen. Bergen
5601,Hordaland,Helse Vest,Helse Bergen,Kjørekontoret ved HelseBergen. Bergen
5602,Hordaland,Helse Vest,Helse Bergen,Kjørekontoret ved HelseBergen. Bergen
5604,Hordaland,Helse Vest,Helse Bergen,Kjørekontoret ved HelseBergen. Bergen
5605,Hordaland,Helse Vest,Helse Bergen,Kjørekontoret ved HelseBergen. Bergen
5610,Hordaland,Helse Vest,Helse Bergen,Kjørekontoret ved HelseBergen. Bergen
5612,Hordaland,Helse Vest,Helse Bergen,Kjørekontoret ved HelseBergen. Bergen
5614,Hordaland,Helse Vest,Helse Bergen,Kjørekontoret ved HelseBergen. Bergen
5620,Hordaland,Helse Vest,Helse Bergen,Kjørekontoret ved HelseBergen. Bergen
5626,Hordaland,Helse Vest,"Helse Fonna, Haugesund","Pasientreisekontoret Ved Helse Fonna, Haugesund"
5627,Hordaland,Helse Vest,"Helse Fonna, Haugesund","Pasientreisekontoret Ved Helse Fonna, Haugesund"
5628,Hordaland,Helse Vest,"Helse Fonna, Haugesund","Pasientreisekontoret Ved Helse Fonna, Haugesund"
5629,Hordaland,Helse Vest,"Helse Fonna, Haugesund","Pasientreisekontoret Ved Helse Fonna, Haugesund"
5630,Hordaland,Helse Vest,Helse Bergen,Kjørekontoret ved HelseBergen. Bergen
5632,Hordaland,Helse Vest,Helse Bergen,Kjørekontoret ved HelseBergen. Bergen
5635,Hordaland,Helse Vest,Helse Bergen,Kjørekontoret ved HelseBergen. Bergen
5636,Hordaland,Helse Vest,Helse Bergen,Kjørekontoret ved HelseBergen. Bergen
5637,Hordaland,Helse Vest,Helse Bergen,Kjørekontoret ved HelseBergen. Bergen
5640,Hordaland,Helse Vest,Helse Bergen,Kjørekontoret ved HelseBergen. Bergen
5641,Hordaland,Helse Vest,Helse Bergen,Kjørekontoret ved HelseBergen. Bergen
5642,Hordaland,Helse Vest,Helse Bergen,Kjørekontoret ved HelseBergen. Bergen
5643,Hordaland,Helse Vest,Helse Bergen,Kjørekontoret ved HelseBergen. Bergen
5645,Hordaland,Helse Vest,Helse Bergen,Kjørekontoret ved HelseBergen. Bergen
5646,Hordaland,Helse Vest,Helse Bergen,Kjørekontoret ved HelseBergen. Bergen
5647,Hordaland,Helse Vest,Helse Bergen,Kjørekontoret ved HelseBergen. Bergen
5649,Hordaland,Helse Vest,Helse Bergen,Kjørekontoret ved HelseBergen. Bergen
5650,Hordaland,Helse Vest,Helse Bergen,Kjørekontoret ved HelseBergen. Bergen
5652,Hordaland,Helse Vest,Helse Bergen,Kjørekontoret ved HelseBergen. Bergen
5653,Hordaland,Helse Vest,Helse Bergen,Kjørekontoret ved HelseBergen. Bergen
5680,Hordaland,Helse Vest,"Helse Fonna, Haugesund","Pasientreisekontoret Ved Helse Fonna, Haugesund"
5682,Hordaland,Helse Vest,"Helse Fonna, Haugesund","Pasientreisekontoret Ved Helse Fonna, Haugesund"
5683,Hordaland,Helse Vest,"Helse Fonna, Haugesund","Pasientreisekontoret Ved Helse Fonna, Haugesund"
5685,Hordaland,Helse Vest,"Helse Fonna, Haugesund","Pasientreisekontoret Ved Helse Fonna, Haugesund"
5687,Hordaland,Helse Vest,"Helse Fonna, Haugesund","Pasientreisekontoret Ved Helse Fonna, Haugesund"
5690,Hordaland,Helse Vest,"Helse Fonna, Haugesund","Pasientreisekontoret Ved Helse Fonna, Haugesund"
5693,Hordaland,Helse Vest,"Helse Fonna, Haugesund","Pasientreisekontoret Ved Helse Fonna, Haugesund"
5694,Hordaland,Helse Vest,"Helse Fonna, Haugesund","Pasientreisekontoret Ved Helse Fonna, Haugesund"
5695,Hordaland,Helse Vest,"Helse Fonna, Haugesund","Pasientreisekontoret Ved Helse Fonna, Haugesund"
5696,Hordaland,Helse Vest,"Helse Fonna, Haugesund","Pasientreisekontoret Ved Helse Fonna, Haugesund"
5700,Hordaland,Helse Vest,Helse Bergen,Kjørekontoret ved HelseBergen. Bergen
5701,Hordaland,Helse Vest,Helse Bergen,Kjørekontoret ved HelseBergen. Bergen
5702,Hordaland,Helse Vest,Helse Bergen,Kjørekontoret ved HelseBergen. Bergen
5703,Hordaland,Helse Vest,Helse Bergen,Kjørekontoret ved HelseBergen. Bergen
5704,Hordaland,Helse Vest,Helse Bergen,"Pasientreisekontoret Ved Helse Bergen, Bergen"
5705,Hordaland,Helse Vest,Helse Bergen,"Pasientreisekontoret Ved Helse Bergen, Bergen"
5706,Hordaland,Helse Vest,Helse Bergen,"Pasientreisekontoret Ved Helse Bergen, Bergen"
5707,Hordaland,Helse Vest,Helse Bergen,Kjørekontoret ved HelseBergen. Bergen
5708,Hordaland,Helse Vest,Helse Bergen,"Pasientreisekontoret Ved Helse Bergen, Bergen"
5709,Hordaland,Helse Vest,Helse Bergen,"Pasientreisekontoret Ved Helse Bergen, Bergen"
5710,Hordaland,Helse Vest,Helse Bergen,Kjørekontoret ved HelseBergen. Bergen
5711,Hordaland,Helse Vest,Helse Bergen,"Pasientreisekontoret Ved Helse Bergen, Bergen"
5712,Hordaland,Helse Vest,Helse Bergen,Kjørekontoret ved HelseBergen. Bergen
5713,Hordaland,Helse Vest,Helse Bergen,Kjørekontoret ved HelseBergen. Bergen
5714,Hordaland,Helse Vest,Helse Bergen,"Pasientreisekontoret Ved Helse Bergen, Bergen"
5715,Hordaland,Helse Vest,Helse Bergen,Kjørekontoret ved HelseBergen. Bergen
5718,Sogn og Fjordane,Helse Vest,Helse Førde,"Kjørekontoret  i Helse Førde, Førde"
5719,Hordaland,Helse Vest,Helse Bergen,"Pasientreisekontoret Ved Helse Bergen, Bergen"
5721,Hordaland,Helse Vest,Helse Bergen,"Pasientreisekontoret Ved Helse Bergen, Bergen"
5722,Hordaland,Helse Vest,Helse Bergen,"Pasientreisekontoret Ved Helse Bergen, Bergen"
5723,Hordaland,Helse Vest,Helse Bergen,"Pasientreisekontoret Ved Helse Bergen, Bergen"
5724,Hordaland,Helse Vest,Helse Bergen,"Pasientreisekontoret Ved Helse Bergen, Bergen"
5725,Hordaland,Helse Vest,Helse Bergen,"Pasientreisekontoret Ved Helse Bergen, Bergen"
5726,Hordaland,Helse Vest,Helse Bergen,"Pasientreisekontoret Ved Helse Bergen, Bergen"
5727,Hordaland,Helse Vest,Helse Bergen,"Pasientreisekontoret Ved Helse Bergen, Bergen"
5728,Hordaland,Helse Vest,Helse Bergen,"Pasientreisekontoret Ved Helse Bergen, Bergen"
5729,Hordaland,Helse Vest,Helse Bergen,"Pasientreisekontoret Ved Helse Bergen, Bergen"
5730,Hordaland,Helse Vest,Helse Bergen,"Pasientreisekontoret Ved Helse Bergen, Bergen"
5731,Hordaland,Helse Vest,Helse Bergen,"Pasientreisekontoret Ved Helse Bergen, Bergen"
5733,Hordaland,Helse Vest,Helse Bergen,"Pasientreisekontoret Ved Helse Bergen, Bergen"
5734,Hordaland,Helse Vest,Helse Bergen,"Pasientreisekontoret Ved Helse Bergen, Bergen"
5736,Hordaland,Helse Vest,Helse Bergen,"Pasientreisekontoret Ved Helse Bergen, Bergen"
5741,Sogn og Fjordane,Helse Vest,Helse Førde,"Kjørekontoret ved Helse Førde, Førde"
5742,Sogn og Fjordane,Helse Vest,Helse Førde,"Kjørekontoret ved Helse Førde, Førde"
5743,Sogn og Fjordane,Helse Vest,Helse Førde,"Kjørekontoret ved Helse Førde, Førde"
5745,Sogn og Fjordane,Helse Vest,Helse Førde,"Kjørekontoret ved Helse Førde, Førde"
5746,Sogn og Fjordane,Helse Vest,Helse Førde,"Kjørekontoret ved Helse Førde, Førde"
5747,Sogn og Fjordane,Helse Vest,Helse Førde,"Kjørekontoret ved Helse Førde, Førde"
5748,Sogn og Fjordane,Helse Vest,Helse Førde,"Kjørekontoret ved Helse Førde, Førde"
5749,Sogn og Fjordane,Helse Vest,Helse Førde,"Kjørekontoret ved Helse Førde, Førde"
5750,Hordaland,Helse Vest,"Helse Fonna, haugesund","Pasientreisekontoret Ved Helse Fonna, Haugesund"
5751,Hordaland,Helse Vest,"Helse Fonna, haugesund","Pasientreisekontoret Ved Helse Fonna, Haugesund"
5752,Hordaland,Helse Vest,Helse Bergen,"Pasientreisekontoret Ved Helse Bergen, Bergen"
5760,Hordaland,Helse Vest,"Helse Fonna, haugesund","Pasientreisekontoret Ved Helse Fonna, Haugesund"
5763,Hordaland,Helse Vest,"Helse Fonna, haugesund","Pasientreisekontoret Ved Helse Fonna, Haugesund"
5770,Hordaland,Helse Vest,"Helse Fonna, haugesund","Pasientreisekontoret Ved Helse Fonna, Haugesund"
5773,Hordaland,Helse Vest,"Helse Fonna, haugesund","Pasientreisekontoret Ved Helse Fonna, Haugesund"
5776,Hordaland,Helse Vest,"Helse Fonna, haugesund","Pasientreisekontoret Ved Helse Fonna, Haugesund"
5777,Hordaland,Helse Vest,"Helse Fonna, haugesund","Pasientreisekontoret Ved Helse Fonna, Haugesund"
5778,Hordaland,Helse Vest,"Helse Fonna, haugesund","Pasientreisekontoret Ved Helse Fonna, Haugesund"
5779,Hordaland,Helse Vest,"Helse Fonna, haugesund","Pasientreisekontoret Ved Helse Fonna, Haugesund"
5780,Hordaland,Helse Vest,"Helse Fonna, haugesund","Pasientreisekontoret Ved Helse Fonna, Haugesund"
5781,Hordaland,Helse Vest,"Helse Fonna, haugesund","Pasientreisekontoret Ved Helse Fonna, Haugesund"
5782,Hordaland,Helse Vest,"Helse Fonna, haugesund","Pasientreisekontoret Ved Helse Fonna, Haugesund"
5783,Hordaland,Helse Vest,"Helse Fonna, haugesund","Pasientreisekontoret Ved Helse Fonna, Haugesund"
5784,Hordaland,Helse Vest,"Helse Fonna, haugesund","Pasientreisekontoret Ved Helse Fonna, Haugesund"
5785,Hordaland,Helse Vest,"Helse Fonna, haugesund","Pasientreisekontoret Ved Helse Fonna, Haugesund"
5786,Hordaland,Helse Vest,"Helse Fonna, haugesund","Pasientreisekontoret Ved Helse Fonna, Haugesund"
5787,Hordaland,Helse Vest,"Helse Fonna, haugesund","Pasientreisekontoret Ved Helse Fonna, Haugesund"
5788,Hordaland,Helse Vest,"Helse Fonna, haugesund","Pasientreisekontoret Ved Helse Fonna, Haugesund"
5803,Hordaland,Helse Vest,Helse Bergen,"Pasientreisekontoret Ved Helse Bergen, Bergen"
5804,Hordaland,Helse Vest,Helse Bergen,"Pasientreisekontoret Ved Helse Bergen, Bergen"
5805,Hordaland,Helse Vest,Helse Bergen,"Pasientreisekontoret Ved Helse Bergen, Bergen"
5806,Hordaland,Helse Vest,Helse Bergen,"Pasientreisekontoret Ved Helse Bergen, Bergen"
5807,Hordaland,Helse Vest,Helse Bergen,"Pasientreisekontoret Ved Helse Bergen, Bergen"
5808,Hordaland,Helse Vest,Helse Bergen,"Pasientreisekontoret Ved Helse Bergen, Bergen"
5809,Hordaland,Helse Vest,Helse Bergen,"Pasientreisekontoret Ved Helse Bergen, Bergen"
5810,Hordaland,Helse Vest,Helse Bergen,"Pasientreisekontoret Ved Helse Bergen, Bergen"
5811,Hordaland,Helse Vest,Helse Bergen,"Pasientreisekontoret Ved Helse Bergen, Bergen"
5812,Hordaland,Helse Vest,Helse Bergen,"Pasientreisekontoret Ved Helse Bergen, Bergen"
5813,Hordaland,Helse Vest,Helse Bergen,"Pasientreisekontoret Ved Helse Bergen, Bergen"
5814,Hordaland,Helse Vest,Helse Bergen,"Pasientreisekontoret Ved Helse Bergen, Bergen"
5815,Hordaland,Helse Vest,Helse Bergen,"Pasientreisekontoret Ved Helse Bergen, Bergen"
5816,Hordaland,Helse Vest,Helse Bergen,"Pasientreisekontoret Ved Helse Bergen, Bergen"
5817,Hordaland,Helse Vest,Helse Bergen,"Pasientreisekontoret Ved Helse Bergen, Bergen"
5818,Hordaland,Helse Vest,Helse Bergen,"Pasientreisekontoret Ved Helse Bergen, Bergen"
5819,Hordaland,Helse Vest,Helse Bergen,"Pasientreisekontoret Ved Helse Bergen, Bergen"
5820,Hordaland,Helse Vest,Helse Bergen,"Pasientreisekontoret Ved Helse Bergen, Bergen"
5821,Hordaland,Helse Vest,Helse Bergen,"Pasientreisekontoret Ved Helse Bergen, Bergen"
5822,Hordaland,Helse Vest,Helse Bergen,"Pasientreisekontoret Ved Helse Bergen, Bergen"
5824,Hordaland,Helse Vest,Helse Bergen,"Pasientreisekontoret Ved Helse Bergen, Bergen"
5825,Hordaland,Helse Vest,Helse Bergen,"Pasientreisekontoret Ved Helse Bergen, Bergen"
5828,Hordaland,Helse Vest,Helse Bergen,"Pasientreisekontoret Ved Helse Bergen, Bergen"
5829,Hordaland,Helse Vest,Helse Bergen,"Pasientreisekontoret Ved Helse Bergen, Bergen"
5831,Hordaland,Helse Vest,Helse Bergen,"Pasientreisekontoret Ved Helse Bergen, Bergen"
5835,Hordaland,Helse Vest,Helse Bergen,"Pasientreisekontoret Ved Helse Bergen, Bergen"
5836,Hordaland,Helse Vest,Helse Bergen,"Pasientreisekontoret Ved Helse Bergen, Bergen"
5838,Hordaland,Helse Vest,Helse Bergen,"Pasientreisekontoret Ved Helse Bergen, Bergen"
5841,Hordaland,Helse Vest,Helse Bergen,"Pasientreisekontoret Ved Helse Bergen, Bergen"
5845,Hordaland,Helse Vest,Helse Bergen,"Pasientreisekontoret Ved Helse Bergen, Bergen"
5847,Hordaland,Helse Vest,Helse Bergen,"Pasientreisekontoret Ved Helse Bergen, Bergen"
5848,Hordaland,Helse Vest,Helse Bergen,"Pasientreisekontoret Ved Helse Bergen, Bergen"
5849,Hordaland,Helse Vest,Helse Bergen,"Pasientreisekontoret Ved Helse Bergen, Bergen"
5851,Hordaland,Helse Vest,Helse Bergen,"Pasientreisekontoret Ved Helse Bergen, Bergen"
5852,Hordaland,Helse Vest,Helse Bergen,"Pasientreisekontoret Ved Helse Bergen, Bergen"
5853,Hordaland,Helse Vest,Helse Bergen,"Pasientreisekontoret Ved Helse Bergen, Bergen"
5854,Hordaland,Helse Vest,Helse Bergen,"Pasientreisekontoret Ved Helse Bergen, Bergen"
5857,Hordaland,Helse Vest,Helse Bergen,"Pasientreisekontoret Ved Helse Bergen, Bergen"
5858,Hordaland,Helse Vest,Helse Bergen,"Pasientreisekontoret Ved Helse Bergen, Bergen"
5859,Hordaland,Helse Vest,Helse Bergen,"Pasientreisekontoret Ved Helse Bergen, Bergen"
5861,Hordaland,Helse Vest,Helse Bergen,"Pasientreisekontoret Ved Helse Bergen, Bergen"
5862,Hordaland,Helse Vest,Helse Bergen,"Pasientreisekontoret Ved Helse Bergen, Bergen"
5863,Hordaland,Helse Vest,Helse Bergen,"Pasientreisekontoret Ved Helse Bergen, Bergen"
5864,Hordaland,Helse Vest,Helse Bergen,"Pasientreisekontoret Ved Helse Bergen, Bergen"
5868,Hordaland,Helse Vest,Helse Bergen,"Pasientreisekontoret Ved Helse Bergen, Bergen"
5869,Hordaland,Helse Vest,Helse Bergen,"Pasientreisekontoret Ved Helse Bergen, Bergen"
5871,Hordaland,Helse Vest,Helse Bergen,"Pasientreisekontoret Ved Helse Bergen, Bergen"
5872,Hordaland,Helse Vest,Helse Bergen,"Pasientreisekontoret Ved Helse Bergen, Bergen"
5873,Hordaland,Helse Vest,Helse Bergen,"Pasientreisekontoret Ved Helse Bergen, Bergen"
5876,Hordaland,Helse Vest,Helse Bergen,"Pasientreisekontoret Ved Helse Bergen, Bergen"
5877,Hordaland,Helse Vest,Helse Bergen,"Pasientreisekontoret Ved Helse Bergen, Bergen"
5878,Hordaland,Helse Vest,Helse Bergen,"Pasientreisekontoret Ved Helse Bergen, Bergen"
5879,Hordaland,Helse Vest,Helse Bergen,"Pasientreisekontoret Ved Helse Bergen, Bergen"
5881,Hordaland,Helse Vest,Helse Bergen,"Pasientreisekontoret Ved Helse Bergen, Bergen"
5882,Hordaland,Helse Vest,Helse Bergen,"Pasientreisekontoret Ved Helse Bergen, Bergen"
5883,Hordaland,Helse Vest,Helse Bergen,"Pasientreisekontoret Ved Helse Bergen, Bergen"
5884,Hordaland,Helse Vest,Helse Bergen,"Pasientreisekontoret Ved Helse Bergen, Bergen"
5886,Hordaland,Helse Vest,Helse Bergen,"Pasientreisekontoret Ved Helse Bergen, Bergen"
5887,Hordaland,Helse Vest,Helse Bergen,"Pasientreisekontoret Ved Helse Bergen, Bergen"
5888,Hordaland,Helse Vest,Helse Bergen,"Pasientreisekontoret Ved Helse Bergen, Bergen"
5889,Hordaland,Helse Vest,Helse Bergen,"Pasientreisekontoret Ved Helse Bergen, Bergen"
5892,Hordaland,Helse Vest,Helse Bergen,"Pasientreisekontoret Ved Helse Bergen, Bergen"
5893,Hordaland,Helse Vest,Helse Bergen,"Pasientreisekontoret Ved Helse Bergen, Bergen"
5895,Hordaland,Helse Vest,Helse Bergen,"Pasientreisekontoret Ved Helse Bergen, Bergen"
5896,Hordaland,Helse Vest,Helse Bergen,"Pasientreisekontoret Ved Helse Bergen, Bergen"
5899,Hordaland,Helse Vest,Helse Bergen,"Pasientreisekontoret Ved Helse Bergen, Bergen"
5902,Hordaland,Helse Vest,Helse Bergen,"Pasientreisekontoret Ved Helse Bergen, Bergen"
5903,Hordaland,Helse Vest,Helse Bergen,"Pasientreisekontoret Ved Helse Bergen, Bergen"
5904,Hordaland,Helse Vest,Helse Bergen,"Pasientreisekontoret Ved Helse Bergen, Bergen"
5906,Hordaland,Helse Vest,Helse Bergen,"Pasientreisekontoret Ved Helse Bergen, Bergen"
5907,Hordaland,Helse Vest,Helse Bergen,"Pasientreisekontoret Ved Helse Bergen, Bergen"
5908,Hordaland,Helse Vest,Helse Bergen,"Pasientreisekontoret Ved Helse Bergen, Bergen"
5911,Hordaland,Helse Vest,Helse Bergen,"Pasientreisekontoret Ved Helse Bergen, Bergen"
5912,Hordaland,Helse Vest,Helse Bergen,"Pasientreisekontoret Ved Helse Bergen, Bergen"
5913,Hordaland,Helse Vest,Helse Bergen,"Pasientreisekontoret Ved Helse Bergen, Bergen"
5914,Hordaland,Helse Vest,Helse Bergen,"Pasientreisekontoret Ved Helse Bergen, Bergen"
5915,Hordaland,Helse Vest,Helse Bergen,"Pasientreisekontoret Ved Helse Bergen, Bergen"
5916,Hordaland,Helse Vest,Helse Bergen,"Pasientreisekontoret Ved Helse Bergen, Bergen"
5917,Hordaland,Helse Vest,Helse Bergen,"Pasientreisekontoret Ved Helse Bergen, Bergen"
5918,Hordaland,Helse Vest,Helse Bergen,"Pasientreisekontoret Ved Helse Bergen, Bergen"
5931,Hordaland,Helse Vest,Helse Bergen,"Pasientreisekontoret Ved Helse Bergen, Bergen"
5936,Hordaland,Helse Vest,Helse Bergen,"Pasientreisekontoret Ved Helse Bergen, Bergen"
5937,Hordaland,Helse Vest,Helse Bergen,"Pasientreisekontoret Ved Helse Bergen, Bergen"
5938,Hordaland,Helse Vest,Helse Bergen,"Pasientreisekontoret Ved Helse Bergen, Bergen"
5939,Hordaland,Helse Vest,Helse Bergen,"Pasientreisekontoret Ved Helse Bergen, Bergen"
5941,Hordaland,Helse Vest,Helse Bergen,"Pasientreisekontoret Ved Helse Bergen, Bergen"
5943,Hordaland,Helse Vest,Helse Bergen,"Pasientreisekontoret Ved Helse Bergen, Bergen"
5947,Hordaland,Helse Vest,Helse Bergen,"Pasientreisekontoret Ved Helse Bergen, Bergen"
5948,Hordaland,Helse Vest,Helse Bergen,"Pasientreisekontoret Ved Helse Bergen, Bergen"
5951,Hordaland,Helse Vest,Helse Bergen,"Pasientreisekontoret Ved Helse Bergen, Bergen"
5952,Hordaland,Helse Vest,Helse Bergen,"Pasientreisekontoret Ved Helse Bergen, Bergen"
5953,Hordaland,Helse Vest,Helse Bergen,"Pasientreisekontoret Ved Helse Bergen, Bergen"
5954,Hordaland,Helse Vest,Helse Bergen,"Pasientreisekontoret Ved Helse Bergen, Bergen"
5955,Hordaland,Helse Vest,Helse Bergen,"Pasientreisekontoret Ved Helse Bergen, Bergen"
5956,Hordaland,Helse Vest,Helse Bergen,"Pasientreisekontoret Ved Helse Bergen, Bergen"
5957,Hordaland,Helse Vest,Helse Bergen,"Pasientreisekontoret Ved Helse Bergen, Bergen"
5960,Sogn og Fjordane,Helse Vest,Helse Førde,"Kjørekontoret ved Helse Førde, Førde"
5961,Sogn og Fjordane,Helse Vest,Helse Førde,"Kjørekontoret ved Helse Førde, Førde"
5962,Sogn og Fjordane,Helse Vest,Helse Førde,"Kjørekontoret ved Helse Førde, Førde"
5966,Sogn og Fjordane,Helse Vest,Helse Førde,"Kjørekontoret ved Helse Førde, Førde"
5967,Sogn og Fjordane,Helse Vest,Helse Førde,"Kjørekontoret ved Helse Førde, Førde"
5970,Sogn og Fjordane,Helse Vest,Helse Førde,"Kjørekontoret ved Helse Førde, Førde"
5977,Sogn og Fjordane,Helse Vest,Helse Førde,"Kjørekontoret ved Helse Førde, Førde"
5978,Sogn og Fjordane,Helse Vest,Helse Førde,"Kjørekontoret ved Helse Førde, Førde"
5979,Sogn og Fjordane,Helse Vest,Helse Førde,"Kjørekontoret ved Helse Førde, Førde"
5981,Hordaland,Helse Vest,Helse Bergen,"Pasientreisekontoret Ved Helse Bergen, Bergen"
5983,Hordaland,Helse Vest,Helse Bergen,"Pasientreisekontoret Ved Helse Bergen, Bergen"
5984,Hordaland,Helse Vest,Helse Bergen,"Pasientreisekontoret Ved Helse Bergen, Bergen"
5986,Hordaland,Helse Vest,Helse Bergen,"Pasientreisekontoret Ved Helse Bergen, Bergen"
5987,Hordaland,Helse Vest,Helse Bergen,"Pasientreisekontoret Ved Helse Bergen, Bergen"
5991,Hordaland,Helse Vest,Helse Bergen,"Pasientreisekontoret Ved Helse Bergen, Bergen"
5993,Hordaland,Helse Vest,Helse Bergen,"Pasientreisekontoret Ved Helse Bergen, Bergen"
5994,Hordaland,Helse Vest,Helse Bergen,"Pasientreisekontoret Ved Helse Bergen, Bergen"
6001,Møre og Romsdal,Helse Midt-Norge,Helse Sunnmøre,"Pasientreisekontoret ved Helse Sunnmøre, Ålesund"
6002,Møre og Romsdal,Helse Midt-Norge,Helse Sunnmøre,"Pasientreisekontoret ved Helse Sunnmøre, Ålesund"
6003,Møre og Romsdal,Helse Midt-Norge,Helse Sunnmøre,"Pasientreisekontoret ved Helse Sunnmøre, Ålesund"
6004,Møre og Romsdal,Helse Midt-Norge,Helse Sunnmøre,"Pasientreisekontoret ved Helse Sunnmøre, Ålesund"
6005,Møre og Romsdal,Helse Midt-Norge,Helse Sunnmøre,"Pasientreisekontoret ved Helse Sunnmøre, Ålesund"
6006,Møre og Romsdal,Helse Midt-Norge,Helse Sunnmøre,"Pasientreisekontoret ved Helse Sunnmøre, Ålesund"
6007,Møre og Romsdal,Helse Midt-Norge,Helse Sunnmøre,"Pasientreisekontoret ved Helse Sunnmøre, Ålesund"
6008,Møre og Romsdal,Helse Midt-Norge,Helse Sunnmøre,"Pasientreisekontoret ved Helse Sunnmøre, Ålesund"
6009,Møre og Romsdal,Helse Midt-Norge,Helse Sunnmøre,"Pasientreisekontoret ved Helse Sunnmøre, Ålesund"
6010,Møre og Romsdal,Helse Midt-Norge,Helse Sunnmøre,"Pasientreisekontoret ved Helse Sunnmøre, Ålesund"
6011,Møre og Romsdal,Helse Midt-Norge,Helse Sunnmøre,"Pasientreisekontoret ved Helse Sunnmøre, Ålesund"
6012,Møre og Romsdal,Helse Midt-Norge,Helse Sunnmøre,"Pasientreisekontoret ved Helse Sunnmøre, Ålesund"
6013,Møre og Romsdal,Helse Midt-Norge,Helse Sunnmøre,"Pasientreisekontoret ved Helse Sunnmøre, Ålesund"
6014,Møre og Romsdal,Helse Midt-Norge,Helse Sunnmøre,"Pasientreisekontoret ved Helse Sunnmøre, Ålesund"
6015,Møre og Romsdal,Helse Midt-Norge,Helse Sunnmøre,"Pasientreisekontoret ved Helse Sunnmøre, Ålesund"
6016,Møre og Romsdal,Helse Midt-Norge,Helse Sunnmøre,"Pasientreisekontoret ved Helse Sunnmøre, Ålesund"
6017,Møre og Romsdal,Helse Midt-Norge,Helse Sunnmøre,"Pasientreisekontoret ved Helse Sunnmøre, Ålesund"
6018,Møre og Romsdal,Helse Midt-Norge,Helse Sunnmøre,"Pasientreisekontoret ved Helse Sunnmøre, Ålesund"
6019,Møre og Romsdal,Helse Midt-Norge,Helse Sunnmøre,"Pasientreisekontoret ved Helse Sunnmøre, Ålesund"
6020,Møre og Romsdal,Helse Midt-Norge,Helse Sunnmøre,"Pasientreisekontoret ved Helse Sunnmøre, Ålesund"
6021,Møre og Romsdal,Helse Midt-Norge,Helse Sunnmøre,"Pasientreisekontoret ved Helse Sunnmøre, Ålesund"
6022,Møre og Romsdal,Helse Midt-Norge,Helse Sunnmøre,"Pasientreisekontoret ved Helse Sunnmøre, Ålesund"
6023,Møre og Romsdal,Helse Midt-Norge,Helse Sunnmøre,"Pasientreisekontoret ved Helse Sunnmøre, Ålesund"
6024,Møre og Romsdal,Helse Midt-Norge,Helse Sunnmøre,"Pasientreisekontoret ved Helse Sunnmøre, Ålesund"
6025,Møre og Romsdal,Helse Midt-Norge,Helse Sunnmøre,"Pasientreisekontoret ved Helse Sunnmøre, Ålesund"
6026,Møre og Romsdal,Helse Midt-Norge,Helse Sunnmøre,"Pasientreisekontoret ved Helse Sunnmøre, Ålesund"
6028,Møre og Romsdal,Helse Midt-Norge,Helse Sunnmøre,"Pasientreisekontoret ved Helse Sunnmøre, Ålesund"
6030,Møre og Romsdal,Helse Midt-Norge,Helse Sunnmøre,"Pasientreisekontoret ved Helse Sunnmøre, Ålesund"
6035,Møre og Romsdal,Helse Midt-Norge,Helse Sunnmøre,"Pasientreisekontoret ved Helse Sunnmøre, Ålesund"
6036,Møre og Romsdal,Helse Midt-Norge,Helse Sunnmøre,"Pasientreisekontoret ved Helse Sunnmøre, Ålesund"
6037,Møre og Romsdal,Helse Midt-Norge,Helse Sunnmøre,"Pasientreisekontoret ved Helse Sunnmøre, Ålesund"
6038,Møre og Romsdal,Helse Midt-Norge,Helse Sunnmøre,"Pasientreisekontoret ved Helse Sunnmøre, Ålesund"
6039,Møre og Romsdal,Helse Midt-Norge,Helse Sunnmøre,"Pasientreisekontoret ved Helse Sunnmøre, Ålesund"
6040,Møre og Romsdal,Helse Midt-Norge,Helse Sunnmøre,"Pasientreisekontoret ved Helse Sunnmøre, Ålesund"
6045,Møre og Romsdal,Helse Midt-Norge,Helse Sunnmøre,"Pasientreisekontoret ved Helse Sunnmøre, Ålesund"
6046,Møre og Romsdal,Helse Midt-Norge,Helse Sunnmøre,"Pasientreisekontoret ved Helse Sunnmøre, Ålesund"
6047,Møre og Romsdal,Helse Midt-Norge,Helse Sunnmøre,"Pasientreisekontoret ved Helse Sunnmøre, Ålesund"
6048,Møre og Romsdal,Helse Midt-Norge,Helse Sunnmøre,"Pasientreisekontoret ved Helse Sunnmøre, Ålesund"
6050,Møre og Romsdal,Helse Midt-Norge,Helse Sunnmøre,"Pasientreisekontoret ved Helse Sunnmøre, Ålesund"
6051,Møre og Romsdal,Helse Midt-Norge,Helse Sunnmøre,"Pasientreisekontoret ved Helse Sunnmøre, Ålesund"
6052,Møre og Romsdal,Helse Midt-Norge,Helse Sunnmøre,"Pasientreisekontoret ved Helse Sunnmøre, Ålesund"
6055,Møre og Romsdal,Helse Midt-Norge,Helse Sunnmøre,"Pasientreisekontoret ved Helse Sunnmøre, Ålesund"
6057,Møre og Romsdal,Helse Midt-Norge,Helse Sunnmøre,"Pasientreisekontoret ved Helse Sunnmøre, Ålesund"
6058,Møre og Romsdal,Helse Midt-Norge,Helse Sunnmøre,"Pasientreisekontoret ved Helse Sunnmøre, Ålesund"
6059,Møre og Romsdal,Helse Midt-Norge,Helse Sunnmøre,"Pasientreisekontoret ved Helse Sunnmøre, Ålesund"
6060,Møre og Romsdal,Helse Midt-Norge,Helse Sunnmøre,"Pasientreisekontoret ved Helse Sunnmøre, Ålesund"
6062,Møre og Romsdal,Helse Midt-Norge,Helse Sunnmøre,"Pasientreisekontoret ved Helse Sunnmøre, Ålesund"
6063,Møre og Romsdal,Helse Midt-Norge,Helse Sunnmøre,"Pasientreisekontoret ved Helse Sunnmøre, Ålesund"
6064,Møre og Romsdal,Helse Midt-Norge,Helse Sunnmøre,"Pasientreisekontoret ved Helse Sunnmøre, Ålesund"
6065,Møre og Romsdal,Helse Midt-Norge,Helse Sunnmøre,"Pasientreisekontoret ved Helse Sunnmøre, Ålesund"
6067,Møre og Romsdal,Helse Midt-Norge,Helse Sunnmøre,"Pasientreisekontoret ved Helse Sunnmøre, Ålesund"
6068,Møre og Romsdal,Helse Midt-Norge,Helse Sunnmøre,"Pasientreisekontoret ved Helse Sunnmøre, Ålesund"
6069,Møre og Romsdal,Helse Midt-Norge,Helse Sunnmøre,"Pasientreisekontoret ved Helse Sunnmøre, Ålesund"
6070,Møre og Romsdal,Helse Midt-Norge,Helse Sunnmøre,"Pasientreisekontoret ved Helse Sunnmøre, Ålesund"
6076,Møre og Romsdal,Helse Midt-Norge,Helse Sunnmøre,"Pasientreisekontoret ved Helse Sunnmøre, Ålesund"
6080,Møre og Romsdal,Helse Midt-Norge,Helse Sunnmøre,"Pasientreisekontoret ved Helse Sunnmøre, Ålesund"
6082,Møre og Romsdal,Helse Midt-Norge,Helse Sunnmøre,"Pasientreisekontoret ved Helse Sunnmøre, Ålesund"
6083,Møre og Romsdal,Helse Midt-Norge,Helse Sunnmøre,"Pasientreisekontoret ved Helse Sunnmøre, Ålesund"
6084,Møre og Romsdal,Helse Midt-Norge,Helse Sunnmøre,"Pasientreisekontoret ved Helse Sunnmøre, Ålesund"
6085,Møre og Romsdal,Helse Midt-Norge,Helse Sunnmøre,"Pasientreisekontoret ved Helse Sunnmøre, Ålesund"
6087,Møre og Romsdal,Helse Midt-Norge,Helse Sunnmøre,"Pasientreisekontoret ved Helse Sunnmøre, Ålesund"
6089,Møre og Romsdal,Helse Midt-Norge,Helse Sunnmøre,"Pasientreisekontoret ved Helse Sunnmøre, Ålesund"
6090,Møre og Romsdal,Helse Midt-Norge,Helse Sunnmøre,"Pasientreisekontoret ved Helse Sunnmøre, Ålesund"
6091,Møre og Romsdal,Helse Midt-Norge,Helse Sunnmøre,"Pasientreisekontoret ved Helse Sunnmøre, Ålesund"
6092,Møre og Romsdal,Helse Midt-Norge,Helse Sunnmøre,"Pasientreisekontoret ved Helse Sunnmøre, Ålesund"
6094,Møre og Romsdal,Helse Midt-Norge,Helse Sunnmøre,"Pasientreisekontoret ved Helse Sunnmøre, Ålesund"
6095,Møre og Romsdal,Helse Midt-Norge,Helse Sunnmøre,"Pasientreisekontoret ved Helse Sunnmøre, Ålesund"
6096,Møre og Romsdal,Helse Midt-Norge,Helse Sunnmøre,"Pasientreisekontoret ved Helse Sunnmøre, Ålesund"
6098,Møre og Romsdal,Helse Midt-Norge,Helse Sunnmøre,"Pasientreisekontoret ved Helse Sunnmøre, Ålesund"
6099,Møre og Romsdal,Helse Midt-Norge,Helse Sunnmøre,"Pasientreisekontoret ved Helse Sunnmøre, Ålesund"
6100,Møre og Romsdal,Helse Midt-Norge,Helse Sunnmøre,"Pasientreisekontoret ved Helse Sunnmøre, Ålesund"
6101,Møre og Romsdal,Helse Midt-Norge,Helse Sunnmøre,"Pasientreisekontoret ved Helse Sunnmøre, Ålesund"
6102,Møre og Romsdal,Helse Midt-Norge,Helse Sunnmøre,"Pasientreisekontoret ved Helse Sunnmøre, Ålesund"
6103,Møre og Romsdal,Helse Midt-Norge,Helse Sunnmøre,"Pasientreisekontoret ved Helse Sunnmøre, Ålesund"
6104,Møre og Romsdal,Helse Midt-Norge,Helse Sunnmøre,"Pasientreisekontoret ved Helse Sunnmøre, Ålesund"
6105,Møre og Romsdal,Helse Midt-Norge,Helse Sunnmøre,"Pasientreisekontoret ved Helse Sunnmøre, Ålesund"
6106,Møre og Romsdal,Helse Midt-Norge,Helse Sunnmøre,"Pasientreisekontoret ved Helse Sunnmøre, Ålesund"
6110,Møre og Romsdal,Helse Midt-Norge,Helse Sunnmøre,"Pasientreisekontoret ved Helse Sunnmøre, Ålesund"
6120,Møre og Romsdal,Helse Midt-Norge,Helse Sunnmøre,"Pasientreisekontoret ved Helse Sunnmøre, Ålesund"
6133,Møre og Romsdal,Helse Midt-Norge,Helse Sunnmøre,"Pasientreisekontoret ved Helse Sunnmøre, Ålesund"
6139,Møre og Romsdal,Helse Midt-Norge,Helse Sunnmøre,"Pasientreisekontoret ved Helse Sunnmøre, Ålesund"
6140,Møre og Romsdal,Helse Midt-Norge,Helse Sunnmøre,"Pasientreisekontoret ved Helse Sunnmøre, Ålesund"
6141,Møre og Romsdal,Helse Midt-Norge,Helse Sunnmøre,"Pasientreisekontoret ved Helse Sunnmøre, Ålesund"
6142,Møre og Romsdal,Helse Midt-Norge,Helse Sunnmøre,"Pasientreisekontoret ved Helse Sunnmøre, Ålesund"
6143,Møre og Romsdal,Helse Midt-Norge,Helse Sunnmøre,"Pasientreisekontoret ved Helse Sunnmøre, Ålesund"
6144,Møre og Romsdal,Helse Midt-Norge,Helse Sunnmøre,"Pasientreisekontoret ved Helse Sunnmøre, Ålesund"
6146,Møre og Romsdal,Helse Midt-Norge,Helse Sunnmøre,"Pasientreisekontoret ved Helse Sunnmøre, Ålesund"
6149,Møre og Romsdal,Helse Midt-Norge,Helse Sunnmøre,"Pasientreisekontoret ved Helse Sunnmøre, Ålesund"
6150,Møre og Romsdal,Helse Midt-Norge,Helse Sunnmøre,"Pasientreisekontoret ved Helse Sunnmøre, Ålesund"
6151,Møre og Romsdal,Helse Midt-Norge,Helse Sunnmøre,"Pasientreisekontoret ved Helse Sunnmøre, Ålesund"
6152,Møre og Romsdal,Helse Midt-Norge,Helse Sunnmøre,"Pasientreisekontoret ved Helse Sunnmøre, Ålesund"
6153,Møre og Romsdal,Helse Midt-Norge,Helse Sunnmøre,"Pasientreisekontoret ved Helse Sunnmøre, Ålesund"
6154,Møre og Romsdal,Helse Midt-Norge,Helse Sunnmøre,"Pasientreisekontoret ved Helse Sunnmøre, Ålesund"
6155,Møre og Romsdal,Helse Midt-Norge,Helse Sunnmøre,"Pasientreisekontoret ved Helse Sunnmøre, Ålesund"
6156,Møre og Romsdal,Helse Midt-Norge,Helse Sunnmøre,"Pasientreisekontoret ved Helse Sunnmøre, Ålesund"
6160,Møre og Romsdal,Helse Midt-Norge,Helse Sunnmøre,"Pasientreisekontoret ved Helse Sunnmøre, Ålesund"
6161,Møre og Romsdal,Helse Midt-Norge,Helse Sunnmøre,"Pasientreisekontoret ved Helse Sunnmøre, Ålesund"
6165,Møre og Romsdal,Helse Midt-Norge,Helse Sunnmøre,"Pasientreisekontoret ved Helse Sunnmøre, Ålesund"
6166,Møre og Romsdal,Helse Midt-Norge,Helse Sunnmøre,"Pasientreisekontoret ved Helse Sunnmøre, Ålesund"
6170,Møre og Romsdal,Helse Midt-Norge,Helse Sunnmøre,"Pasientreisekontoret ved Helse Sunnmøre, Ålesund"
6174,Møre og Romsdal,Helse Midt-Norge,Helse Sunnmøre,"Pasientreisekontoret ved Helse Sunnmøre, Ålesund"
6183,Møre og Romsdal,Helse Midt-Norge,Helse Sunnmøre,"Pasientreisekontoret ved Helse Sunnmøre, Ålesund"
6184,Møre og Romsdal,Helse Midt-Norge,Helse Sunnmøre,"Pasientreisekontoret ved Helse Sunnmøre, Ålesund"
6190,Møre og Romsdal,Helse Midt-Norge,Helse Sunnmøre,"Pasientreisekontoret ved Helse Sunnmøre, Ålesund"
6196,Møre og Romsdal,Helse Midt-Norge,Helse Sunnmøre,"Pasientreisekontoret ved Helse Sunnmøre, Ålesund"
6200,Møre og Romsdal,Helse Midt-Norge,Helse Sunnmøre,"Pasientreisekontoret ved Helse Sunnmøre, Ålesund"
6201,Møre og Romsdal,Helse Midt-Norge,Helse Sunnmøre,"Pasientreisekontoret ved Helse Sunnmøre, Ålesund"
6210,Møre og Romsdal,Helse Midt-Norge,Helse Sunnmøre,"Pasientreisekontoret ved Helse Sunnmøre, Ålesund"
6211,Møre og Romsdal,Helse Midt-Norge,Helse Sunnmøre,"Pasientreisekontoret ved Helse Sunnmøre, Ålesund"
6212,Møre og Romsdal,Helse Midt-Norge,Helse Sunnmøre,"Pasientreisekontoret ved Helse Sunnmøre, Ålesund"
6213,Møre og Romsdal,Helse Midt-Norge,Helse Sunnmøre,"Pasientreisekontoret ved Helse Sunnmøre, Ålesund"
6214,Møre og Romsdal,Helse Midt-Norge,Helse Sunnmøre,"Pasientreisekontoret ved Helse Sunnmøre, Ålesund"
6215,Møre og Romsdal,Helse Midt-Norge,Helse Sunnmøre,"Pasientreisekontoret ved Helse Sunnmøre, Ålesund"
6216,Møre og Romsdal,Helse Midt-Norge,Helse Sunnmøre,"Pasientreisekontoret ved Helse Sunnmøre, Ålesund"
6218,Møre og Romsdal,Helse Midt-Norge,Helse Sunnmøre,"Pasientreisekontoret ved Helse Sunnmøre, Ålesund"
6220,Møre og Romsdal,Helse Midt-Norge,Helse Sunnmøre,"Pasientreisekontoret ved Helse Sunnmøre, Ålesund"
6222,Møre og Romsdal,Helse Midt-Norge,Helse Sunnmøre,"Pasientreisekontoret ved Helse Sunnmøre, Ålesund"
6224,Møre og Romsdal,Helse Midt-Norge,Helse Sunnmøre,"Pasientreisekontoret ved Helse Sunnmøre, Ålesund"
6230,Møre og Romsdal,Helse Midt-Norge,Helse Sunnmøre,"Pasientreisekontoret ved Helse Sunnmøre, Ålesund"
6238,Møre og Romsdal,Helse Midt-Norge,Helse Sunnmøre,"Pasientreisekontoret ved Helse Sunnmøre, Ålesund"
6239,Møre og Romsdal,Helse Midt-Norge,Helse Sunnmøre,"Pasientreisekontoret ved Helse Sunnmøre, Ålesund"
6240,Møre og Romsdal,Helse Midt-Norge,Helse Sunnmøre,"Pasientreisekontoret ved Helse Sunnmøre, Ålesund"
6249,Møre og Romsdal,Helse Midt-Norge,Helse Sunnmøre,"Pasientreisekontoret ved Helse Sunnmøre, Ålesund"
6250,Møre og Romsdal,Helse Midt-Norge,Helse Sunnmøre,"Pasientreisekontoret ved Helse Sunnmøre, Ålesund"
6259,Møre og Romsdal,Helse Midt-Norge,Helse Sunnmøre,"Pasientreisekontoret ved Helse Sunnmøre, Ålesund"
6260,Møre og Romsdal,Helse Midt-Norge,Helse Sunnmøre,"Pasientreisekontoret ved Helse Sunnmøre, Ålesund"
6263,Møre og Romsdal,Helse Midt-Norge,Helse Sunnmøre,"Pasientreisekontoret ved Helse Sunnmøre, Ålesund"
6264,Møre og Romsdal,Helse Midt-Norge,Helse Sunnmøre,"Pasientreisekontoret ved Helse Sunnmøre, Ålesund"
6265,Møre og Romsdal,Helse Midt-Norge,Helse Sunnmøre,"Pasientreisekontoret ved Helse Sunnmøre, Ålesund"
6270,Møre og Romsdal,Helse Midt-Norge,Helse Sunnmøre,"Pasientreisekontoret ved Helse Sunnmøre, Ålesund"
6272,Møre og Romsdal,Helse Midt-Norge,Helse Sunnmøre,"Pasientreisekontoret ved Helse Sunnmøre, Ålesund"
6280,Møre og Romsdal,Helse Midt-Norge,Helse Sunnmøre,"Pasientreisekontoret ved Helse Sunnmøre, Ålesund"
6281,Møre og Romsdal,Helse Midt-Norge,Helse Sunnmøre,"Pasientreisekontoret ved Helse Sunnmøre, Ålesund"
6282,Møre og Romsdal,Helse Midt-Norge,Helse Sunnmøre,"Pasientreisekontoret ved Helse Sunnmøre, Ålesund"
6283,Møre og Romsdal,Helse Midt-Norge,Helse Sunnmøre,"Pasientreisekontoret ved Helse Sunnmøre, Ålesund"
6285,Møre og Romsdal,Helse Midt-Norge,Helse Sunnmøre,"Pasientreisekontoret ved Helse Sunnmøre, Ålesund"
6290,Møre og Romsdal,Helse Midt-Norge,Helse Sunnmøre,"Pasientreisekontoret ved Helse Sunnmøre, Ålesund"
6292,Møre og Romsdal,Helse Midt-Norge,Helse Sunnmøre,"Pasientreisekontoret ved Helse Sunnmøre, Ålesund"
6293,Møre og Romsdal,Helse Midt-Norge,Helse Sunnmøre,"Pasientreisekontoret ved Helse Sunnmøre, Ålesund"
6294,Møre og Romsdal,Helse Midt-Norge,Helse Sunnmøre,"Pasientreisekontoret ved Helse Sunnmøre, Ålesund"
6300,Møre og Romsdal,Helse Midt-Norge,Helse Sunnmøre,"Pasientreisekontoret ved Helse Sunnmøre, Ålesund"
6301,Møre og Romsdal,Helse Midt-Norge,Helse Sunnmøre,"Pasientreisekontoret ved Helse Sunnmøre, Ålesund"
6310,Møre og Romsdal,Helse Midt-Norge,Helse Sunnmøre,"Pasientreisekontoret ved Helse Sunnmøre, Ålesund"
6315,Møre og Romsdal,Helse Midt-Norge,Helse Sunnmøre,"Pasientreisekontoret ved Helse Sunnmøre, Ålesund"
6320,Møre og Romsdal,Helse Midt-Norge,Helse Sunnmøre,"Pasientreisekontoret ved Helse Sunnmøre, Ålesund"
6330,Møre og Romsdal,Helse Midt-Norge,Helse Sunnmøre,"Pasientreisekontoret ved Helse Sunnmøre, Ålesund"
6339,Møre og Romsdal,Helse Midt-Norge,Helse Sunnmøre,"Pasientreisekontoret ved Helse Sunnmøre, Ålesund"
6350,Møre og Romsdal,Helse Midt-Norge,Helse Sunnmøre,"Pasientreisekontoret ved Helse Sunnmøre, Ålesund"
6360,Møre og Romsdal,Helse Midt-Norge,Helse Sunnmøre,"Pasientreisekontoret ved Helse Sunnmøre, Ålesund"
6363,Møre og Romsdal,Helse Midt-Norge,Helse Sunnmøre,"Pasientreisekontoret ved Helse Sunnmøre, Ålesund"
6364,Møre og Romsdal,Helse Midt-Norge,Helse Sunnmøre,"Pasientreisekontoret ved Helse Sunnmøre, Ålesund"
6386,Møre og Romsdal,Helse Midt-Norge,Helse Sunnmøre,"Pasientreisekontoret ved Helse Sunnmøre, Ålesund"
6387,Møre og Romsdal,Helse Midt-Norge,Helse Sunnmøre,"Pasientreisekontoret ved Helse Sunnmøre, Ålesund"
6390,Møre og Romsdal,Helse Midt-Norge,Helse Sunnmøre,"Pasientreisekontoret ved Helse Sunnmøre, Ålesund"
6391,Møre og Romsdal,Helse Midt-Norge,Helse Sunnmøre,"Pasientreisekontoret ved Helse Sunnmøre, Ålesund"
6392,Møre og Romsdal,Helse Midt-Norge,Helse Sunnmøre,"Pasientreisekontoret ved Helse Sunnmøre, Ålesund"
6393,Møre og Romsdal,Helse Midt-Norge,Helse Sunnmøre,"Pasientreisekontoret ved Helse Sunnmøre, Ålesund"
6394,Møre og Romsdal,Helse Midt-Norge,Helse Sunnmøre,"Pasientreisekontoret ved Helse Sunnmøre, Ålesund"
6395,Møre og Romsdal,Helse Midt-Norge,Helse Sunnmøre,"Pasientreisekontoret ved Helse Sunnmøre, Ålesund"
6396,Møre og Romsdal,Helse Midt-Norge,Helse Sunnmøre,"Pasientreisekontoret ved Helse Sunnmøre, Ålesund"
6397,Møre og Romsdal,Helse Midt-Norge,Helse Sunnmøre,"Pasientreisekontoret ved Helse Sunnmøre, Ålesund"
6398,Møre og Romsdal,Helse Midt-Norge,Helse Sunnmøre,"Pasientreisekontoret ved Helse Sunnmøre, Ålesund"
6399,Møre og Romsdal,Helse Midt-Norge,Helse Sunnmøre,"Pasientreisekontoret ved Helse Sunnmøre, Ålesund"
6401,Møre og Romsdal,Helse Midt-Norge,Helse Sunnmøre,"Pasientreisekontoret ved Helse Sunnmøre, Ålesund"
6402,Møre og Romsdal,Helse Midt-Norge,Helse Sunnmøre,"Pasientreisekontoret ved Helse Sunnmøre, Ålesund"
6403,Møre og Romsdal,Helse Midt-Norge,Helse Sunnmøre,"Pasientreisekontoret ved Helse Sunnmøre, Ålesund"
6404,Møre og Romsdal,Helse Midt-Norge,Helse Sunnmøre,"Pasientreisekontoret ved Helse Sunnmøre, Ålesund"
6405,Møre og Romsdal,Helse Midt-Norge,Helse Sunnmøre,"Pasientreisekontoret ved Helse Sunnmøre, Ålesund"
6407,Møre og Romsdal,Helse Midt-Norge,Helse Sunnmøre,"Pasientreisekontoret ved Helse Sunnmøre, Ålesund"
6408,Møre og Romsdal,Helse Midt-Norge,Helse Sunnmøre,"Pasientreisekontoret ved Helse Sunnmøre, Ålesund"
6409,Møre og Romsdal,Helse Midt-Norge,Helse Sunnmøre,"Pasientreisekontoret ved Helse Sunnmøre, Ålesund"
6410,Møre og Romsdal,Helse Midt-Norge,Helse Sunnmøre,"Pasientreisekontoret ved Helse Sunnmøre, Ålesund"
6411,Møre og Romsdal,Helse Midt-Norge,Helse Sunnmøre,"Pasientreisekontoret ved Helse Sunnmøre, Ålesund"
6412,Møre og Romsdal,Helse Midt-Norge,Helse Sunnmøre,"Pasientreisekontoret ved Helse Sunnmøre, Ålesund"
6413,Møre og Romsdal,Helse Midt-Norge,Helse Sunnmøre,"Pasientreisekontoret ved Helse Sunnmøre, Ålesund"
6414,Møre og Romsdal,Helse Midt-Norge,Helse Sunnmøre,"Pasientreisekontoret ved Helse Sunnmøre, Ålesund"
6415,Møre og Romsdal,Helse Midt-Norge,Helse Sunnmøre,"Pasientreisekontoret ved Helse Sunnmøre, Ålesund"
6416,Møre og Romsdal,Helse Midt-Norge,Helse Sunnmøre,"Pasientreisekontoret ved Helse Sunnmøre, Ålesund"
6418,Møre og Romsdal,Helse Midt-Norge,Helse Sunnmøre,"Pasientreisekontoret ved Helse Sunnmøre, Ålesund"
6419,Møre og Romsdal,Helse Midt-Norge,Helse Sunnmøre,"Pasientreisekontoret ved Helse Sunnmøre, Ålesund"
6421,Møre og Romsdal,Helse Midt-Norge,Helse Sunnmøre,"Pasientreisekontoret ved Helse Sunnmøre, Ålesund"
6422,Møre og Romsdal,Helse Midt-Norge,Helse Sunnmøre,"Pasientreisekontoret ved Helse Sunnmøre, Ålesund"
6423,Møre og Romsdal,Helse Midt-Norge,Helse Sunnmøre,"Pasientreisekontoret ved Helse Sunnmøre, Ålesund"
6425,Møre og Romsdal,Helse Midt-Norge,Helse Sunnmøre,"Pasientreisekontoret ved Helse Sunnmøre, Ålesund"
6429,Møre og Romsdal,Helse Midt-Norge,Helse Sunnmøre,"Pasientreisekontoret ved Helse Sunnmøre, Ålesund"
6430,Møre og Romsdal,Helse Midt-Norge,Helse Sunnmøre,"Pasientreisekontoret ved Helse Sunnmøre, Ålesund"
6431,Møre og Romsdal,Helse Midt-Norge,Helse Sunnmøre,"Pasientreisekontoret ved Helse Sunnmøre, Ålesund"
6433,Møre og Romsdal,Helse Midt-Norge,Helse Sunnmøre,"Pasientreisekontoret ved Helse Sunnmøre, Ålesund"
6434,Møre og Romsdal,Helse Midt-Norge,Helse Sunnmøre,"Pasientreisekontoret ved Helse Sunnmøre, Ålesund"
6435,Møre og Romsdal,Helse Midt-Norge,Helse Sunnmøre,"Pasientreisekontoret ved Helse Sunnmøre, Ålesund"
6436,Møre og Romsdal,Helse Midt-Norge,Helse Sunnmøre,"Pasientreisekontoret ved Helse Sunnmøre, Ålesund"
6440,Møre og Romsdal,Helse Midt-Norge,Helse Sunnmøre,"Pasientreisekontoret ved Helse Sunnmøre, Ålesund"
6443,Møre og Romsdal,Helse Midt-Norge,Helse Sunnmøre,"Pasientreisekontoret ved Helse Sunnmøre, Ålesund"
6444,Møre og Romsdal,Helse Midt-Norge,Helse Sunnmøre,"Pasientreisekontoret ved Helse Sunnmøre, Ålesund"
6445,Møre og Romsdal,Helse Midt-Norge,Helse Sunnmøre,"Pasientreisekontoret ved Helse Sunnmøre, Ålesund"
6447,Møre og Romsdal,Helse Midt-Norge,Helse Sunnmøre,"Pasientreisekontoret ved Helse Sunnmøre, Ålesund"
6450,Møre og Romsdal,Helse Midt-Norge,Helse Sunnmøre,"Pasientreisekontoret ved Helse Sunnmøre, Ålesund"
6453,Møre og Romsdal,Helse Midt-Norge,Helse Sunnmøre,"Pasientreisekontoret ved Helse Sunnmøre, Ålesund"
6454,Møre og Romsdal,Helse Midt-Norge,Helse Sunnmøre,"Pasientreisekontoret ved Helse Sunnmøre, Ålesund"
6455,Møre og Romsdal,Helse Midt-Norge,Helse Sunnmøre,"Pasientreisekontoret ved Helse Sunnmøre, Ålesund"
6456,Møre og Romsdal,Helse Midt-Norge,Helse Sunnmøre,"Pasientreisekontoret ved Helse Sunnmøre, Ålesund"
6457,Møre og Romsdal,Helse Midt-Norge,Helse Sunnmøre,"Pasientreisekontoret ved Helse Sunnmøre, Ålesund"
6460,Møre og Romsdal,Helse Midt-Norge,Helse Sunnmøre,"Pasientreisekontoret ved Helse Sunnmøre, Ålesund"
6461,Møre og Romsdal,Helse Midt-Norge,Helse Sunnmøre,"Pasientreisekontoret ved Helse Sunnmøre, Ålesund"
6462,Møre og Romsdal,Helse Midt-Norge,Helse Sunnmøre,"Pasientreisekontoret ved Helse Sunnmøre, Ålesund"
6470,Møre og Romsdal,Helse Midt-Norge,Helse Sunnmøre,"Pasientreisekontoret ved Helse Sunnmøre, Ålesund"
6472,Møre og Romsdal,Helse Midt-Norge,Helse Sunnmøre,"Pasientreisekontoret ved Helse Sunnmøre, Ålesund"
6475,Møre og Romsdal,Helse Midt-Norge,Helse Sunnmøre,"Pasientreisekontoret ved Helse Sunnmøre, Ålesund"
6476,Møre og Romsdal,Helse Midt-Norge,Helse Sunnmøre,"Pasientreisekontoret ved Helse Sunnmøre, Ålesund"
6480,Møre og Romsdal,Helse Midt-Norge,Helse Sunnmøre,"Pasientreisekontoret ved Helse Sunnmøre, Ålesund"
6481,Møre og Romsdal,Helse Midt-Norge,Helse Sunnmøre,"Pasientreisekontoret ved Helse Sunnmøre, Ålesund"
6483,Møre og Romsdal,Helse Midt-Norge,Helse Sunnmøre,"Pasientreisekontoret ved Helse Sunnmøre, Ålesund"
6484,Møre og Romsdal,Helse Midt-Norge,Helse Sunnmøre,"Pasientreisekontoret ved Helse Sunnmøre, Ålesund"
6486,Møre og Romsdal,Helse Midt-Norge,Helse Sunnmøre,"Pasientreisekontoret ved Helse Sunnmøre, Ålesund"
6487,Møre og Romsdal,Helse Midt-Norge,Helse Sunnmøre,"Pasientreisekontoret ved Helse Sunnmøre, Ålesund"
6488,Møre og Romsdal,Helse Midt-Norge,Helse Sunnmøre,"Pasientreisekontoret ved Helse Sunnmøre, Ålesund"
6490,Møre og Romsdal,Helse Midt-Norge,Helse Sunnmøre,"Pasientreisekontoret ved Helse Sunnmøre, Ålesund"
6493,Møre og Romsdal,Helse Midt-Norge,Helse Sunnmøre,"Pasientreisekontoret ved Helse Sunnmøre, Ålesund"
6494,Møre og Romsdal,Helse Midt-Norge,Helse Sunnmøre,"Pasientreisekontoret ved Helse Sunnmøre, Ålesund"
6499,Møre og Romsdal,Helse Midt-Norge,Helse Sunnmøre,"Pasientreisekontoret ved Helse Sunnmøre, Ålesund"
6501,Møre og Romsdal,Helse Midt-Norge,Helse Sunnmøre,"Pasientreisekontoret ved Helse Sunnmøre, Ålesund"
6502,Møre og Romsdal,Helse Midt-Norge,Helse Sunnmøre,"Pasientreisekontoret ved Helse Sunnmøre, Ålesund"
6503,Møre og Romsdal,Helse Midt-Norge,Helse Sunnmøre,"Pasientreisekontoret ved Helse Sunnmøre, Ålesund"
6504,Møre og Romsdal,Helse Midt-Norge,Helse Sunnmøre,"Pasientreisekontoret ved Helse Sunnmøre, Ålesund"
6506,Møre og Romsdal,Helse Midt-Norge,Helse Sunnmøre,"Pasientreisekontoret ved Helse Sunnmøre, Ålesund"
6507,Møre og Romsdal,Helse Midt-Norge,Helse Sunnmøre,"Pasientreisekontoret ved Helse Sunnmøre, Ålesund"
6508,Møre og Romsdal,Helse Midt-Norge,Helse Sunnmøre,"Pasientreisekontoret ved Helse Sunnmøre, Ålesund"
6509,Møre og Romsdal,Helse Midt-Norge,Helse Sunnmøre,"Pasientreisekontoret ved Helse Sunnmøre, Ålesund"
6510,Møre og Romsdal,Helse Midt-Norge,Helse Sunnmøre,"Pasientreisekontoret ved Helse Sunnmøre, Ålesund"
6511,Møre og Romsdal,Helse Midt-Norge,Helse Sunnmøre,"Pasientreisekontoret ved Helse Sunnmøre, Ålesund"
6512,Møre og Romsdal,Helse Midt-Norge,Helse Sunnmøre,"Pasientreisekontoret ved Helse Sunnmøre, Ålesund"
6514,Møre og Romsdal,Helse Midt-Norge,Helse Sunnmøre,"Pasientreisekontoret ved Helse Sunnmøre, Ålesund"
6515,Møre og Romsdal,Helse Midt-Norge,Helse Sunnmøre,"Pasientreisekontoret ved Helse Sunnmøre, Ålesund"
6516,Møre og Romsdal,Helse Midt-Norge,Helse Sunnmøre,"Pasientreisekontoret ved Helse Sunnmøre, Ålesund"
6517,Møre og Romsdal,Helse Midt-Norge,Helse Sunnmøre,"Pasientreisekontoret ved Helse Sunnmøre, Ålesund"
6518,Møre og Romsdal,Helse Midt-Norge,Helse Sunnmøre,"Pasientreisekontoret ved Helse Sunnmøre, Ålesund"
6520,Møre og Romsdal,Helse Midt-Norge,Helse Sunnmøre,"Pasientreisekontoret ved Helse Sunnmøre, Ålesund"
6521,Møre og Romsdal,Helse Midt-Norge,Helse Sunnmøre,"Pasientreisekontoret ved Helse Sunnmøre, Ålesund"
6522,Møre og Romsdal,Helse Midt-Norge,Helse Sunnmøre,"Pasientreisekontoret ved Helse Sunnmøre, Ålesund"
6523,Møre og Romsdal,Helse Midt-Norge,Helse Sunnmøre,"Pasientreisekontoret ved Helse Sunnmøre, Ålesund"
6524,Møre og Romsdal,Helse Midt-Norge,Helse Sunnmøre,"Pasientreisekontoret ved Helse Sunnmøre, Ålesund"
6525,Møre og Romsdal,Helse Midt-Norge,Helse Sunnmøre,"Pasientreisekontoret ved Helse Sunnmøre, Ålesund"
6529,Møre og Romsdal,Helse Midt-Norge,Helse Sunnmøre,"Pasientreisekontoret ved Helse Sunnmøre, Ålesund"
6530,Møre og Romsdal,Helse Midt-Norge,Helse Sunnmøre,"Pasientreisekontoret ved Helse Sunnmøre, Ålesund"
6538,Møre og Romsdal,Helse Midt-Norge,Helse Sunnmøre,"Pasientreisekontoret ved Helse Sunnmøre, Ålesund"
6539,Møre og Romsdal,Helse Midt-Norge,Helse Sunnmøre,"Pasientreisekontoret ved Helse Sunnmøre, Ålesund"
6570,Møre og Romsdal,Helse Midt-Norge,Helse Sunnmøre,"Pasientreisekontoret ved Helse Sunnmøre, Ålesund"
6571,Møre og Romsdal,Helse Midt-Norge,Helse Sunnmøre,"Pasientreisekontoret ved Helse Sunnmøre, Ålesund"
6590,Møre og Romsdal,Helse Midt-Norge,Helse Sunnmøre,"Pasientreisekontoret ved Helse Sunnmøre, Ålesund"
6600,Møre og Romsdal,Helse Midt-Norge,Helse Sunnmøre,"Pasientreisekontoret ved Helse Sunnmøre, Ålesund"
6601,Møre og Romsdal,Helse Midt-Norge,Helse Sunnmøre,"Pasientreisekontoret ved Helse Sunnmøre, Ålesund"
6610,Møre og Romsdal,Helse Midt-Norge,Helse Sunnmøre,"Pasientreisekontoret ved Helse Sunnmøre, Ålesund"
6611,Møre og Romsdal,Helse Midt-Norge,Helse Sunnmøre,"Pasientreisekontoret ved Helse Sunnmøre, Ålesund"
6612,Møre og Romsdal,Helse Midt-Norge,Helse Sunnmøre,"Pasientreisekontoret ved Helse Sunnmøre, Ålesund"
6613,Møre og Romsdal,Helse Midt-Norge,Helse Sunnmøre,"Pasientreisekontoret ved Helse Sunnmøre, Ålesund"
6620,Møre og Romsdal,Helse Midt-Norge,Helse Sunnmøre,"Pasientreisekontoret ved Helse Sunnmøre, Ålesund"
6622,Møre og Romsdal,Helse Midt-Norge,Helse Sunnmøre,"Pasientreisekontoret ved Helse Sunnmøre, Ålesund"
6628,Møre og Romsdal,Helse Midt-Norge,Helse Sunnmøre,"Pasientreisekontoret ved Helse Sunnmøre, Ålesund"
6629,Møre og Romsdal,Helse Midt-Norge,Helse Sunnmøre,"Pasientreisekontoret ved Helse Sunnmøre, Ålesund"
6630,Møre og Romsdal,Helse Midt-Norge,Helse Sunnmøre,"Pasientreisekontoret ved Helse Sunnmøre, Ålesund"
6631,Møre og Romsdal,Helse Midt-Norge,Helse Sunnmøre,"Pasientreisekontoret ved Helse Sunnmøre, Ålesund"
6633,Møre og Romsdal,Helse Midt-Norge,Helse Sunnmøre,"Pasientreisekontoret ved Helse Sunnmøre, Ålesund"
6636,Møre og Romsdal,Helse Midt-Norge,Helse Sunnmøre,"Pasientreisekontoret ved Helse Sunnmøre, Ålesund"
6637,Møre og Romsdal,Helse Midt-Norge,Helse Sunnmøre,"Pasientreisekontoret ved Helse Sunnmøre, Ålesund"
6638,Møre og Romsdal,Helse Midt-Norge,Helse Sunnmøre,"Pasientreisekontoret ved Helse Sunnmøre, Ålesund"
6639,Møre og Romsdal,Helse Midt-Norge,Helse Sunnmøre,"Pasientreisekontoret ved Helse Sunnmøre, Ålesund"
6640,Møre og Romsdal,Helse Midt-Norge,Helse Sunnmøre,"Pasientreisekontoret ved Helse Sunnmøre, Ålesund"
6642,Møre og Romsdal,Helse Midt-Norge,Helse Sunnmøre,"Pasientreisekontoret ved Helse Sunnmøre, Ålesund"
6643,Møre og Romsdal,Helse Midt-Norge,Helse Sunnmøre,"Pasientreisekontoret ved Helse Sunnmøre, Ålesund"
6644,Møre og Romsdal,Helse Midt-Norge,Helse Sunnmøre,"Pasientreisekontoret ved Helse Sunnmøre, Ålesund"
6645,Møre og Romsdal,Helse Midt-Norge,Helse Sunnmøre,"Pasientreisekontoret ved Helse Sunnmøre, Ålesund"
6650,Møre og Romsdal,Helse Midt-Norge,Helse Sunnmøre,"Pasientreisekontoret ved Helse Sunnmøre, Ålesund"
6652,Møre og Romsdal,Helse Midt-Norge,Helse Sunnmøre,"Pasientreisekontoret ved Helse Sunnmøre, Ålesund"
6653,Møre og Romsdal,Helse Midt-Norge,Helse Sunnmøre,"Pasientreisekontoret ved Helse Sunnmøre, Ålesund"
6655,Møre og Romsdal,Helse Midt-Norge,Helse Sunnmøre,"Pasientreisekontoret ved Helse Sunnmøre, Ålesund"
6656,Møre og Romsdal,Helse Midt-Norge,Helse Sunnmøre,"Pasientreisekontoret ved Helse Sunnmøre, Ålesund"
6657,Møre og Romsdal,Helse Midt-Norge,Helse Sunnmøre,"Pasientreisekontoret ved Helse Sunnmøre, Ålesund"
6658,Møre og Romsdal,Helse Midt-Norge,Helse Sunnmøre,"Pasientreisekontoret ved Helse Sunnmøre, Ålesund"
6659,Møre og Romsdal,Helse Midt-Norge,Helse Sunnmøre,"Pasientreisekontoret ved Helse Sunnmøre, Ålesund"
6670,Møre og Romsdal,Helse Midt-Norge,Helse Sunnmøre,"Pasientreisekontoret ved Helse Sunnmøre, Ålesund"
6674,Møre og Romsdal,Helse Midt-Norge,Helse Sunnmøre,"Pasientreisekontoret ved Helse Sunnmøre, Ålesund"
6680,Møre og Romsdal,Helse Midt-Norge,Helse Sunnmøre,"Pasientreisekontoret ved Helse Sunnmøre, Ålesund"
6683,Møre og Romsdal,Helse Midt-Norge,Helse Sunnmøre,"Pasientreisekontoret ved Helse Sunnmøre, Ålesund"
6686,Møre og Romsdal,Helse Midt-Norge,Helse Sunnmøre,"Pasientreisekontoret ved Helse Sunnmøre, Ålesund"
6687,Møre og Romsdal,Helse Midt-Norge,Helse Sunnmøre,"Pasientreisekontoret ved Helse Sunnmøre, Ålesund"
6688,Møre og Romsdal,Helse Midt-Norge,Helse Sunnmøre,"Pasientreisekontoret ved Helse Sunnmøre, Ålesund"
6689,Møre og Romsdal,Helse Midt-Norge,Helse Sunnmøre,"Pasientreisekontoret ved Helse Sunnmøre, Ålesund"
6690,Møre og Romsdal,Helse Midt-Norge,Helse Sunnmøre,"Pasientreisekontoret ved Helse Sunnmøre, Ålesund"
6693,Møre og Romsdal,Helse Midt-Norge,Helse Sunnmøre,"Pasientreisekontoret ved Helse Sunnmøre, Ålesund"
6694,Møre og Romsdal,Helse Midt-Norge,Helse Sunnmøre,"Pasientreisekontoret ved Helse Sunnmøre, Ålesund"
6697,Møre og Romsdal,Helse Midt-Norge,Helse Sunnmøre,"Pasientreisekontoret ved Helse Sunnmøre, Ålesund"
6698,Møre og Romsdal,Helse Midt-Norge,Helse Sunnmøre,"Pasientreisekontoret ved Helse Sunnmøre, Ålesund"
6699,Møre og Romsdal,Helse Midt-Norge,Helse Sunnmøre,"Pasientreisekontoret ved Helse Sunnmøre, Ålesund"
6700,Sogn og Fjordane,Helse Vest,Helse Førde,"Kjørekontoret ved Helse Førde, Førde"
6701,Sogn og Fjordane,Helse Vest,Helse Førde,"Kjørekontoret ved Helse Førde, Førde"
6702,Sogn og Fjordane,Helse Vest,Helse Førde,"Kjørekontoret ved Helse Førde, Førde"
6703,Sogn og Fjordane,Helse Vest,Helse Førde,"Kjørekontoret ved Helse Førde, Førde"
6704,Sogn og Fjordane,Helse Vest,Helse Førde,"Kjørekontoret ved Helse Førde, Førde"
6706,Sogn og Fjordane,Helse Vest,Helse Førde,"Kjørekontoret ved Helse Førde, Førde"
6707,Sogn og Fjordane,Helse Vest,Helse Førde,"Kjørekontoret ved Helse Førde, Førde"
6708,Sogn og Fjordane,Helse Vest,Helse Førde,"Kjørekontoret ved Helse Førde, Førde"
6710,Sogn og Fjordane,Helse Vest,Helse Førde,"Kjørekontoret ved Helse Førde, Førde"
6711,Sogn og Fjordane,Helse Vest,Helse Førde,"Kjørekontoret ved Helse Førde, Førde"
6713,Sogn og Fjordane,Helse Vest,Helse Førde,"Kjørekontoret ved Helse Førde, Førde"
6714,Sogn og Fjordane,Helse Vest,Helse Førde,"Kjørekontoret ved Helse Førde, Førde"
6715,Sogn og Fjordane,Helse Vest,Helse Førde,"Kjørekontoret ved Helse Førde, Førde"
6716,Sogn og Fjordane,Helse Vest,Helse Førde,"Kjørekontoret ved Helse Førde, Førde"
6717,Sogn og Fjordane,Helse Vest,Helse Førde,"Kjørekontoret ved Helse Førde, Førde"
6718,Sogn og Fjordane,Helse Vest,Helse Førde,"Kjørekontoret ved Helse Førde, Førde"
6719,Sogn og Fjordane,Helse Vest,Helse Førde,"Kjørekontoret ved Helse Førde, Førde"
6721,Sogn og Fjordane,Helse Vest,Helse Førde,"Kjørekontoret ved Helse Førde, Førde"
6723,Sogn og Fjordane,Helse Vest,Helse Førde,"Kjørekontoret ved Helse Førde, Førde"
6726,Sogn og Fjordane,Helse Vest,Helse Førde,"Kjørekontoret ved Helse Førde, Førde"
6727,Sogn og Fjordane,Helse Vest,Helse Førde,"Kjørekontoret ved Helse Førde, Førde"
6728,Sogn og Fjordane,Helse Vest,Helse Førde,"Kjørekontoret ved Helse Førde, Førde"
6729,Sogn og Fjordane,Helse Vest,Helse Førde,"Kjørekontoret ved Helse Førde, Førde"
6730,Sogn og Fjordane,Helse Vest,Helse Førde,"Kjørekontoret ved Helse Førde, Førde"
6731,Sogn og Fjordane,Helse Vest,Helse Førde,"Kjørekontoret ved Helse Førde, Førde"
6734,Sogn og Fjordane,Helse Vest,Helse Førde,"Kjørekontoret ved Helse Førde, Førde"
6737,Sogn og Fjordane,Helse Vest,Helse Førde,"Kjørekontoret ved Helse Førde, Førde"
6740,Sogn og Fjordane,Helse Vest,Helse Førde,"Kjørekontoret ved Helse Førde, Førde"
6741,Sogn og Fjordane,Helse Vest,Helse Førde,"Kjørekontoret ved Helse Førde, Førde"
6750,Sogn og Fjordane,Helse Vest,Helse Førde,"Kjørekontoret ved Helse Førde, Førde"
6751,Sogn og Fjordane,Helse Vest,Helse Førde,"Kjørekontoret ved Helse Førde, Førde"
6761,Sogn og Fjordane,Helse Vest,Helse Førde,"Kjørekontoret ved Helse Førde, Førde"
6763,Sogn og Fjordane,Helse Vest,Helse Førde,"Kjørekontoret ved Helse Førde, Førde"
6770,Sogn og Fjordane,Helse Vest,Helse Førde,"Kjørekontoret ved Helse Førde, Førde"
6771,Sogn og Fjordane,Helse Vest,Helse Førde,"Kjørekontoret ved Helse Førde, Førde"
6772,Sogn og Fjordane,Helse Vest,Helse Førde,"Kjørekontoret ved Helse Førde, Førde"
6776,Sogn og Fjordane,Helse Vest,Helse Førde,"Kjørekontoret ved Helse Førde, Førde"
6777,Sogn og Fjordane,Helse Vest,Helse Førde,"Kjørekontoret ved Helse Førde, Førde"
6778,Sogn og Fjordane,Helse Vest,Helse Førde,"Kjørekontoret ved Helse Førde, Førde"
6779,Sogn og Fjordane,Helse Vest,Helse Førde,"Kjørekontoret ved Helse Førde, Førde"
6781,Sogn og Fjordane,Helse Vest,Helse Førde,"Kjørekontoret ved Helse Førde, Førde"
6782,Sogn og Fjordane,Helse Vest,Helse Førde,"Kjørekontoret ved Helse Førde, Førde"
6783,Sogn og Fjordane,Helse Vest,Helse Førde,"Kjørekontoret ved Helse Førde, Førde"
6784,Sogn og Fjordane,Helse Vest,Helse Førde,"Kjørekontoret ved Helse Førde, Førde"
6788,Sogn og Fjordane,Helse Vest,Helse Førde,"Kjørekontoret ved Helse Førde, Førde"
6789,Sogn og Fjordane,Helse Vest,Helse Førde,"Kjørekontoret ved Helse Førde, Førde"
6791,Sogn og Fjordane,Helse Vest,Helse Førde,"Kjørekontoret ved Helse Førde, Førde"
6792,Sogn og Fjordane,Helse Vest,Helse Førde,"Kjørekontoret ved Helse Førde, Førde"
6793,Sogn og Fjordane,Helse Vest,Helse Førde,"Kjørekontoret ved Helse Førde, Førde"
6795,Sogn og Fjordane,Helse Vest,Helse Førde,"Kjørekontoret ved Helse Førde, Førde"
6796,Sogn og Fjordane,Helse Vest,Helse Førde,"Kjørekontoret ved Helse Førde, Førde"
6797,Sogn og Fjordane,Helse Vest,Helse Førde,"Kjørekontoret ved Helse Førde, Førde"
6798,Sogn og Fjordane,Helse Vest,Helse Førde,"Kjørekontoret ved Helse Førde, Førde"
6799,Sogn og Fjordane,Helse Vest,Helse Førde,"Kjørekontoret ved Helse Førde, Førde"
6800,Sogn og Fjordane,Helse Vest,Helse Førde,"Kjørekontoret ved Helse Førde, Førde"
6801,Sogn og Fjordane,Helse Vest,Helse Førde,"Kjørekontoret ved Helse Førde, Førde"
6802,Sogn og Fjordane,Helse Vest,Helse Førde,"Kjørekontoret ved Helse Førde, Førde"
6803,Sogn og Fjordane,Helse Vest,Helse Førde,"Kjørekontoret ved Helse Førde, Førde"
6804,Sogn og Fjordane,Helse Vest,Helse Førde,"Kjørekontoret ved Helse Førde, Førde"
6805,Sogn og Fjordane,Helse Vest,Helse Førde,"Kjørekontoret ved Helse Førde, Førde"
6806,Sogn og Fjordane,Helse Vest,Helse Førde,"Kjørekontoret ved Helse Førde, Førde"
6807,Sogn og Fjordane,Helse Vest,Helse Førde,"Kjørekontoret ved Helse Førde, Førde"
6808,Sogn og Fjordane,Helse Vest,Helse Førde,"Kjørekontoret ved Helse Førde, Førde"
6809,Sogn og Fjordane,Helse Vest,Helse Førde,"Kjørekontoret ved Helse Førde, Førde"
6810,Sogn og Fjordane,Helse Vest,Helse Førde,"Kjørekontoret ved Helse Førde, Førde"
6811,Sogn og Fjordane,Helse Vest,Helse Førde,"Kjørekontoret ved Helse Førde, Førde"
6812,Sogn og Fjordane,Helse Vest,Helse Førde,"Kjørekontoret ved Helse Førde, Førde"
6813,Sogn og Fjordane,Helse Vest,Helse Førde,"Kjørekontoret ved Helse Førde, Førde"
6814,Sogn og Fjordane,Helse Vest,Helse Førde,"Kjørekontoret ved Helse Førde, Førde"
6815,Sogn og Fjordane,Helse Vest,Helse Førde,"Kjørekontoret ved Helse Førde, Førde"
6816,Sogn og Fjordane,Helse Vest,Helse Førde,"Kjørekontoret ved Helse Førde, Førde"
6817,Sogn og Fjordane,Helse Vest,Helse Førde,"Kjørekontoret ved Helse Førde, Førde"
6818,Sogn og Fjordane,Helse Vest,Helse Førde,"Kjørekontoret ved Helse Førde, Førde"
6819,Sogn og Fjordane,Helse Vest,Helse Førde,"Kjørekontoret ved Helse Førde, Førde"
6821,Sogn og Fjordane,Helse Vest,Helse Førde,"Kjørekontoret ved Helse Førde, Førde"
6822,Sogn og Fjordane,Helse Vest,Helse Førde,"Kjørekontoret ved Helse Førde, Førde"
6823,Sogn og Fjordane,Helse Vest,Helse Førde,"Kjørekontoret ved Helse Førde, Førde"
6826,Sogn og Fjordane,Helse Vest,Helse Førde,"Kjørekontoret ved Helse Førde, Førde"
6827,Sogn og Fjordane,Helse Vest,Helse Førde,"Kjørekontoret ved Helse Førde, Førde"
6828,Sogn og Fjordane,Helse Vest,Helse Førde,"Kjørekontoret ved Helse Førde, Førde"
6829,Sogn og Fjordane,Helse Vest,Helse Førde,"Kjørekontoret ved Helse Førde, Førde"
6841,Sogn og Fjordane,Helse Vest,Helse Førde,"Kjørekontoret ved Helse Førde, Førde"
6843,Sogn og Fjordane,Helse Vest,Helse Førde,"Kjørekontoret ved Helse Førde, Førde"
6847,Sogn og Fjordane,Helse Vest,Helse Førde,"Kjørekontoret ved Helse Førde, Førde"
6848,Sogn og Fjordane,Helse Vest,Helse Førde,"Kjørekontoret ved Helse Førde, Førde"
6851,Sogn og Fjordane,Helse Vest,Helse Førde,"Kjørekontoret ved Helse Førde, Førde"
6852,Sogn og Fjordane,Helse Vest,Helse Førde,"Kjørekontoret ved Helse Førde, Førde"
6853,Sogn og Fjordane,Helse Vest,Helse Førde,"Kjørekontoret ved Helse Førde, Førde"
6854,Sogn og Fjordane,Helse Vest,Helse Førde,"Kjørekontoret ved Helse Førde, Førde"
6855,Sogn og Fjordane,Helse Vest,Helse Førde,"Kjørekontoret ved Helse Førde, Førde"
6856,Sogn og Fjordane,Helse Vest,Helse Førde,"Kjørekontoret ved Helse Førde, Førde"
6858,Sogn og Fjordane,Helse Vest,Helse Førde,"Kjørekontoret ved Helse Førde, Førde"
6859,Sogn og Fjordane,Helse Vest,Helse Førde,"Kjørekontoret ved Helse Førde, Førde"
6861,Sogn og Fjordane,Helse Vest,Helse Førde,"Kjørekontoret ved Helse Førde, Førde"
6863,Sogn og Fjordane,Helse Vest,Helse Førde,"Kjørekontoret ved Helse Førde, Førde"
6866,Sogn og Fjordane,Helse Vest,Helse Førde,"Kjørekontoret ved Helse Førde, Førde"
6868,Sogn og Fjordane,Helse Vest,Helse Førde,"Kjørekontoret ved Helse Førde, Førde"
6869,Sogn og Fjordane,Helse Vest,Helse Førde,"Kjørekontoret ved Helse Førde, Førde"
6870,Sogn og Fjordane,Helse Vest,Helse Førde,"Kjørekontoret ved Helse Førde, Førde"
6871,Sogn og Fjordane,Helse Vest,Helse Førde,"Kjørekontoret ved Helse Førde, Førde"
6872,Sogn og Fjordane,Helse Vest,Helse Førde,"Kjørekontoret ved Helse Førde, Førde"
6873,Sogn og Fjordane,Helse Vest,Helse Førde,"Kjørekontoret ved Helse Førde, Førde"
6875,Sogn og Fjordane,Helse Vest,Helse Førde,"Kjørekontoret ved Helse Førde, Førde"
6876,Sogn og Fjordane,Helse Vest,Helse Førde,"Kjørekontoret ved Helse Førde, Førde"
6877,Sogn og Fjordane,Helse Vest,Helse Førde,"Kjørekontoret ved Helse Førde, Førde"
6878,Sogn og Fjordane,Helse Vest,Helse Førde,"Kjørekontoret ved Helse Førde, Førde"
6879,Sogn og Fjordane,Helse Vest,Helse Førde,"Kjørekontoret ved Helse Førde, Førde"
6881,Sogn og Fjordane,Helse Vest,Helse Førde,"Kjørekontoret ved Helse Førde, Førde"
6882,Sogn og Fjordane,Helse Vest,Helse Førde,"Kjørekontoret ved Helse Førde, Førde"
6884,Sogn og Fjordane,Helse Vest,Helse Førde,"Kjørekontoret ved Helse Førde, Førde"
6885,Sogn og Fjordane,Helse Vest,Helse Førde,"Kjørekontoret ved Helse Førde, Førde"
6886,Sogn og Fjordane,Helse Vest,Helse Førde,"Kjørekontoret ved Helse Førde, Førde"
6887,Sogn og Fjordane,Helse Vest,Helse Førde,"Kjørekontoret ved Helse Førde, Førde"
6888,Sogn og Fjordane,Helse Vest,Helse Førde,"Kjørekontoret ved Helse Førde, Førde"
6891,Sogn og Fjordane,Helse Vest,Helse Førde,"Kjørekontoret ved Helse Førde, Førde"
6893,Sogn og Fjordane,Helse Vest,Helse Førde,"Kjørekontoret ved Helse Førde, Førde"
6894,Sogn og Fjordane,Helse Vest,Helse Førde,"Kjørekontoret ved Helse Førde, Førde"
6895,Sogn og Fjordane,Helse Vest,Helse Førde,"Kjørekontoret ved Helse Førde, Førde"
6896,Sogn og Fjordane,Helse Vest,Helse Førde,"Kjørekontoret ved Helse Førde, Førde"
6898,Sogn og Fjordane,Helse Vest,Helse Førde,"Kjørekontoret ved Helse Førde, Førde"
6899,Sogn og Fjordane,Helse Vest,Helse Førde,"Kjørekontoret ved Helse Førde, Førde"
6900,Sogn og Fjordane,Helse Vest,Helse Førde,"Kjørekontoret ved Helse Førde, Førde"
6901,Sogn og Fjordane,Helse Vest,Helse Førde,"Kjørekontoret ved Helse Førde, Førde"
6902,Sogn og Fjordane,Helse Vest,Helse Førde,"Kjørekontoret ved Helse Førde, Førde"
6903,Sogn og Fjordane,Helse Vest,Helse Førde,"Kjørekontoret ved Helse Førde, Førde"
6909,Sogn og Fjordane,Helse Vest,Helse Førde,"Kjørekontoret ved Helse Førde, Førde"
6912,Sogn og Fjordane,Helse Vest,Helse Førde,"Kjørekontoret ved Helse Førde, Førde"
6914,Sogn og Fjordane,Helse Vest,Helse Førde,"Kjørekontoret ved Helse Førde, Førde"
6915,Sogn og Fjordane,Helse Vest,Helse Førde,"Kjørekontoret ved Helse Førde, Førde"
6916,Sogn og Fjordane,Helse Vest,Helse Førde,"Kjørekontoret ved Helse Førde, Førde"
6917,Sogn og Fjordane,Helse Vest,Helse Førde,"Kjørekontoret ved Helse Førde, Førde"
6918,Sogn og Fjordane,Helse Vest,Helse Førde,"Kjørekontoret ved Helse Førde, Førde"
6919,Sogn og Fjordane,Helse Vest,Helse Førde,"Kjørekontoret ved Helse Førde, Førde"
6921,Sogn og Fjordane,Helse Vest,Helse Førde,"Kjørekontoret ved Helse Førde, Førde"
6924,Sogn og Fjordane,Helse Vest,Helse Førde,"Kjørekontoret ved Helse Førde, Førde"
6926,Sogn og Fjordane,Helse Vest,Helse Førde,"Kjørekontoret ved Helse Førde, Førde"
6927,Sogn og Fjordane,Helse Vest,Helse Førde,"Kjørekontoret ved Helse Førde, Førde"
6928,Sogn og Fjordane,Helse Vest,Helse Førde,"Kjørekontoret ved Helse Førde, Førde"
6929,Sogn og Fjordane,Helse Vest,Helse Førde,"Kjørekontoret ved Helse Førde, Førde"
6939,Sogn og Fjordane,Helse Vest,Helse Førde,"Kjørekontoret ved Helse Førde, Førde"
6940,Sogn og Fjordane,Helse Vest,Helse Førde,"Kjørekontoret ved Helse Førde, Førde"
6941,Sogn og Fjordane,Helse Vest,Helse Førde,"Kjørekontoret ved Helse Førde, Førde"
6942,Sogn og Fjordane,Helse Vest,Helse Førde,"Kjørekontoret ved Helse Førde, Førde"
6944,Sogn og Fjordane,Helse Vest,Helse Førde,"Kjørekontoret ved Helse Førde, Førde"
6946,Sogn og Fjordane,Helse Vest,Helse Førde,"Kjørekontoret ved Helse Førde, Førde"
6947,Sogn og Fjordane,Helse Vest,Helse Førde,"Kjørekontoret ved Helse Førde, Førde"
6951,Sogn og Fjordane,Helse Vest,Helse Førde,"Kjørekontoret ved Helse Førde, Førde"
6953,Sogn og Fjordane,Helse Vest,Helse Førde,"Kjørekontoret ved Helse Førde, Førde"
6957,Sogn og Fjordane,Helse Vest,Helse Førde,"Kjørekontoret ved Helse Førde, Førde"
6958,Sogn og Fjordane,Helse Vest,Helse Førde,"Kjørekontoret ved Helse Førde, Førde"
6961,Sogn og Fjordane,Helse Vest,Helse Førde,"Kjørekontoret ved Helse Førde, Førde"
6963,Sogn og Fjordane,Helse Vest,Helse Førde,"Kjørekontoret ved Helse Førde, Førde"
6964,Sogn og Fjordane,Helse Vest,Helse Førde,"Kjørekontoret ved Helse Førde, Førde"
6966,Sogn og Fjordane,Helse Vest,Helse Førde,"Kjørekontoret ved Helse Førde, Førde"
6967,Sogn og Fjordane,Helse Vest,Helse Førde,"Kjørekontoret ved Helse Førde, Førde"
6968,Sogn og Fjordane,Helse Vest,Helse Førde,"Kjørekontoret ved Helse Førde, Førde"
6969,Sogn og Fjordane,Helse Vest,Helse Førde,"Kjørekontoret ved Helse Førde, Førde"
6971,Sogn og Fjordane,Helse Vest,Helse Førde,"Kjørekontoret ved Helse Førde, Førde"
6973,Sogn og Fjordane,Helse Vest,Helse Førde,"Kjørekontoret ved Helse Førde, Førde"
6975,Sogn og Fjordane,Helse Vest,Helse Førde,"Kjørekontoret ved Helse Førde, Førde"
6977,Sogn og Fjordane,Helse Vest,Helse Førde,"Kjørekontoret ved Helse Førde, Førde"
6978,Sogn og Fjordane,Helse Vest,Helse Førde,"Kjørekontoret ved Helse Førde, Førde"
6980,Sogn og Fjordane,Helse Vest,Helse Førde,"Kjørekontoret ved Helse Førde, Førde"
6981,Sogn og Fjordane,Helse Vest,Helse Førde,"Kjørekontoret ved Helse Førde, Førde"
6982,Sogn og Fjordane,Helse Vest,Helse Førde,"Kjørekontoret ved Helse Førde, Førde"
6983,Sogn og Fjordane,Helse Vest,Helse Førde,"Kjørekontoret ved Helse Førde, Førde"
6984,Sogn og Fjordane,Helse Vest,Helse Førde,"Kjørekontoret ved Helse Førde, Førde"
6985,Sogn og Fjordane,Helse Vest,Helse Førde,"Kjørekontoret ved Helse Førde, Førde"
6986,Sogn og Fjordane,Helse Vest,Helse Førde,"Kjørekontoret ved Helse Førde, Førde"
6987,Sogn og Fjordane,Helse Vest,Helse Førde,"Kjørekontoret ved Helse Førde, Førde"
6988,Sogn og Fjordane,Helse Vest,Helse Førde,"Kjørekontoret ved Helse Førde, Førde"
6991,Sogn og Fjordane,Helse Vest,Helse Førde,"Kjørekontoret ved Helse Førde, Førde"
6993,Sogn og Fjordane,Helse Vest,Helse Førde,"Kjørekontoret ved Helse Førde, Førde"
6995,Sogn og Fjordane,Helse Vest,Helse Førde,"Kjørekontoret ved Helse Førde, Førde"
6996,Sogn og Fjordane,Helse Vest,Helse Førde,"Kjørekontoret ved Helse Førde, Førde"
7003,Sør-Trøndelag,Helse Midt-Norge,"St Olav, Trondheim","Kjørekontoret i SørTrøndelag, StOlav, Orkdal"
7004,Sør-Trøndelag,Helse Midt-Norge,"St Olav, Trondheim","Kjørekontoret i SørTrøndelag, StOlav, Orkdal"
7005,Sør-Trøndelag,Helse Midt-Norge,"St Olav, Trondheim","Kjørekontoret i SørTrøndelag, StOlav, Orkdal"
7006,Sør-Trøndelag,Helse Midt-Norge,"St Olav, Trondheim","Kjørekontoret i SørTrøndelag, StOlav, Orkdal"
7007,Sør-Trøndelag,Helse Midt-Norge,"St Olav, Trondheim","Kjørekontoret i SørTrøndelag, StOlav, Orkdal"
7010,Sør-Trøndelag,Helse Midt-Norge,"St Olav, Trondheim","Kjørekontoret i SørTrøndelag, StOlav, Orkdal"
7011,Sør-Trøndelag,Helse Midt-Norge,"St Olav, Trondheim","Kjørekontoret i SørTrøndelag, StOlav, Orkdal"
7012,Sør-Trøndelag,Helse Midt-Norge,"St Olav, Trondheim","Kjørekontoret i SørTrøndelag, StOlav, Orkdal"
7013,Sør-Trøndelag,Helse Midt-Norge,"St Olav, Trondheim","Kjørekontoret i SørTrøndelag, StOlav, Orkdal"
7014,Sør-Trøndelag,Helse Midt-Norge,"St Olav, Trondheim","Kjørekontoret i SørTrøndelag, StOlav, Orkdal"
7015,Sør-Trøndelag,Helse Midt-Norge,"St Olav, Trondheim","Kjørekontoret i SørTrøndelag, StOlav, Orkdal"
7016,Sør-Trøndelag,Helse Midt-Norge,"St Olav, Trondheim","Kjørekontoret i SørTrøndelag, StOlav, Orkdal"
7018,Sør-Trøndelag,Helse Midt-Norge,"St Olav, Trondheim","Kjørekontoret i SørTrøndelag, StOlav, Orkdal"
7019,Sør-Trøndelag,Helse Midt-Norge,"St Olav, Trondheim","Kjørekontoret i SørTrøndelag, StOlav, Orkdal"
7020,Sør-Trøndelag,Helse Midt-Norge,"St Olav, Trondheim","Kjørekontoret i SørTrøndelag, StOlav, Orkdal"
7021,Sør-Trøndelag,Helse Midt-Norge,"St Olav, Trondheim","Kjørekontoret i SørTrøndelag, StOlav, Orkdal"
7022,Sør-Trøndelag,Helse Midt-Norge,"St Olav, Trondheim","Kjørekontoret i SørTrøndelag, StOlav, Orkdal"
7023,Sør-Trøndelag,Helse Midt-Norge,"St Olav, Trondheim","Kjørekontoret i SørTrøndelag, StOlav, Orkdal"
7024,Sør-Trøndelag,Helse Midt-Norge,"St Olav, Trondheim","Kjørekontoret i SørTrøndelag, StOlav, Orkdal"
7025,Sør-Trøndelag,Helse Midt-Norge,"St Olav, Trondheim","Kjørekontoret i SørTrøndelag, StOlav, Orkdal"
7026,Sør-Trøndelag,Helse Midt-Norge,"St Olav, Trondheim","Kjørekontoret i SørTrøndelag, StOlav, Orkdal"
7027,Sør-Trøndelag,Helse Midt-Norge,"St Olav, Trondheim","Kjørekontoret i SørTrøndelag, StOlav, Orkdal"
7028,Sør-Trøndelag,Helse Midt-Norge,"St Olav, Trondheim","Kjørekontoret i SørTrøndelag, StOlav, Orkdal"
7029,Sør-Trøndelag,Helse Midt-Norge,"St Olav, Trondheim","Kjørekontoret i SørTrøndelag, StOlav, Orkdal"
7030,Sør-Trøndelag,Helse Midt-Norge,"St Olav, Trondheim","Kjørekontoret i SørTrøndelag, StOlav, Orkdal"
7031,Sør-Trøndelag,Helse Midt-Norge,"St Olav, Trondheim","Kjørekontoret i SørTrøndelag, StOlav, Orkdal"
7032,Sør-Trøndelag,Helse Midt-Norge,"St Olav, Trondheim","Kjørekontoret i SørTrøndelag, StOlav, Orkdal"
7033,Sør-Trøndelag,Helse Midt-Norge,"St Olav, Trondheim","Kjørekontoret i SørTrøndelag, StOlav, Orkdal"
7034,Sør-Trøndelag,Helse Midt-Norge,"St Olav, Trondheim","Kjørekontoret i SørTrøndelag, StOlav, Orkdal"
7036,Sør-Trøndelag,Helse Midt-Norge,"St Olav, Trondheim","Kjørekontoret i SørTrøndelag, StOlav, Orkdal"
7037,Sør-Trøndelag,Helse Midt-Norge,"St Olav, Trondheim","Kjørekontoret i SørTrøndelag, StOlav, Orkdal"
7038,Sør-Trøndelag,Helse Midt-Norge,"St Olav, Trondheim","Kjørekontoret i SørTrøndelag, StOlav, Orkdal"
7039,Sør-Trøndelag,Helse Midt-Norge,"St Olav, Trondheim","Kjørekontoret i SørTrøndelag, StOlav, Orkdal"
7040,Sør-Trøndelag,Helse Midt-Norge,"St Olav, Trondheim","Kjørekontoret i SørTrøndelag, StOlav, Orkdal"
7041,Sør-Trøndelag,Helse Midt-Norge,"St Olav, Trondheim","Kjørekontoret i SørTrøndelag, StOlav, Orkdal"
7042,Sør-Trøndelag,Helse Midt-Norge,"St Olav, Trondheim","Kjørekontoret i SørTrøndelag, StOlav, Orkdal"
7043,Sør-Trøndelag,Helse Midt-Norge,"St Olav, Trondheim","Kjørekontoret i SørTrøndelag, StOlav, Orkdal"
7044,Sør-Trøndelag,Helse Midt-Norge,"St Olav, Trondheim","Kjørekontoret i SørTrøndelag, StOlav, Orkdal"
7045,Sør-Trøndelag,Helse Midt-Norge,"St Olav, Trondheim","Kjørekontoret i SørTrøndelag, StOlav, Orkdal"
7046,Sør-Trøndelag,Helse Midt-Norge,"St Olav, Trondheim","Kjørekontoret i SørTrøndelag, StOlav, Orkdal"
7047,Sør-Trøndelag,Helse Midt-Norge,"St Olav, Trondheim","Kjørekontoret i SørTrøndelag, StOlav, Orkdal"
7048,Sør-Trøndelag,Helse Midt-Norge,"St Olav, Trondheim","Kjørekontoret i SørTrøndelag, StOlav, Orkdal"
7049,Sør-Trøndelag,Helse Midt-Norge,"St Olav, Trondheim","Kjørekontoret i SørTrøndelag, StOlav, Orkdal"
7050,Sør-Trøndelag,Helse Midt-Norge,"St Olav, Trondheim","Kjørekontoret i SørTrøndelag, StOlav, Orkdal"
7051,Sør-Trøndelag,Helse Midt-Norge,"St Olav, Trondheim","Kjørekontoret i SørTrøndelag, StOlav, Orkdal"
7052,Sør-Trøndelag,Helse Midt-Norge,"St Olav, Trondheim","Kjørekontoret i SørTrøndelag, StOlav, Orkdal"
7053,Sør-Trøndelag,Helse Midt-Norge,"St Olav, Trondheim","Kjørekontoret i SørTrøndelag, StOlav, Orkdal"
7054,Sør-Trøndelag,Helse Midt-Norge,"St Olav, Trondheim","Kjørekontoret i SørTrøndelag, StOlav, Orkdal"
7056,Sør-Trøndelag,Helse Midt-Norge,"St Olav, Trondheim","Kjørekontoret i SørTrøndelag, StOlav, Orkdal"
7057,Sør-Trøndelag,Helse Midt-Norge,"St Olav, Trondheim","Kjørekontoret i SørTrøndelag, StOlav, Orkdal"
7058,Sør-Trøndelag,Helse Midt-Norge,"St Olav, Trondheim","Kjørekontoret i SørTrøndelag, StOlav, Orkdal"
7059,Sør-Trøndelag,Helse Midt-Norge,"St Olav, Trondheim","Kjørekontoret i SørTrøndelag, StOlav, Orkdal"
7070,Sør-Trøndelag,Helse Midt-Norge,"St Olav, Trondheim","Kjørekontoret i SørTrøndelag, StOlav, Orkdal"
7072,Sør-Trøndelag,Helse Midt-Norge,"St Olav, Trondheim","Kjørekontoret i SørTrøndelag, StOlav, Orkdal"
7074,Sør-Trøndelag,Helse Midt-Norge,"St Olav, Trondheim","Kjørekontoret i SørTrøndelag, StOlav, Orkdal"
7075,Sør-Trøndelag,Helse Midt-Norge,"St Olav, Trondheim","Kjørekontoret i SørTrøndelag, StOlav, Orkdal"
7078,Sør-Trøndelag,Helse Midt-Norge,"St Olav, Trondheim","Kjørekontoret i SørTrøndelag, StOlav, Orkdal"
7079,Sør-Trøndelag,Helse Midt-Norge,"St Olav, Trondheim","Kjørekontoret i SørTrøndelag, StOlav, Orkdal"
7080,Sør-Trøndelag,Helse Midt-Norge,"St Olav, Trondheim","Kjørekontoret i SørTrøndelag, StOlav, Orkdal"
7081,Sør-Trøndelag,Helse Midt-Norge,"St Olav, Trondheim","Kjørekontoret i SørTrøndelag, StOlav, Orkdal"
7082,Sør-Trøndelag,Helse Midt-Norge,"St Olav, Trondheim","Kjørekontoret i SørTrøndelag, StOlav, Orkdal"
7083,Sør-Trøndelag,Helse Midt-Norge,"St Olav, Trondheim","Kjørekontoret i SørTrøndelag, StOlav, Orkdal"
7088,Sør-Trøndelag,Helse Midt-Norge,"St Olav, Trondheim","Kjørekontoret i SørTrøndelag, StOlav, Orkdal"
7089,Sør-Trøndelag,Helse Midt-Norge,"St Olav, Trondheim","Kjørekontoret i SørTrøndelag, StOlav, Orkdal"
7091,Sør-Trøndelag,Helse Midt-Norge,"St Olav, Trondheim","Kjørekontoret i SørTrøndelag, StOlav, Orkdal"
7092,Sør-Trøndelag,Helse Midt-Norge,"St Olav, Trondheim","Kjørekontoret i SørTrøndelag, StOlav, Orkdal"
7097,Sør-Trøndelag,Helse Midt-Norge,"St Olav, Trondheim","Kjørekontoret i SørTrøndelag, StOlav, Orkdal"
7098,Sør-Trøndelag,Helse Midt-Norge,"St Olav, Trondheim","Kjørekontoret i SørTrøndelag, StOlav, Orkdal"
7099,Sør-Trøndelag,Helse Midt-Norge,"St Olav, Trondheim","Kjørekontoret i SørTrøndelag, StOlav, Orkdal"
7100,Sør-Trøndelag,Helse Midt-Norge,"St Olav, Trondheim","Kjørekontoret i SørTrøndelag, StOlav, Orkdal"
7101,Sør-Trøndelag,Helse Midt-Norge,"St Olav, Trondheim","Kjørekontoret i SørTrøndelag, StOlav, Orkdal"
7105,Sør-Trøndelag,Helse Midt-Norge,"St Olav, Trondheim","Kjørekontoret i SørTrøndelag, StOlav, Orkdal"
7110,Sør-Trøndelag,Helse Midt-Norge,"St Olav, Trondheim","Kjørekontoret i SørTrøndelag, StOlav, Orkdal"
7112,Sør-Trøndelag,Helse Midt-Norge,"St Olav, Trondheim","Kjørekontoret i SørTrøndelag, StOlav, Orkdal"
7113,Sør-Trøndelag,Helse Midt-Norge,"St Olav, Trondheim","Kjørekontoret i SørTrøndelag, StOlav, Orkdal"
7114,Sør-Trøndelag,Helse Midt-Norge,"St Olav, Trondheim","Kjørekontoret i SørTrøndelag, StOlav, Orkdal"
7119,Sør-Trøndelag,Helse Midt-Norge,"St Olav, Trondheim","Kjørekontoret i SørTrøndelag, StOlav, Orkdal"
7120,Nord-Trøndelag,Helse Midt-Norge,Helse Nord Trøndelag,"Kjørekontoret i NordTrøndelag, Levanger"
7121,Nord-Trøndelag,Helse Midt-Norge,Helse Nord Trøndelag,"Kjørekontoret i NordTrøndelag, Levanger"
7125,Nord-Trøndelag,Helse Midt-Norge,Helse Nord Trøndelag,"Kjørekontoret i NordTrøndelag, Levanger"
7126,Nord-Trøndelag,Helse Midt-Norge,Helse Nord Trøndelag,"Kjørekontoret i NordTrøndelag, Levanger"
7127,Sør-Trøndelag,Helse Midt-Norge,"St Olav, Trondheim","Kjørekontoret i SørTrøndelag, StOlav, Orkdal"
7128,Sør-Trøndelag,Helse Midt-Norge,"St Olav, Trondheim","Kjørekontoret i SørTrøndelag, StOlav, Orkdal"
7129,Sør-Trøndelag,Helse Midt-Norge,"St Olav, Trondheim","Kjørekontoret i SørTrøndelag, StOlav, Orkdal"
7130,Sør-Trøndelag,Helse Midt-Norge,"St Olav, Trondheim","Kjørekontoret i SørTrøndelag, StOlav, Orkdal"
7140,Sør-Trøndelag,Helse Midt-Norge,"St Olav, Trondheim","Kjørekontoret i SørTrøndelag, StOlav, Orkdal"
7142,Sør-Trøndelag,Helse Midt-Norge,"St Olav, Trondheim","Kjørekontoret i SørTrøndelag, StOlav, Orkdal"
7150,Sør-Trøndelag,Helse Midt-Norge,"St Olav, Trondheim","Kjørekontoret i SørTrøndelag, StOlav, Orkdal"
7152,Sør-Trøndelag,Helse Midt-Norge,"St Olav, Trondheim","Kjørekontoret i SørTrøndelag, StOlav, Orkdal"
7153,Sør-Trøndelag,Helse Midt-Norge,"St Olav, Trondheim","Kjørekontoret i SørTrøndelag, StOlav, Orkdal"
7156,Sør-Trøndelag,Helse Midt-Norge,"St Olav, Trondheim","Kjørekontoret i SørTrøndelag, StOlav, Orkdal"
7159,Sør-Trøndelag,Helse Midt-Norge,"St Olav, Trondheim","Kjørekontoret i SørTrøndelag, StOlav, Orkdal"
7160,Sør-Trøndelag,Helse Midt-Norge,"St Olav, Trondheim","Kjørekontoret i SørTrøndelag, StOlav, Orkdal"
7165,Sør-Trøndelag,Helse Midt-Norge,"St Olav, Trondheim","Kjørekontoret i SørTrøndelag, StOlav, Orkdal"
7166,Sør-Trøndelag,Helse Midt-Norge,"St Olav, Trondheim","Kjørekontoret i SørTrøndelag, StOlav, Orkdal"
7167,Sør-Trøndelag,Helse Midt-Norge,"St Olav, Trondheim","Kjørekontoret i SørTrøndelag, StOlav, Orkdal"
7168,Sør-Trøndelag,Helse Midt-Norge,"St Olav, Trondheim","Kjørekontoret i SørTrøndelag, StOlav, Orkdal"
7169,Sør-Trøndelag,Helse Midt-Norge,"St Olav, Trondheim","Kjørekontoret i SørTrøndelag, StOlav, Orkdal"
7170,Sør-Trøndelag,Helse Midt-Norge,"St Olav, Trondheim","Kjørekontoret i SørTrøndelag, StOlav, Orkdal"
7176,Sør-Trøndelag,Helse Midt-Norge,"St Olav, Trondheim","Kjørekontoret i SørTrøndelag, StOlav, Orkdal"
7177,Sør-Trøndelag,Helse Midt-Norge,"St Olav, Trondheim","Kjørekontoret i SørTrøndelag, StOlav, Orkdal"
7178,Sør-Trøndelag,Helse Midt-Norge,"St Olav, Trondheim","Kjørekontoret i SørTrøndelag, StOlav, Orkdal"
7180,Sør-Trøndelag,Helse Midt-Norge,"St Olav, Trondheim","Kjørekontoret i SørTrøndelag, StOlav, Orkdal"
7190,Sør-Trøndelag,Helse Midt-Norge,"St Olav, Trondheim","Kjørekontoret i SørTrøndelag, StOlav, Orkdal"
7194,Sør-Trøndelag,Helse Midt-Norge,"St Olav, Trondheim","Kjørekontoret i SørTrøndelag, StOlav, Orkdal"
7200,Sør-Trøndelag,Helse Midt-Norge,"St Olav, Trondheim","Kjørekontoret i SørTrøndelag, StOlav, Orkdal"
7201,Sør-Trøndelag,Helse Midt-Norge,"St Olav, Trondheim","Kjørekontoret i SørTrøndelag, StOlav, Orkdal"
7203,Sør-Trøndelag,Helse Midt-Norge,"St Olav, Trondheim","Kjørekontoret i SørTrøndelag, StOlav, Orkdal"
7206,Sør-Trøndelag,Helse Midt-Norge,"St Olav, Trondheim","Kjørekontoret i SørTrøndelag, StOlav, Orkdal"
7211,Sør-Trøndelag,Helse Midt-Norge,"St Olav, Trondheim","Kjørekontoret i SørTrøndelag, StOlav, Orkdal"
7212,Sør-Trøndelag,Helse Midt-Norge,"St Olav, Trondheim","Kjørekontoret i SørTrøndelag, StOlav, Orkdal"
7213,Sør-Trøndelag,Helse Midt-Norge,"St Olav, Trondheim","Kjørekontoret i SørTrøndelag, StOlav, Orkdal"
7221,Sør-Trøndelag,Helse Midt-Norge,"St Olav, Trondheim","Kjørekontoret i SørTrøndelag, StOlav, Orkdal"
7223,Sør-Trøndelag,Helse Midt-Norge,"St Olav, Trondheim","Kjørekontoret i SørTrøndelag, StOlav, Orkdal"
7224,Sør-Trøndelag,Helse Midt-Norge,"St Olav, Trondheim","Kjørekontoret i SørTrøndelag, StOlav, Orkdal"
7227,Sør-Trøndelag,Helse Midt-Norge,"St Olav, Trondheim","Kjørekontoret i SørTrøndelag, StOlav, Orkdal"
7228,Sør-Trøndelag,Helse Midt-Norge,"St Olav, Trondheim","Kjørekontoret i SørTrøndelag, StOlav, Orkdal"
7231,Sør-Trøndelag,Helse Midt-Norge,"St Olav, Trondheim","Kjørekontoret i SørTrøndelag, StOlav, Orkdal"
7232,Sør-Trøndelag,Helse Midt-Norge,"St Olav, Trondheim","Kjørekontoret i SørTrøndelag, StOlav, Orkdal"
7234,Sør-Trøndelag,Helse Midt-Norge,"St Olav, Trondheim","Kjørekontoret i SørTrøndelag, StOlav, Orkdal"
7235,Sør-Trøndelag,Helse Midt-Norge,"St Olav, Trondheim","Kjørekontoret i SørTrøndelag, StOlav, Orkdal"
7236,Sør-Trøndelag,Helse Midt-Norge,"St Olav, Trondheim","Kjørekontoret i SørTrøndelag, StOlav, Orkdal"
7238,Sør-Trøndelag,Helse Midt-Norge,"St Olav, Trondheim","Kjørekontoret i SørTrøndelag, StOlav, Orkdal"
7239,Sør-Trøndelag,Helse Midt-Norge,"St Olav, Trondheim","Kjørekontoret i SørTrøndelag, StOlav, Orkdal"
7240,Sør-Trøndelag,Helse Midt-Norge,"St Olav, Trondheim","Kjørekontoret i SørTrøndelag, StOlav, Orkdal"
7241,Sør-Trøndelag,Helse Midt-Norge,"St Olav, Trondheim","Kjørekontoret i SørTrøndelag, StOlav, Orkdal"
7242,Sør-Trøndelag,Helse Midt-Norge,"St Olav, Trondheim","Kjørekontoret i SørTrøndelag, StOlav, Orkdal"
7243,Sør-Trøndelag,Helse Midt-Norge,"St Olav, Trondheim","Kjørekontoret i SørTrøndelag, StOlav, Orkdal"
7246,Sør-Trøndelag,Helse Midt-Norge,"St Olav, Trondheim","Kjørekontoret i SørTrøndelag, StOlav, Orkdal"
7247,Sør-Trøndelag,Helse Midt-Norge,"St Olav, Trondheim","Kjørekontoret i SørTrøndelag, StOlav, Orkdal"
7250,Sør-Trøndelag,Helse Midt-Norge,"St Olav, Trondheim","Kjørekontoret i SørTrøndelag, StOlav, Orkdal"
7252,Sør-Trøndelag,Helse Midt-Norge,"St Olav, Trondheim","Kjørekontoret i SørTrøndelag, StOlav, Orkdal"
7255,Sør-Trøndelag,Helse Midt-Norge,"St Olav, Trondheim","Kjørekontoret i SørTrøndelag, StOlav, Orkdal"
7256,Sør-Trøndelag,Helse Midt-Norge,"St Olav, Trondheim","Kjørekontoret i SørTrøndelag, StOlav, Orkdal"
7257,Sør-Trøndelag,Helse Midt-Norge,"St Olav, Trondheim","Kjørekontoret i SørTrøndelag, StOlav, Orkdal"
7259,Sør-Trøndelag,Helse Midt-Norge,"St Olav, Trondheim","Kjørekontoret i SørTrøndelag, StOlav, Orkdal"
7260,Sør-Trøndelag,Helse Midt-Norge,"St Olav, Trondheim","Kjørekontoret i SørTrøndelag, StOlav, Orkdal"
7261,Sør-Trøndelag,Helse Midt-Norge,"St Olav, Trondheim","Kjørekontoret i SørTrøndelag, StOlav, Orkdal"
7263,Sør-Trøndelag,Helse Midt-Norge,"St Olav, Trondheim","Kjørekontoret i SørTrøndelag, StOlav, Orkdal"
7264,Sør-Trøndelag,Helse Midt-Norge,"St Olav, Trondheim","Kjørekontoret i SørTrøndelag, StOlav, Orkdal"
7266,Sør-Trøndelag,Helse Midt-Norge,"St Olav, Trondheim","Kjørekontoret i SørTrøndelag, StOlav, Orkdal"
7268,Sør-Trøndelag,Helse Midt-Norge,"St Olav, Trondheim","Kjørekontoret i SørTrøndelag, StOlav, Orkdal"
7270,Sør-Trøndelag,Helse Midt-Norge,"St Olav, Trondheim","Kjørekontoret i SørTrøndelag, StOlav, Orkdal"
7273,Sør-Trøndelag,Helse Midt-Norge,"St Olav, Trondheim","Kjørekontoret i SørTrøndelag, StOlav, Orkdal"
7280,Sør-Trøndelag,Helse Midt-Norge,"St Olav, Trondheim","Kjørekontoret i SørTrøndelag, StOlav, Orkdal"
7282,Sør-Trøndelag,Helse Midt-Norge,"St Olav, Trondheim","Kjørekontoret i SørTrøndelag, StOlav, Orkdal"
7284,Sør-Trøndelag,Helse Midt-Norge,"St Olav, Trondheim","Kjørekontoret i SørTrøndelag, StOlav, Orkdal"
7285,Sør-Trøndelag,Helse Midt-Norge,"St Olav, Trondheim","Kjørekontoret i SørTrøndelag, StOlav, Orkdal"
7286,Sør-Trøndelag,Helse Midt-Norge,"St Olav, Trondheim","Kjørekontoret i SørTrøndelag, StOlav, Orkdal"
7287,Sør-Trøndelag,Helse Midt-Norge,"St Olav, Trondheim","Kjørekontoret i SørTrøndelag, StOlav, Orkdal"
7288,Sør-Trøndelag,Helse Midt-Norge,"St Olav, Trondheim","Kjørekontoret i SørTrøndelag, StOlav, Orkdal"
7289,Sør-Trøndelag,Helse Midt-Norge,"St Olav, Trondheim","Kjørekontoret i SørTrøndelag, StOlav, Orkdal"
7290,Sør-Trøndelag,Helse Midt-Norge,"St Olav, Trondheim","Kjørekontoret i SørTrøndelag, StOlav, Orkdal"
7291,Sør-Trøndelag,Helse Midt-Norge,"St Olav, Trondheim","Kjørekontoret i SørTrøndelag, StOlav, Orkdal"
7295,Sør-Trøndelag,Helse Midt-Norge,"St Olav, Trondheim","Kjørekontoret i SørTrøndelag, StOlav, Orkdal"
7298,Sør-Trøndelag,Helse Midt-Norge,"St Olav, Trondheim","Kjørekontoret i SørTrøndelag, StOlav, Orkdal"
7300,Sør-Trøndelag,Helse Midt-Norge,"St Olav, Trondheim","Kjørekontoret i SørTrøndelag, StOlav, Orkdal"
7301,Sør-Trøndelag,Helse Midt-Norge,"St Olav, Trondheim","Kjørekontoret i SørTrøndelag, StOlav, Orkdal"
7302,Sør-Trøndelag,Helse Midt-Norge,"St Olav, Trondheim","Kjørekontoret i SørTrøndelag, StOlav, Orkdal"
7310,Sør-Trøndelag,Helse Midt-Norge,"St Olav, Trondheim","Kjørekontoret i SørTrøndelag, StOlav, Orkdal"
7315,Sør-Trøndelag,Helse Midt-Norge,"St Olav, Trondheim","Kjørekontoret i SørTrøndelag, StOlav, Orkdal"
7316,Sør-Trøndelag,Helse Midt-Norge,"St Olav, Trondheim","Kjørekontoret i SørTrøndelag, StOlav, Orkdal"
7318,Sør-Trøndelag,Helse Midt-Norge,"St Olav, Trondheim","Kjørekontoret i SørTrøndelag, StOlav, Orkdal"
7319,Sør-Trøndelag,Helse Midt-Norge,"St Olav, Trondheim","Kjørekontoret i SørTrøndelag, StOlav, Orkdal"
7320,Sør-Trøndelag,Helse Midt-Norge,"St Olav, Trondheim","Kjørekontoret i SørTrøndelag, StOlav, Orkdal"
7321,Sør-Trøndelag,Helse Midt-Norge,"St Olav, Trondheim","Kjørekontoret i SørTrøndelag, StOlav, Orkdal"
7327,Sør-Trøndelag,Helse Midt-Norge,"St Olav, Trondheim","Kjørekontoret i SørTrøndelag, StOlav, Orkdal"
7329,Sør-Trøndelag,Helse Midt-Norge,"St Olav, Trondheim","Kjørekontoret i SørTrøndelag, StOlav, Orkdal"
7331,Sør-Trøndelag,Helse Midt-Norge,"St Olav, Trondheim","Kjørekontoret i SørTrøndelag, StOlav, Orkdal"
7332,Sør-Trøndelag,Helse Midt-Norge,"St Olav, Trondheim","Kjørekontoret i SørTrøndelag, StOlav, Orkdal"
7333,Sør-Trøndelag,Helse Midt-Norge,"St Olav, Trondheim","Kjørekontoret i SørTrøndelag, StOlav, Orkdal"
7334,Sør-Trøndelag,Helse Midt-Norge,"St Olav, Trondheim","Kjørekontoret i SørTrøndelag, StOlav, Orkdal"
7335,Sør-Trøndelag,Helse Midt-Norge,"St Olav, Trondheim","Kjørekontoret i SørTrøndelag, StOlav, Orkdal"
7336,Sør-Trøndelag,Helse Midt-Norge,"St Olav, Trondheim","Kjørekontoret i SørTrøndelag, StOlav, Orkdal"
7338,Sør-Trøndelag,Helse Midt-Norge,"St Olav, Trondheim","Kjørekontoret i SørTrøndelag, StOlav, Orkdal"
7340,Sør-Trøndelag,Helse Midt-Norge,"St Olav, Trondheim","Kjørekontoret i SørTrøndelag, StOlav, Orkdal"
7341,Sør-Trøndelag,Helse Midt-Norge,"St Olav, Trondheim","Kjørekontoret i SørTrøndelag, StOlav, Orkdal"
7342,Sør-Trøndelag,Helse Midt-Norge,"St Olav, Trondheim","Kjørekontoret i SørTrøndelag, StOlav, Orkdal"
7343,Sør-Trøndelag,Helse Midt-Norge,"St Olav, Trondheim","Kjørekontoret i SørTrøndelag, StOlav, Orkdal"
7345,Sør-Trøndelag,Helse Midt-Norge,"St Olav, Trondheim","Kjørekontoret i SørTrøndelag, StOlav, Orkdal"
7350,Sør-Trøndelag,Helse Midt-Norge,"St Olav, Trondheim","Kjørekontoret i SørTrøndelag, StOlav, Orkdal"
7351,Sør-Trøndelag,Helse Midt-Norge,"St Olav, Trondheim","Kjørekontoret i SørTrøndelag, StOlav, Orkdal"
7353,Sør-Trøndelag,Helse Midt-Norge,"St Olav, Trondheim","Kjørekontoret i SørTrøndelag, StOlav, Orkdal"
7354,Sør-Trøndelag,Helse Midt-Norge,"St Olav, Trondheim","Kjørekontoret i SørTrøndelag, StOlav, Orkdal"
7355,Sør-Trøndelag,Helse Midt-Norge,"St Olav, Trondheim","Kjørekontoret i SørTrøndelag, StOlav, Orkdal"
7357,Sør-Trøndelag,Helse Midt-Norge,"St Olav, Trondheim","Kjørekontoret i SørTrøndelag, StOlav, Orkdal"
7358,Sør-Trøndelag,Helse Midt-Norge,"St Olav, Trondheim","Kjørekontoret i SørTrøndelag, StOlav, Orkdal"
7361,Sør-Trøndelag,Helse Midt-Norge,"St Olav, Trondheim","Kjørekontoret i SørTrøndelag, StOlav, Orkdal"
7366,Sør-Trøndelag,Helse Midt-Norge,"St Olav, Trondheim","Kjørekontoret i SørTrøndelag, StOlav, Orkdal"
7370,Sør-Trøndelag,Helse Midt-Norge,"St Olav, Trondheim","Kjørekontoret i SørTrøndelag, StOlav, Orkdal"
7372,Sør-Trøndelag,Helse Midt-Norge,"St Olav, Trondheim","Kjørekontoret i SørTrøndelag, StOlav, Orkdal"
7374,Sør-Trøndelag,Helse Midt-Norge,"St Olav, Trondheim","Kjørekontoret i SørTrøndelag, StOlav, Orkdal"
7380,Sør-Trøndelag,Helse Midt-Norge,"St Olav, Trondheim","Kjørekontoret i SørTrøndelag, StOlav, Orkdal"
7383,Sør-Trøndelag,Helse Midt-Norge,"St Olav, Trondheim","Kjørekontoret i SørTrøndelag, StOlav, Orkdal"
7384,Sør-Trøndelag,Helse Midt-Norge,"St Olav, Trondheim","Kjørekontoret i SørTrøndelag, StOlav, Orkdal"
7386,Sør-Trøndelag,Helse Midt-Norge,"St Olav, Trondheim","Kjørekontoret i SørTrøndelag, StOlav, Orkdal"
7387,Sør-Trøndelag,Helse Midt-Norge,"St Olav, Trondheim","Kjørekontoret i SørTrøndelag, StOlav, Orkdal"
7391,Sør-Trøndelag,Helse Midt-Norge,"St Olav, Trondheim","Kjørekontoret i SørTrøndelag, StOlav, Orkdal"
7392,Sør-Trøndelag,Helse Midt-Norge,"St Olav, Trondheim","Kjørekontoret i SørTrøndelag, StOlav, Orkdal"
7393,Sør-Trøndelag,Helse Midt-Norge,"St Olav, Trondheim","Kjørekontoret i SørTrøndelag, StOlav, Orkdal"
7397,Sør-Trøndelag,Helse Midt-Norge,"St Olav, Trondheim","Kjørekontoret i SørTrøndelag, StOlav, Orkdal"
7398,Sør-Trøndelag,Helse Midt-Norge,"St Olav, Trondheim","Kjørekontoret i SørTrøndelag, StOlav, Orkdal"
7399,Sør-Trøndelag,Helse Midt-Norge,"St Olav, Trondheim","Kjørekontoret i SørTrøndelag, StOlav, Orkdal"
7400,Sør-Trøndelag,Helse Midt-Norge,"St Olav, Trondheim","Kjørekontoret i SørTrøndelag, StOlav, Orkdal"
7401,Sør-Trøndelag,Helse Midt-Norge,"St Olav, Trondheim","Kjørekontoret i SørTrøndelag, StOlav, Orkdal"
7402,Sør-Trøndelag,Helse Midt-Norge,"St Olav, Trondheim","Kjørekontoret i SørTrøndelag, StOlav, Orkdal"
7403,Sør-Trøndelag,Helse Midt-Norge,"St Olav, Trondheim","Kjørekontoret i SørTrøndelag, StOlav, Orkdal"
7404,Sør-Trøndelag,Helse Midt-Norge,"St Olav, Trondheim","Kjørekontoret i SørTrøndelag, StOlav, Orkdal"
7405,Sør-Trøndelag,Helse Midt-Norge,"St Olav, Trondheim","Kjørekontoret i SørTrøndelag, StOlav, Orkdal"
7406,Sør-Trøndelag,Helse Midt-Norge,"St Olav, Trondheim","Kjørekontoret i SørTrøndelag, StOlav, Orkdal"
7407,Sør-Trøndelag,Helse Midt-Norge,"St Olav, Trondheim","Kjørekontoret i SørTrøndelag, StOlav, Orkdal"
7408,Sør-Trøndelag,Helse Midt-Norge,"St Olav, Trondheim","Kjørekontoret i SørTrøndelag, StOlav, Orkdal"
7409,Sør-Trøndelag,Helse Midt-Norge,"St Olav, Trondheim","Kjørekontoret i SørTrøndelag, StOlav, Orkdal"
7410,Sør-Trøndelag,Helse Midt-Norge,"St Olav, Trondheim","Kjørekontoret i SørTrøndelag, StOlav, Orkdal"
7411,Sør-Trøndelag,Helse Midt-Norge,"St Olav, Trondheim","Kjørekontoret i SørTrøndelag, StOlav, Orkdal"
7412,Sør-Trøndelag,Helse Midt-Norge,"St Olav, Trondheim","Kjørekontoret i SørTrøndelag, StOlav, Orkdal"
7413,Sør-Trøndelag,Helse Midt-Norge,"St Olav, Trondheim","Kjørekontoret i SørTrøndelag, StOlav, Orkdal"
7414,Sør-Trøndelag,Helse Midt-Norge,"St Olav, Trondheim","Kjørekontoret i SørTrøndelag, StOlav, Orkdal"
7415,Sør-Trøndelag,Helse Midt-Norge,"St Olav, Trondheim","Kjørekontoret i SørTrøndelag, StOlav, Orkdal"
7416,Sør-Trøndelag,Helse Midt-Norge,"St Olav, Trondheim","Kjørekontoret i SørTrøndelag, StOlav, Orkdal"
7417,Sør-Trøndelag,Helse Midt-Norge,"St Olav, Trondheim","Kjørekontoret i SørTrøndelag, StOlav, Orkdal"
7418,Sør-Trøndelag,Helse Midt-Norge,"St Olav, Trondheim","Kjørekontoret i SørTrøndelag, StOlav, Orkdal"
7419,Sør-Trøndelag,Helse Midt-Norge,"St Olav, Trondheim","Kjørekontoret i SørTrøndelag, StOlav, Orkdal"
7420,Sør-Trøndelag,Helse Midt-Norge,"St Olav, Trondheim","Kjørekontoret i SørTrøndelag, StOlav, Orkdal"
7421,Sør-Trøndelag,Helse Midt-Norge,"St Olav, Trondheim","Kjørekontoret i SørTrøndelag, StOlav, Orkdal"
7422,Sør-Trøndelag,Helse Midt-Norge,"St Olav, Trondheim","Kjørekontoret i SørTrøndelag, StOlav, Orkdal"
7424,Sør-Trøndelag,Helse Midt-Norge,"St Olav, Trondheim","Kjørekontoret i SørTrøndelag, StOlav, Orkdal"
7425,Sør-Trøndelag,Helse Midt-Norge,"St Olav, Trondheim","Kjørekontoret i SørTrøndelag, StOlav, Orkdal"
7426,Sør-Trøndelag,Helse Midt-Norge,"St Olav, Trondheim","Kjørekontoret i SørTrøndelag, StOlav, Orkdal"
7427,Sør-Trøndelag,Helse Midt-Norge,"St Olav, Trondheim","Kjørekontoret i SørTrøndelag, StOlav, Orkdal"
7428,Sør-Trøndelag,Helse Midt-Norge,"St Olav, Trondheim","Kjørekontoret i SørTrøndelag, StOlav, Orkdal"
7429,Sør-Trøndelag,Helse Midt-Norge,"St Olav, Trondheim","Kjørekontoret i SørTrøndelag, StOlav, Orkdal"
7430,Sør-Trøndelag,Helse Midt-Norge,"St Olav, Trondheim","Kjørekontoret i SørTrøndelag, StOlav, Orkdal"
7431,Sør-Trøndelag,Helse Midt-Norge,"St Olav, Trondheim","Kjørekontoret i SørTrøndelag, StOlav, Orkdal"
7432,Sør-Trøndelag,Helse Midt-Norge,"St Olav, Trondheim","Kjørekontoret i SørTrøndelag, StOlav, Orkdal"
7433,Sør-Trøndelag,Helse Midt-Norge,"St Olav, Trondheim","Kjørekontoret i SørTrøndelag, StOlav, Orkdal"
7434,Sør-Trøndelag,Helse Midt-Norge,"St Olav, Trondheim","Kjørekontoret i SørTrøndelag, StOlav, Orkdal"
7435,Sør-Trøndelag,Helse Midt-Norge,"St Olav, Trondheim","Kjørekontoret i SørTrøndelag, StOlav, Orkdal"
7436,Sør-Trøndelag,Helse Midt-Norge,"St Olav, Trondheim","Kjørekontoret i SørTrøndelag, StOlav, Orkdal"
7437,Sør-Trøndelag,Helse Midt-Norge,"St Olav, Trondheim","Kjørekontoret i SørTrøndelag, StOlav, Orkdal"
7438,Sør-Trøndelag,Helse Midt-Norge,"St Olav, Trondheim","Kjørekontoret i SørTrøndelag, StOlav, Orkdal"
7439,Sør-Trøndelag,Helse Midt-Norge,"St Olav, Trondheim","Kjørekontoret i SørTrøndelag, StOlav, Orkdal"
7440,Sør-Trøndelag,Helse Midt-Norge,"St Olav, Trondheim","Kjørekontoret i SørTrøndelag, StOlav, Orkdal"
7441,Sør-Trøndelag,Helse Midt-Norge,"St Olav, Trondheim","Kjørekontoret i SørTrøndelag, StOlav, Orkdal"
7442,Sør-Trøndelag,Helse Midt-Norge,"St Olav, Trondheim","Kjørekontoret i SørTrøndelag, StOlav, Orkdal"
7443,Sør-Trøndelag,Helse Midt-Norge,"St Olav, Trondheim","Kjørekontoret i SørTrøndelag, StOlav, Orkdal"
7444,Sør-Trøndelag,Helse Midt-Norge,"St Olav, Trondheim","Kjørekontoret i SørTrøndelag, StOlav, Orkdal"
7445,Sør-Trøndelag,Helse Midt-Norge,"St Olav, Trondheim","Kjørekontoret i SørTrøndelag, StOlav, Orkdal"
7446,Sør-Trøndelag,Helse Midt-Norge,"St Olav, Trondheim","Kjørekontoret i SørTrøndelag, StOlav, Orkdal"
7447,Sør-Trøndelag,Helse Midt-Norge,"St Olav, Trondheim","Kjørekontoret i SørTrøndelag, StOlav, Orkdal"
7448,Sør-Trøndelag,Helse Midt-Norge,"St Olav, Trondheim","Kjørekontoret i SørTrøndelag, StOlav, Orkdal"
7449,Sør-Trøndelag,Helse Midt-Norge,"St Olav, Trondheim","Kjørekontoret i SørTrøndelag, StOlav, Orkdal"
7450,Sør-Trøndelag,Helse Midt-Norge,"St Olav, Trondheim","Kjørekontoret i SørTrøndelag, StOlav, Orkdal"
7451,Sør-Trøndelag,Helse Midt-Norge,"St Olav, Trondheim","Kjørekontoret i SørTrøndelag, StOlav, Orkdal"
7452,Sør-Trøndelag,Helse Midt-Norge,"St Olav, Trondheim","Kjørekontoret i SørTrøndelag, StOlav, Orkdal"
7453,Sør-Trøndelag,Helse Midt-Norge,"St Olav, Trondheim","Kjørekontoret i SørTrøndelag, StOlav, Orkdal"
7454,Sør-Trøndelag,Helse Midt-Norge,"St Olav, Trondheim","Kjørekontoret i SørTrøndelag, StOlav, Orkdal"
7455,Sør-Trøndelag,Helse Midt-Norge,"St Olav, Trondheim","Kjørekontoret i SørTrøndelag, StOlav, Orkdal"
7456,Sør-Trøndelag,Helse Midt-Norge,"St Olav, Trondheim","Kjørekontoret i SørTrøndelag, StOlav, Orkdal"
7457,Sør-Trøndelag,Helse Midt-Norge,"St Olav, Trondheim","Kjørekontoret i SørTrøndelag, StOlav, Orkdal"
7458,Sør-Trøndelag,Helse Midt-Norge,"St Olav, Trondheim","Kjørekontoret i SørTrøndelag, StOlav, Orkdal"
7459,Sør-Trøndelag,Helse Midt-Norge,"St Olav, Trondheim","Kjørekontoret i SørTrøndelag, StOlav, Orkdal"
7462,Sør-Trøndelag,Helse Midt-Norge,"St Olav, Trondheim","Kjørekontoret i SørTrøndelag, StOlav, Orkdal"
7463,Sør-Trøndelag,Helse Midt-Norge,"St Olav, Trondheim","Kjørekontoret i SørTrøndelag, StOlav, Orkdal"
7463,Sør-Trøndelag,Helse Midt-Norge,"St Olav, Trondheim","Kjørekontoret i SørTrøndelag, StOlav, Orkdal"
7464,Sør-Trøndelag,Helse Midt-Norge,"St Olav, Trondheim","Kjørekontoret i SørTrøndelag, StOlav, Orkdal"
7465,Sør-Trøndelag,Helse Midt-Norge,"St Olav, Trondheim","Kjørekontoret i SørTrøndelag, StOlav, Orkdal"
7466,Sør-Trøndelag,Helse Midt-Norge,"St Olav, Trondheim","Kjørekontoret i SørTrøndelag, StOlav, Orkdal"
7467,Sør-Trøndelag,Helse Midt-Norge,"St Olav, Trondheim","Kjørekontoret i SørTrøndelag, StOlav, Orkdal"
7468,Sør-Trøndelag,Helse Midt-Norge,"St Olav, Trondheim","Kjørekontoret i SørTrøndelag, StOlav, Orkdal"
7469,Sør-Trøndelag,Helse Midt-Norge,"St Olav, Trondheim","Kjørekontoret i SørTrøndelag, StOlav, Orkdal"
7471,Sør-Trøndelag,Helse Midt-Norge,"St Olav, Trondheim","Kjørekontoret i SørTrøndelag, StOlav, Orkdal"
7472,Sør-Trøndelag,Helse Midt-Norge,"St Olav, Trondheim","Kjørekontoret i SørTrøndelag, StOlav, Orkdal"
7473,Sør-Trøndelag,Helse Midt-Norge,"St Olav, Trondheim","Kjørekontoret i SørTrøndelag, StOlav, Orkdal"
7474,Sør-Trøndelag,Helse Midt-Norge,"St Olav, Trondheim","Kjørekontoret i SørTrøndelag, StOlav, Orkdal"
7475,Sør-Trøndelag,Helse Midt-Norge,"St Olav, Trondheim","Kjørekontoret i SørTrøndelag, StOlav, Orkdal"
7476,Sør-Trøndelag,Helse Midt-Norge,"St Olav, Trondheim","Kjørekontoret i SørTrøndelag, StOlav, Orkdal"
7477,Sør-Trøndelag,Helse Midt-Norge,"St Olav, Trondheim","Kjørekontoret i SørTrøndelag, StOlav, Orkdal"
7478,Sør-Trøndelag,Helse Midt-Norge,"St Olav, Trondheim","Kjørekontoret i SørTrøndelag, StOlav, Orkdal"
7479,Sør-Trøndelag,Helse Midt-Norge,"St Olav, Trondheim","Kjørekontoret i SørTrøndelag, StOlav, Orkdal"
7480,Sør-Trøndelag,Helse Midt-Norge,"St Olav, Trondheim","Kjørekontoret i SørTrøndelag, StOlav, Orkdal"
7481,Sør-Trøndelag,Helse Midt-Norge,"St Olav, Trondheim","Kjørekontoret i SørTrøndelag, StOlav, Orkdal"
7482,Sør-Trøndelag,Helse Midt-Norge,"St Olav, Trondheim","Kjørekontoret i SørTrøndelag, StOlav, Orkdal"
7483,Sør-Trøndelag,Helse Midt-Norge,"St Olav, Trondheim","Kjørekontoret i SørTrøndelag, StOlav, Orkdal"
7484,Sør-Trøndelag,Helse Midt-Norge,"St Olav, Trondheim","Kjørekontoret i SørTrøndelag, StOlav, Orkdal"
7485,Sør-Trøndelag,Helse Midt-Norge,"St Olav, Trondheim","Kjørekontoret i SørTrøndelag, StOlav, Orkdal"
7486,Sør-Trøndelag,Helse Midt-Norge,"St Olav, Trondheim","Kjørekontoret i SørTrøndelag, StOlav, Orkdal"
7487,Sør-Trøndelag,Helse Midt-Norge,"St Olav, Trondheim","Kjørekontoret i SørTrøndelag, StOlav, Orkdal"
7488,Sør-Trøndelag,Helse Midt-Norge,"St Olav, Trondheim","Kjørekontoret i SørTrøndelag, StOlav, Orkdal"
7489,Sør-Trøndelag,Helse Midt-Norge,"St Olav, Trondheim","Kjørekontoret i SørTrøndelag, StOlav, Orkdal"
7490,Sør-Trøndelag,Helse Midt-Norge,"St Olav, Trondheim","Kjørekontoret i SørTrøndelag, StOlav, Orkdal"
7491,Sør-Trøndelag,Helse Midt-Norge,"St Olav, Trondheim","Kjørekontoret i SørTrøndelag, StOlav, Orkdal"
7492,Sør-Trøndelag,Helse Midt-Norge,"St Olav, Trondheim","Kjørekontoret i SørTrøndelag, StOlav, Orkdal"
7493,Sør-Trøndelag,Helse Midt-Norge,"St Olav, Trondheim","Kjørekontoret i SørTrøndelag, StOlav, Orkdal"
7494,Sør-Trøndelag,Helse Midt-Norge,"St Olav, Trondheim","Kjørekontoret i SørTrøndelag, StOlav, Orkdal"
7495,Sør-Trøndelag,Helse Midt-Norge,"St Olav, Trondheim","Kjørekontoret i SørTrøndelag, StOlav, Orkdal"
7496,Sør-Trøndelag,Helse Midt-Norge,"St Olav, Trondheim","Kjørekontoret i SørTrøndelag, StOlav, Orkdal"
7497,Sør-Trøndelag,Helse Midt-Norge,"St Olav, Trondheim","Kjørekontoret i SørTrøndelag, StOlav, Orkdal"
7498,Sør-Trøndelag,Helse Midt-Norge,"St Olav, Trondheim","Kjørekontoret i SørTrøndelag, StOlav, Orkdal"
7499,Sør-Trøndelag,Helse Midt-Norge,"St Olav, Trondheim","Kjørekontoret i SørTrøndelag, StOlav, Orkdal"
7500,Nord-Trøndelag,Helse Midt-Norge,Helse Nord Trøndelag,"Kjørekontoret i NordTrøndelag, Levanger"
7501,Nord-Trøndelag,Helse Midt-Norge,Helse Nord Trøndelag,"Kjørekontoret i NordTrøndelag, Levanger"
7502,Nord-Trøndelag,Helse Midt-Norge,Helse Nord Trøndelag,"Kjørekontoret i NordTrøndelag, Levanger"
7503,Nord-Trøndelag,Helse Midt-Norge,Helse Nord Trøndelag,"Kjørekontoret i NordTrøndelag, Levanger"
7504,Nord-Trøndelag,Helse Midt-Norge,Helse Nord Trøndelag,"Kjørekontoret i NordTrøndelag, Levanger"
7505,Nord-Trøndelag,Helse Midt-Norge,Helse Nord Trøndelag,"Kjørekontoret i NordTrøndelag, Levanger"
7506,Nord-Trøndelag,Helse Midt-Norge,Helse Nord Trøndelag,"Kjørekontoret i NordTrøndelag, Levanger"
7506,Nord-Trøndelag,Helse Midt-Norge,Helse Nord Trøndelag,"Kjørekontoret i NordTrøndelag, Levanger"
7507,Nord-Trøndelag,Helse Midt-Norge,Helse Nord Trøndelag,"Kjørekontoret i NordTrøndelag, Levanger"
7508,Nord-Trøndelag,Helse Midt-Norge,Helse Nord Trøndelag,"Kjørekontoret i NordTrøndelag, Levanger"
7509,Nord-Trøndelag,Helse Midt-Norge,Helse Nord Trøndelag,"Kjørekontoret i NordTrøndelag, Levanger"
7510,Nord-Trøndelag,Helse Midt-Norge,Helse Nord Trøndelag,"Kjørekontoret i NordTrøndelag, Levanger"
7512,Nord-Trøndelag,Helse Midt-Norge,Helse Nord Trøndelag,"Kjørekontoret i NordTrøndelag, Levanger"
7513,Nord-Trøndelag,Helse Midt-Norge,Helse Nord Trøndelag,"Kjørekontoret i NordTrøndelag, Levanger"
7514,Nord-Trøndelag,Helse Midt-Norge,Helse Nord Trøndelag,"Kjørekontoret i NordTrøndelag, Levanger"
7517,Nord-Trøndelag,Helse Midt-Norge,Helse Nord Trøndelag,"Kjørekontoret i NordTrøndelag, Levanger"
7519,Nord-Trøndelag,Helse Midt-Norge,Helse Nord Trøndelag,"Kjørekontoret i NordTrøndelag, Levanger"
7520,Nord-Trøndelag,Helse Midt-Norge,Helse Nord Trøndelag,"Kjørekontoret i NordTrøndelag, Levanger"
7525,Nord-Trøndelag,Helse Midt-Norge,Helse Nord Trøndelag,"Kjørekontoret i NordTrøndelag, Levanger"
7529,Nord-Trøndelag,Helse Midt-Norge,Helse Nord Trøndelag,"Kjørekontoret i NordTrøndelag, Levanger"
7530,Nord-Trøndelag,Helse Midt-Norge,Helse Nord Trøndelag,"Kjørekontoret i NordTrøndelag, Levanger"
7531,Nord-Trøndelag,Helse Midt-Norge,Helse Nord Trøndelag,"Kjørekontoret i NordTrøndelag, Levanger"
7533,Nord-Trøndelag,Helse Midt-Norge,Helse Nord Trøndelag,"Kjørekontoret i NordTrøndelag, Levanger"
7540,Sør-Trøndelag,Helse Midt-Norge,"St Olav, Trondheim","Kjørekontoret i SørTrøndelag, StOlav, Orkdal"
7541,Sør-Trøndelag,Helse Midt-Norge,"St Olav, Trondheim","Kjørekontoret i SørTrøndelag, StOlav, Orkdal"
7549,Sør-Trøndelag,Helse Midt-Norge,"St Olav, Trondheim","Kjørekontoret i SørTrøndelag, StOlav, Orkdal"
7550,Sør-Trøndelag,Helse Midt-Norge,"St Olav, Trondheim","Kjørekontoret i SørTrøndelag, StOlav, Orkdal"
7551,Sør-Trøndelag,Helse Midt-Norge,"St Olav, Trondheim","Kjørekontoret i SørTrøndelag, StOlav, Orkdal"
7560,Sør-Trøndelag,Helse Midt-Norge,"St Olav, Trondheim","Kjørekontoret i SørTrøndelag, StOlav, Orkdal"
7562,Sør-Trøndelag,Helse Midt-Norge,"St Olav, Trondheim","Kjørekontoret i SørTrøndelag, StOlav, Orkdal"
7563,Sør-Trøndelag,Helse Midt-Norge,"St Olav, Trondheim","Kjørekontoret i SørTrøndelag, StOlav, Orkdal"
7566,Sør-Trøndelag,Helse Midt-Norge,"St Olav, Trondheim","Kjørekontoret i SørTrøndelag, StOlav, Orkdal"
7570,Nord-Trøndelag,Helse Midt-Norge,Helse Nord Trøndelag,"Kjørekontoret i NordTrøndelag, Levanger"
7580,Sør-Trøndelag,Helse Midt-Norge,"St Olav, Trondheim","Kjørekontoret i SørTrøndelag, StOlav, Orkdal"
7581,Sør-Trøndelag,Helse Midt-Norge,"St Olav, Trondheim","Kjørekontoret i SørTrøndelag, StOlav, Orkdal"
7583,Sør-Trøndelag,Helse Midt-Norge,"St Olav, Trondheim","Kjørekontoret i SørTrøndelag, StOlav, Orkdal"
7584,Sør-Trøndelag,Helse Midt-Norge,"St Olav, Trondheim","Kjørekontoret i SørTrøndelag, StOlav, Orkdal"
7586,Sør-Trøndelag,Helse Midt-Norge,"St Olav, Trondheim","Kjørekontoret i SørTrøndelag, StOlav, Orkdal"
7590,Sør-Trøndelag,Helse Midt-Norge,"St Olav, Trondheim","Kjørekontoret i SørTrøndelag, StOlav, Orkdal"
7591,Sør-Trøndelag,Helse Midt-Norge,"St Olav, Trondheim","Kjørekontoret i SørTrøndelag, StOlav, Orkdal"
7596,Sør-Trøndelag,Helse Midt-Norge,"St Olav, Trondheim","Kjørekontoret i SørTrøndelag, StOlav, Orkdal"
7600,Nord-Trøndelag,Helse Midt-Norge,Helse Nord Trøndelag,"Kjørekontoret i NordTrøndelag, Levanger"
7601,Nord-Trøndelag,Helse Midt-Norge,Helse Nord Trøndelag,"Kjørekontoret i NordTrøndelag, Levanger"
7602,Nord-Trøndelag,Helse Midt-Norge,Helse Nord Trøndelag,"Kjørekontoret i NordTrøndelag, Levanger"
7603,Nord-Trøndelag,Helse Midt-Norge,Helse Nord Trøndelag,"Kjørekontoret i NordTrøndelag, Levanger"
7604,Nord-Trøndelag,Helse Midt-Norge,Helse Nord Trøndelag,"Kjørekontoret i NordTrøndelag, Levanger"
7605,Nord-Trøndelag,Helse Midt-Norge,Helse Nord Trøndelag,"Kjørekontoret i NordTrøndelag, Levanger"
7606,Nord-Trøndelag,Helse Midt-Norge,Helse Nord Trøndelag,"Kjørekontoret i NordTrøndelag, Levanger"
7607,Nord-Trøndelag,Helse Midt-Norge,Helse Nord Trøndelag,"Kjørekontoret i NordTrøndelag, Levanger"
7608,Nord-Trøndelag,Helse Midt-Norge,Helse Nord Trøndelag,"Kjørekontoret i NordTrøndelag, Levanger"
7609,Nord-Trøndelag,Helse Midt-Norge,Helse Nord Trøndelag,"Kjørekontoret i NordTrøndelag, Levanger"
7609,Nord-Trøndelag,Helse Midt-Norge,Helse Nord Trøndelag,"Kjørekontoret i NordTrøndelag, Levanger"
7610,Nord-Trøndelag,Helse Midt-Norge,Helse Nord Trøndelag,"Kjørekontoret i NordTrøndelag, Levanger"
7619,Nord-Trøndelag,Helse Midt-Norge,Helse Nord Trøndelag,"Kjørekontoret i NordTrøndelag, Levanger"
7620,Nord-Trøndelag,Helse Midt-Norge,Helse Nord Trøndelag,"Kjørekontoret i NordTrøndelag, Levanger"
7622,Nord-Trøndelag,Helse Midt-Norge,Helse Nord Trøndelag,"Kjørekontoret i NordTrøndelag, Levanger"
7623,Nord-Trøndelag,Helse Midt-Norge,Helse Nord Trøndelag,"Kjørekontoret i NordTrøndelag, Levanger"
7624,Nord-Trøndelag,Helse Midt-Norge,Helse Nord Trøndelag,"Kjørekontoret i NordTrøndelag, Levanger"
7629,Nord-Trøndelag,Helse Midt-Norge,Helse Nord Trøndelag,"Kjørekontoret i NordTrøndelag, Levanger"
7630,Nord-Trøndelag,Helse Midt-Norge,Helse Nord Trøndelag,"Kjørekontoret i NordTrøndelag, Levanger"
7631,Nord-Trøndelag,Helse Midt-Norge,Helse Nord Trøndelag,"Kjørekontoret i NordTrøndelag, Levanger"
7632,Nord-Trøndelag,Helse Midt-Norge,Helse Nord Trøndelag,"Kjørekontoret i NordTrøndelag, Levanger"
7633,Nord-Trøndelag,Helse Midt-Norge,Helse Nord Trøndelag,"Kjørekontoret i NordTrøndelag, Levanger"
7634,Nord-Trøndelag,Helse Midt-Norge,Helse Nord Trøndelag,"Kjørekontoret i NordTrøndelag, Levanger"
7650,Nord-Trøndelag,Helse Midt-Norge,Helse Nord Trøndelag,"Kjørekontoret i NordTrøndelag, Levanger"
7651,Nord-Trøndelag,Helse Midt-Norge,Helse Nord Trøndelag,"Kjørekontoret i NordTrøndelag, Levanger"
7652,Nord-Trøndelag,Helse Midt-Norge,Helse Nord Trøndelag,"Kjørekontoret i NordTrøndelag, Levanger"
7653,Nord-Trøndelag,Helse Midt-Norge,Helse Nord Trøndelag,"Kjørekontoret i NordTrøndelag, Levanger"
7654,Nord-Trøndelag,Helse Midt-Norge,Helse Nord Trøndelag,"Kjørekontoret i NordTrøndelag, Levanger"
7655,Nord-Trøndelag,Helse Midt-Norge,Helse Nord Trøndelag,"Kjørekontoret i NordTrøndelag, Levanger"
7656,Nord-Trøndelag,Helse Midt-Norge,Helse Nord Trøndelag,"Kjørekontoret i NordTrøndelag, Levanger"
7657,Nord-Trøndelag,Helse Midt-Norge,Helse Nord Trøndelag,"Kjørekontoret i NordTrøndelag, Levanger"
7658,Nord-Trøndelag,Helse Midt-Norge,Helse Nord Trøndelag,"Kjørekontoret i NordTrøndelag, Levanger"
7659,Nord-Trøndelag,Helse Midt-Norge,Helse Nord Trøndelag,"Kjørekontoret i NordTrøndelag, Levanger"
7660,Nord-Trøndelag,Helse Midt-Norge,Helse Nord Trøndelag,"Kjørekontoret i NordTrøndelag, Levanger"
7663,Nord-Trøndelag,Helse Midt-Norge,Helse Nord Trøndelag,"Kjørekontoret i NordTrøndelag, Levanger"
7670,Nord-Trøndelag,Helse Midt-Norge,Helse Nord Trøndelag,"Kjørekontoret i NordTrøndelag, Levanger"
7671,Nord-Trøndelag,Helse Midt-Norge,Helse Nord Trøndelag,"Kjørekontoret i NordTrøndelag, Levanger"
7690,Nord-Trøndelag,Helse Midt-Norge,Helse Nord Trøndelag,"Kjørekontoret i NordTrøndelag, Levanger"
7701,Nord-Trøndelag,Helse Midt-Norge,Helse Nord Trøndelag,"Kjørekontoret i SørTrøndelag, StOlav, Orkdal"
7702,Nord-Trøndelag,Helse Midt-Norge,Helse Nord Trøndelag,"Kjørekontoret i SørTrøndelag, StOlav, Orkdal"
7703,Nord-Trøndelag,Helse Midt-Norge,Helse Nord Trøndelag,"Kjørekontoret i SørTrøndelag, StOlav, Orkdal"
7704,Nord-Trøndelag,Helse Midt-Norge,Helse Nord Trøndelag,"Kjørekontoret i SørTrøndelag, StOlav, Orkdal"
7705,Nord-Trøndelag,Helse Midt-Norge,Helse Nord Trøndelag,"Kjørekontoret i SørTrøndelag, StOlav, Orkdal"
7707,Nord-Trøndelag,Helse Midt-Norge,Helse Nord Trøndelag,"Kjørekontoret i SørTrøndelag, StOlav, Orkdal"
7708,Nord-Trøndelag,Helse Midt-Norge,Helse Nord Trøndelag,"Kjørekontoret i SørTrøndelag, StOlav, Orkdal"
7709,Nord-Trøndelag,Helse Midt-Norge,Helse Nord Trøndelag,"Kjørekontoret i SørTrøndelag, StOlav, Orkdal"
7710,Nord-Trøndelag,Helse Midt-Norge,Helse Nord Trøndelag,"Kjørekontoret i SørTrøndelag, StOlav, Orkdal"
7711,Nord-Trøndelag,Helse Midt-Norge,Helse Nord Trøndelag,"Kjørekontoret i SørTrøndelag, StOlav, Orkdal"
7712,Nord-Trøndelag,Helse Midt-Norge,Helse Nord Trøndelag,"Kjørekontoret i SørTrøndelag, StOlav, Orkdal"
7713,Nord-Trøndelag,Helse Midt-Norge,Helse Nord Trøndelag,"Kjørekontoret i SørTrøndelag, StOlav, Orkdal"
7715,Nord-Trøndelag,Helse Midt-Norge,Helse Nord Trøndelag,"Kjørekontoret i SørTrøndelag, StOlav, Orkdal"
7716,Nord-Trøndelag,Helse Midt-Norge,Helse Nord Trøndelag,"Kjørekontoret i SørTrøndelag, StOlav, Orkdal"
7717,Nord-Trøndelag,Helse Midt-Norge,Helse Nord Trøndelag,"Kjørekontoret i SørTrøndelag, StOlav, Orkdal"
7718,Nord-Trøndelag,Helse Midt-Norge,Helse Nord Trøndelag,"Kjørekontoret i SørTrøndelag, StOlav, Orkdal"
7724,Nord-Trøndelag,Helse Midt-Norge,Helse Nord Trøndelag,"Kjørekontoret i SørTrøndelag, StOlav, Orkdal"
7725,Nord-Trøndelag,Helse Midt-Norge,Helse Nord Trøndelag,"Kjørekontoret i SørTrøndelag, StOlav, Orkdal"
7726,Nord-Trøndelag,Helse Midt-Norge,Helse Nord Trøndelag,"Kjørekontoret i SørTrøndelag, StOlav, Orkdal"
7728,Nord-Trøndelag,Helse Midt-Norge,Helse Nord Trøndelag,"Kjørekontoret i SørTrøndelag, StOlav, Orkdal"
7729,Nord-Trøndelag,Helse Midt-Norge,Helse Nord Trøndelag,"Kjørekontoret i SørTrøndelag, StOlav, Orkdal"
7730,Nord-Trøndelag,Helse Midt-Norge,Helse Nord Trøndelag,"Kjørekontoret i SørTrøndelag, StOlav, Orkdal"
7732,Nord-Trøndelag,Helse Midt-Norge,Helse Nord Trøndelag,"Kjørekontoret i SørTrøndelag, StOlav, Orkdal"
7734,Nord-Trøndelag,Helse Midt-Norge,Helse Nord Trøndelag,"Kjørekontoret i SørTrøndelag, StOlav, Orkdal"
7735,Nord-Trøndelag,Helse Midt-Norge,Helse Nord Trøndelag,"Kjørekontoret i SørTrøndelag, StOlav, Orkdal"
7736,Nord-Trøndelag,Helse Midt-Norge,Helse Nord Trøndelag,"Kjørekontoret i SørTrøndelag, StOlav, Orkdal"
7737,Nord-Trøndelag,Helse Midt-Norge,Helse Nord Trøndelag,"Kjørekontoret i SørTrøndelag, StOlav, Orkdal"
7738,Nord-Trøndelag,Helse Midt-Norge,Helse Nord Trøndelag,"Kjørekontoret i SørTrøndelag, StOlav, Orkdal"
7739,Nord-Trøndelag,Helse Midt-Norge,Helse Nord Trøndelag,"Kjørekontoret i SørTrøndelag, StOlav, Orkdal"
7740,Sør-Trøndelag,Helse Midt-Norge,"St Olav, Trondheim","Kjørekontoret i SørTrøndelag, StOlav, Orkdal"
7742,Sør-Trøndelag,Helse Midt-Norge,"St Olav, Trondheim","Kjørekontoret i SørTrøndelag, StOlav, Orkdal"
7744,Sør-Trøndelag,Helse Midt-Norge,"St Olav, Trondheim","Kjørekontoret i SørTrøndelag, StOlav, Orkdal"
7745,Nord-Trøndelag,Helse Midt-Norge,Helse Nord Trøndelag,"Kjørekontoret i SørTrøndelag, StOlav, Orkdal"
7746,Nord-Trøndelag,Helse Midt-Norge,Helse Nord Trøndelag,"Kjørekontoret i SørTrøndelag, StOlav, Orkdal"
7748,Sør-Trøndelag,Helse Midt-Norge,"St Olav, Trondheim","Kjørekontoret i SørTrøndelag, StOlav, Orkdal"
7750,Nord-Trøndelag,Helse Midt-Norge,Helse Nord Trøndelag,"Kjørekontoret i SørTrøndelag, StOlav, Orkdal"
7751,Nord-Trøndelag,Helse Midt-Norge,Helse Nord Trøndelag,"Kjørekontoret i SørTrøndelag, StOlav, Orkdal"
7760,Nord-Trøndelag,Helse Midt-Norge,Helse Nord Trøndelag,"Kjørekontoret i SørTrøndelag, StOlav, Orkdal"
7761,Nord-Trøndelag,Helse Midt-Norge,Helse Nord Trøndelag,"Kjørekontoret i SørTrøndelag, StOlav, Orkdal"
7770,Nord-Trøndelag,Helse Midt-Norge,Helse Nord Trøndelag,"Kjørekontoret i SørTrøndelag, StOlav, Orkdal"
7771,Nord-Trøndelag,Helse Midt-Norge,Helse Nord Trøndelag,"Kjørekontoret i SørTrøndelag, StOlav, Orkdal"
7777,Nord-Trøndelag,Helse Midt-Norge,Helse Nord Trøndelag,"Kjørekontoret i SørTrøndelag, StOlav, Orkdal"
7790,Nord-Trøndelag,Helse Midt-Norge,Helse Nord Trøndelag,"Kjørekontoret i SørTrøndelag, StOlav, Orkdal"
7791,Nord-Trøndelag,Helse Midt-Norge,Helse Nord Trøndelag,"Kjørekontoret i SørTrøndelag, StOlav, Orkdal"
7796,Nord-Trøndelag,Helse Midt-Norge,Helse Nord Trøndelag,"Kjørekontoret i SørTrøndelag, StOlav, Orkdal"
7797,Nord-Trøndelag,Helse Midt-Norge,Helse Nord Trøndelag,"Kjørekontoret i SørTrøndelag, StOlav, Orkdal"
7800,Nord-Trøndelag,Helse Midt-Norge,Helse Nord Trøndelag,"Kjørekontoret i NordTrøndelag, Levanger"
7801,Nord-Trøndelag,Helse Midt-Norge,Helse Nord Trøndelag,"Kjørekontoret i NordTrøndelag, Levanger"
7802,Nord-Trøndelag,Helse Midt-Norge,Helse Nord Trøndelag,"Kjørekontoret i NordTrøndelag, Levanger"
7803,Nord-Trøndelag,Helse Midt-Norge,Helse Nord Trøndelag,"Kjørekontoret i NordTrøndelag, Levanger"
7804,Nord-Trøndelag,Helse Midt-Norge,Helse Nord Trøndelag,"Kjørekontoret i NordTrøndelag, Levanger"
7805,Nord-Trøndelag,Helse Midt-Norge,Helse Nord Trøndelag,"Kjørekontoret i NordTrøndelag, Levanger"
7808,Nord-Trøndelag,Helse Midt-Norge,Helse Nord Trøndelag,"Kjørekontoret i NordTrøndelag, Levanger"
7809,Nord-Trøndelag,Helse Midt-Norge,Helse Nord Trøndelag,"Kjørekontoret i NordTrøndelag, Levanger"
7810,Nord-Trøndelag,Helse Midt-Norge,Helse Nord Trøndelag,"Kjørekontoret i NordTrøndelag, Levanger"
7817,Nord-Trøndelag,Helse Midt-Norge,Helse Nord Trøndelag,"Kjørekontoret i NordTrøndelag, Levanger"
7818,Nord-Trøndelag,Helse Midt-Norge,Helse Nord Trøndelag,"Kjørekontoret i NordTrøndelag, Levanger"
7819,Nord-Trøndelag,Helse Midt-Norge,Helse Nord Trøndelag,"Kjørekontoret i NordTrøndelag, Levanger"
7820,Nord-Trøndelag,Helse Midt-Norge,Helse Nord Trøndelag,"Kjørekontoret i NordTrøndelag, Levanger"
7822,Nord-Trøndelag,Helse Midt-Norge,Helse Nord Trøndelag,"Kjørekontoret i NordTrøndelag, Levanger"
7856,Nord-Trøndelag,Helse Midt-Norge,Helse Nord Trøndelag,"Kjørekontoret i NordTrøndelag, Levanger"
7860,Nord-Trøndelag,Helse Midt-Norge,Helse Nord Trøndelag,"Kjørekontoret i NordTrøndelag, Levanger"
7863,Nord-Trøndelag,Helse Midt-Norge,Helse Nord Trøndelag,"Kjørekontoret i NordTrøndelag, Levanger"
7864,Nord-Trøndelag,Helse Midt-Norge,Helse Nord Trøndelag,"Kjørekontoret i NordTrøndelag, Levanger"
7869,Nord-Trøndelag,Helse Midt-Norge,Helse Nord Trøndelag,"Kjørekontoret i NordTrøndelag, Levanger"
7870,Nord-Trøndelag,Helse Midt-Norge,Helse Nord Trøndelag,"Kjørekontoret i NordTrøndelag, Levanger"
7871,Nord-Trøndelag,Helse Midt-Norge,Helse Nord Trøndelag,"Kjørekontoret i NordTrøndelag, Levanger"
7873,Nord-Trøndelag,Helse Midt-Norge,Helse Nord Trøndelag,"Kjørekontoret i NordTrøndelag, Levanger"
7882,Nord-Trøndelag,Helse Midt-Norge,Helse Nord Trøndelag,"Kjørekontoret i NordTrøndelag, Levanger"
7884,Nord-Trøndelag,Helse Midt-Norge,Helse Nord Trøndelag,"Kjørekontoret i NordTrøndelag, Levanger"
7890,Nord-Trøndelag,Helse Midt-Norge,Helse Nord Trøndelag,"Kjørekontoret i NordTrøndelag, Levanger"
7892,Nord-Trøndelag,Helse Midt-Norge,Helse Nord Trøndelag,"Kjørekontoret i NordTrøndelag, Levanger"
7893,Nord-Trøndelag,Helse Midt-Norge,Helse Nord Trøndelag,"Kjørekontoret i NordTrøndelag, Levanger"
7896,Nord-Trøndelag,Helse Midt-Norge,Helse Nord Trøndelag,"Kjørekontoret i NordTrøndelag, Levanger"
7898,Nord-Trøndelag,Helse Midt-Norge,Helse Nord Trøndelag,"Kjørekontoret i NordTrøndelag, Levanger"
7900,Nord-Trøndelag,Helse Midt-Norge,Helse Nord Trøndelag,"Kjørekontoret i NordTrøndelag, Levanger"
7901,Nord-Trøndelag,Helse Midt-Norge,Helse Nord Trøndelag,"Kjørekontoret i NordTrøndelag, Levanger"
7940,Nord-Trøndelag,Helse Midt-Norge,Helse Nord Trøndelag,"Kjørekontoret i NordTrøndelag, Levanger"
7944,Nord-Trøndelag,Helse Midt-Norge,Helse Nord Trøndelag,"Kjørekontoret i NordTrøndelag, Levanger"
7950,Nord-Trøndelag,Helse Midt-Norge,Helse Nord Trøndelag,"Kjørekontoret i NordTrøndelag, Levanger"
7960,Nord-Trøndelag,Helse Midt-Norge,Helse Nord Trøndelag,"Kjørekontoret i NordTrøndelag, Levanger"
7970,Nord-Trøndelag,Helse Midt-Norge,Helse Nord Trøndelag,"Kjørekontoret i NordTrøndelag, Levanger"
7971,Nord-Trøndelag,Helse Midt-Norge,Helse Nord Trøndelag,"Kjørekontoret i NordTrøndelag, Levanger"
7973,Nord-Trøndelag,Helse Midt-Norge,Helse Nord Trøndelag,"Kjørekontoret i NordTrøndelag, Levanger"
7976,Nord-Trøndelag,Helse Midt-Norge,Helse Nord Trøndelag,"Kjørekontoret i NordTrøndelag, Levanger"
7977,Nord-Trøndelag,Helse Midt-Norge,Helse Nord Trøndelag,"Kjørekontoret i NordTrøndelag, Levanger"
7980,Nordland,Helse Nord,Helgelandssykehuset,"Oppgjørenheten ved Helgelandssykehuset, Mosjøen"
7981,Nordland,Helse Nord,Helgelandssykehuset,"Oppgjørenheten ved Helgelandssykehuset, Mosjøen"
7982,Nordland,Helse Nord,Helgelandssykehuset,"Oppgjørenheten ved Helgelandssykehuset, Mosjøen"
7985,Nord-Trøndelag,Helse Midt-Norge,Helse Nord Trøndelag,"Kjørekontoret i NordTrøndelag, Levanger"
7990,Nord-Trøndelag,Helse Midt-Norge,Helse Nord Trøndelag,"Kjørekontoret i NordTrøndelag, Levanger"
7993,Nord-Trøndelag,Helse Midt-Norge,Helse Nord Trøndelag,"Kjørekontoret i NordTrøndelag, Levanger"
7994,Nord-Trøndelag,Helse Midt-Norge,Helse Nord Trøndelag,"Kjørekontoret i NordTrøndelag, Levanger"
8001,Nordland,Helse Nord,Nordlandssykehuset,"Nordlandssykehuset Lofoten, Gravdal"
8002,Nordland,Helse Nord,Nordlandssykehuset,"Nordlandssykehuset Lofoten, Gravdal"
8003,Nordland,Helse Nord,Nordlandssykehuset,"Nordlandssykehuset Lofoten, Gravdal"
8004,Nordland,Helse Nord,Nordlandssykehuset,"Nordlandssykehuset Lofoten, Gravdal"
8005,Nordland,Helse Nord,Nordlandssykehuset,"Nordlandssykehuset Lofoten, Gravdal"
8006,Nordland,Helse Nord,Nordlandssykehuset,"Nordlandssykehuset Lofoten, Gravdal"
8007,Nordland,Helse Nord,Nordlandssykehuset,"Nordlandssykehuset Lofoten, Gravdal"
8008,Nordland,Helse Nord,Nordlandssykehuset,"Nordlandssykehuset Lofoten, Gravdal"
8009,Nordland,Helse Nord,Nordlandssykehuset,"Nordlandssykehuset Lofoten, Gravdal"
8010,Nordland,Helse Nord,Nordlandssykehuset,"Nordlandssykehuset Lofoten, Gravdal"
8011,Nordland,Helse Nord,Nordlandssykehuset,"Nordlandssykehuset Lofoten, Gravdal"
8012,Nordland,Helse Nord,Nordlandssykehuset,"Nordlandssykehuset Lofoten, Gravdal"
8013,Nordland,Helse Nord,Nordlandssykehuset,"Nordlandssykehuset Lofoten, Gravdal"
8014,Nordland,Helse Nord,Nordlandssykehuset,"Nordlandssykehuset Lofoten, Gravdal"
8015,Nordland,Helse Nord,Nordlandssykehuset,"Nordlandssykehuset Lofoten, Gravdal"
8016,Nordland,Helse Nord,Nordlandssykehuset,"Nordlandssykehuset Lofoten, Gravdal"
8019,Nordland,Helse Nord,Nordlandssykehuset,"Nordlandssykehuset Lofoten, Gravdal"
8020,Nordland,Helse Nord,Nordlandssykehuset,"Nordlandssykehuset Lofoten, Gravdal"
8021,Nordland,Helse Nord,Nordlandssykehuset,"Nordlandssykehuset Lofoten, Gravdal"
8022,Nordland,Helse Nord,Nordlandssykehuset,"Nordlandssykehuset Lofoten, Gravdal"
8023,Nordland,Helse Nord,Nordlandssykehuset,"Nordlandssykehuset Lofoten, Gravdal"
8026,Nordland,Helse Nord,Nordlandssykehuset,"Nordlandssykehuset Lofoten, Gravdal"
8027,Nordland,Helse Nord,Nordlandssykehuset,"Nordlandssykehuset Lofoten, Gravdal"
8028,Nordland,Helse Nord,Nordlandssykehuset,"Nordlandssykehuset Lofoten, Gravdal"
8029,Nordland,Helse Nord,Nordlandssykehuset,"Nordlandssykehuset Lofoten, Gravdal"
8030,Nordland,Helse Nord,Nordlandssykehuset,"Nordlandssykehuset Lofoten, Gravdal"
8031,Nordland,Helse Nord,Nordlandssykehuset,"Nordlandssykehuset Lofoten, Gravdal"
8032,Nordland,Helse Nord,Nordlandssykehuset,"Nordlandssykehuset Lofoten, Gravdal"
8037,Nordland,Helse Nord,Nordlandssykehuset,"Nordlandssykehuset Lofoten, Gravdal"
8038,Nordland,Helse Nord,Nordlandssykehuset,"Nordlandssykehuset Lofoten, Gravdal"
8039,Nordland,Helse Nord,Nordlandssykehuset,"Nordlandssykehuset Lofoten, Gravdal"
8041,Nordland,Helse Nord,Nordlandssykehuset,"Nordlandssykehuset Lofoten, Gravdal"
8047,Nordland,Helse Nord,Nordlandssykehuset,"Nordlandssykehuset Lofoten, Gravdal"
8048,Nordland,Helse Nord,Nordlandssykehuset,"Nordlandssykehuset Lofoten, Gravdal"
8049,Nordland,Helse Nord,Nordlandssykehuset,"Nordlandssykehuset Lofoten, Gravdal"
8050,Nordland,Helse Nord,Nordlandssykehuset,"Nordlandssykehuset Lofoten, Gravdal"
8056,Nordland,Helse Nord,Nordlandssykehuset,"Nordlandssykehuset Lofoten, Gravdal"
8058,Nordland,Helse Nord,Nordlandssykehuset,"Nordlandssykehuset Lofoten, Gravdal"
8063,Nordland,Helse Nord,Nordlandssykehuset,"Nordlandssykehuset Lofoten, Gravdal"
8064,Nordland,Helse Nord,Nordlandssykehuset,"Nordlandssykehuset Lofoten, Gravdal"
8070,Nordland,Helse Nord,Nordlandssykehuset,"Nordlandssykehuset Lofoten, Gravdal"
8071,Nordland,Helse Nord,Nordlandssykehuset,"Nordlandssykehuset Lofoten, Gravdal"
8072,Nordland,Helse Nord,Nordlandssykehuset,"Nordlandssykehuset Lofoten, Gravdal"
8073,Nordland,Helse Nord,Nordlandssykehuset,"Nordlandssykehuset Lofoten, Gravdal"
8074,Nordland,Helse Nord,Nordlandssykehuset,"Nordlandssykehuset Lofoten, Gravdal"
8075,Nordland,Helse Nord,Nordlandssykehuset,"Nordlandssykehuset Lofoten, Gravdal"
8076,Nordland,Helse Nord,Nordlandssykehuset,"Nordlandssykehuset Lofoten, Gravdal"
8079,Nordland,Helse Nord,Nordlandssykehuset,"Nordlandssykehuset Lofoten, Gravdal"
8084,Nordland,Helse Nord,Nordlandssykehuset,"Nordlandssykehuset Lofoten, Gravdal"
8086,Nordland,Helse Nord,Nordlandssykehuset,"Nordlandssykehuset Lofoten, Gravdal"
8087,Nordland,Helse Nord,Nordlandssykehuset,"Nordlandssykehuset Lofoten, Gravdal"
8088,Nordland,Helse Nord,Nordlandssykehuset,"Nordlandssykehuset Lofoten, Gravdal"
8089,Nordland,Helse Nord,Nordlandssykehuset,"Nordlandssykehuset Lofoten, Gravdal"
8091,Nordland,Helse Nord,Nordlandssykehuset,"Nordlandssykehuset Lofoten, Gravdal"
8092,Nordland,Helse Nord,Nordlandssykehuset,"Nordlandssykehuset Lofoten, Gravdal"
8093,Nordland,Helse Nord,Nordlandssykehuset,"Nordlandssykehuset Lofoten, Gravdal"
8094,Nordland,Helse Nord,Nordlandssykehuset,"Nordlandssykehuset Lofoten, Gravdal"
8095,Nordland,Helse Nord,Nordlandssykehuset,"Nordlandssykehuset Lofoten, Gravdal"
8096,Nordland,Helse Nord,Nordlandssykehuset,"Nordlandssykehuset Lofoten, Gravdal"
8097,Nordland,Helse Nord,Nordlandssykehuset,"Nordlandssykehuset Lofoten, Gravdal"
8098,Nordland,Helse Nord,Nordlandssykehuset,"Nordlandssykehuset Lofoten, Gravdal"
8100,Nordland,Helse Nord,Nordlandssykehuset,"Nordlandssykehuset Lofoten, Gravdal"
8102,Nordland,Helse Nord,Nordlandssykehuset,"Nordlandssykehuset Lofoten, Gravdal"
8103,Nordland,Helse Nord,Nordlandssykehuset,"Nordlandssykehuset Lofoten, Gravdal"
8108,Nordland,Helse Nord,Nordlandssykehuset,"Nordlandssykehuset Lofoten, Gravdal"
8110,Nordland,Helse Nord,Nordlandssykehuset,"Nordlandssykehuset Lofoten, Gravdal"
8114,Nordland,Helse Nord,Nordlandssykehuset,"Nordlandssykehuset Lofoten, Gravdal"
8118,Nordland,Helse Nord,Nordlandssykehuset,"Nordlandssykehuset Lofoten, Gravdal"
8120,Nordland,Helse Nord,Nordlandssykehuset,"Nordlandssykehuset Lofoten, Gravdal"
8128,Nordland,Helse Nord,Nordlandssykehuset,"Nordlandssykehuset Lofoten, Gravdal"
8130,Nordland,Helse Nord,Nordlandssykehuset,"Nordlandssykehuset Lofoten, Gravdal"
8135,Nordland,Helse Nord,Nordlandssykehuset,"Nordlandssykehuset Lofoten, Gravdal"
8136,Nordland,Helse Nord,Nordlandssykehuset,"Nordlandssykehuset Lofoten, Gravdal"
8138,Nordland,Helse Nord,Nordlandssykehuset,"Nordlandssykehuset Lofoten, Gravdal"
8140,Nordland,Helse Nord,Nordlandssykehuset,"Nordlandssykehuset Lofoten, Gravdal"
8145,Nordland,Helse Nord,Nordlandssykehuset,"Nordlandssykehuset Lofoten, Gravdal"
8146,Nordland,Helse Nord,Nordlandssykehuset,"Nordlandssykehuset Lofoten, Gravdal"
8149,Nordland,Helse Nord,Nordlandssykehuset,"Nordlandssykehuset Lofoten, Gravdal"
8150,Nordland,Helse Nord,Nordlandssykehuset,"Nordlandssykehuset Lofoten, Gravdal"
8151,Nordland,Helse Nord,Nordlandssykehuset,"Nordlandssykehuset Lofoten, Gravdal"
8157,Nordland,Helse Nord,Nordlandssykehuset,"Nordlandssykehuset Lofoten, Gravdal"
8158,Nordland,Helse Nord,Nordlandssykehuset,"Nordlandssykehuset Lofoten, Gravdal"
8159,Nordland,Helse Nord,Nordlandssykehuset,"Nordlandssykehuset Lofoten, Gravdal"
8160,Nordland,Helse Nord,Nordlandssykehuset,"Nordlandssykehuset Lofoten, Gravdal"
8161,Nordland,Helse Nord,Nordlandssykehuset,"Nordlandssykehuset Lofoten, Gravdal"
8168,Nordland,Helse Nord,Nordlandssykehuset,"Nordlandssykehuset Lofoten, Gravdal"
8170,Nordland,Helse Nord,Nordlandssykehuset,"Nordlandssykehuset Lofoten, Gravdal"
8171,Nordland,Helse Nord,Nordlandssykehuset,"Nordlandssykehuset Lofoten, Gravdal"
8178,Nordland,Helse Nord,Nordlandssykehuset,"Nordlandssykehuset Lofoten, Gravdal"
8181,Nordland,Helse Nord,Helgelandssykehuset,"Oppgjørenheten ved Helgelandssykehuset, Mosjøen"
8182,Nordland,Helse Nord,Helgelandssykehuset,"Oppgjørenheten ved Helgelandssykehuset, Mosjøen"
8184,Nordland,Helse Nord,Helgelandssykehuset,"Oppgjørenheten ved Helgelandssykehuset, Mosjøen"
8185,Nordland,Helse Nord,Helgelandssykehuset,"Oppgjørenheten ved Helgelandssykehuset, Mosjøen"
8186,Nordland,Helse Nord,Helgelandssykehuset,"Oppgjørenheten ved Helgelandssykehuset, Mosjøen"
8187,Nordland,Helse Nord,Helgelandssykehuset,"Oppgjørenheten ved Helgelandssykehuset, Mosjøen"
8188,Nordland,Helse Nord,Helgelandssykehuset,"Oppgjørenheten ved Helgelandssykehuset, Mosjøen"
8189,Nordland,Helse Nord,Helgelandssykehuset,"Oppgjørenheten ved Helgelandssykehuset, Mosjøen"
8190,Nordland,Helse Nord,Helgelandssykehuset,"Oppgjørenheten ved Helgelandssykehuset, Mosjøen"
8193,Nordland,Helse Nord,Helgelandssykehuset,"Oppgjørenheten ved Helgelandssykehuset, Mosjøen"
8195,Nordland,Helse Nord,Helgelandssykehuset,"Oppgjørenheten ved Helgelandssykehuset, Mosjøen"
8196,Nordland,Helse Nord,Helgelandssykehuset,"Oppgjørenheten ved Helgelandssykehuset, Mosjøen"
8197,Nordland,Helse Nord,Helgelandssykehuset,"Oppgjørenheten ved Helgelandssykehuset, Mosjøen"
8198,Nordland,Helse Nord,Helgelandssykehuset,"Oppgjørenheten ved Helgelandssykehuset, Mosjøen"
8200,Nordland,Helse Nord,Nordlandssykehuset,"Nordlandssykehuset Lofoten, Gravdal"
8201,Nordland,Helse Nord,Nordlandssykehuset,"Nordlandssykehuset Lofoten, Gravdal"
8202,Nordland,Helse Nord,Nordlandssykehuset,"Nordlandssykehuset Lofoten, Gravdal"
8203,Nordland,Helse Nord,Helgelandssykehuset,"Oppgjørenheten ved Helgelandssykehuset, Mosjøen"
8205,Nordland,Helse Nord,Nordlandssykehuset,"Nordlandssykehuset Lofoten, Gravdal"
8206,Nordland,Helse Nord,Helgelandssykehuset,"Oppgjørenheten ved Helgelandssykehuset, Mosjøen"
8207,Nordland,Helse Nord,Helgelandssykehuset,"Oppgjørenheten ved Helgelandssykehuset, Mosjøen"
8208,Nordland,Helse Nord,Helgelandssykehuset,"Oppgjørenheten ved Helgelandssykehuset, Mosjøen"
8209,Nordland,Helse Nord,Helgelandssykehuset,"Oppgjørenheten ved Helgelandssykehuset, Mosjøen"
8210,Nordland,Helse Nord,Nordlandssykehuset,"Nordlandssykehuset Lofoten, Gravdal"
8211,Nordland,Helse Nord,Helgelandssykehuset,"Oppgjørenheten ved Helgelandssykehuset, Mosjøen"
8214,Nordland,Helse Nord,Helgelandssykehuset,"Oppgjørenheten ved Helgelandssykehuset, Mosjøen"
8215,Nordland,Helse Nord,Nordlandssykehuset,"Nordlandssykehuset Lofoten, Gravdal"
8218,Nordland,Helse Nord,Helgelandssykehuset,"Oppgjørenheten ved Helgelandssykehuset, Mosjøen"
8219,Nordland,Helse Nord,Helgelandssykehuset,"Oppgjørenheten ved Helgelandssykehuset, Mosjøen"
8220,Nordland,Helse Nord,Nordlandssykehuset,"Nordlandssykehuset Lofoten, Gravdal"
8226,Nordland,Helse Nord,Nordlandssykehuset,"Nordlandssykehuset Lofoten, Gravdal"
8230,Nordland,Helse Nord,Nordlandssykehuset,"Nordlandssykehuset Lofoten, Gravdal"
8231,Nordland,Helse Nord,Nordlandssykehuset,"Nordlandssykehuset Lofoten, Gravdal"
8232,Nordland,Helse Nord,Nordlandssykehuset,"Nordlandssykehuset Lofoten, Gravdal"
8233,Nordland,Helse Nord,Nordlandssykehuset,"Nordlandssykehuset Lofoten, Gravdal"
8250,Nordland,Helse Nord,Nordlandssykehuset,"Nordlandssykehuset Lofoten, Gravdal"
8251,Nordland,Helse Nord,Nordlandssykehuset,"Nordlandssykehuset Lofoten, Gravdal"
8255,Nordland,Helse Nord,Nordlandssykehuset,"Nordlandssykehuset Lofoten, Gravdal"
8256,Nordland,Helse Nord,Nordlandssykehuset,"Nordlandssykehuset Lofoten, Gravdal"
8260,Nordland,Helse Nord,Nordlandssykehuset,"Nordlandssykehuset Lofoten, Gravdal"
8261,Nordland,Helse Nord,Nordlandssykehuset,"Nordlandssykehuset Lofoten, Gravdal"
8264,Nordland,Helse Nord,Nordlandssykehuset,"Nordlandssykehuset Lofoten, Gravdal"
8266,Nordland,Helse Nord,Nordlandssykehuset,"Nordlandssykehuset Lofoten, Gravdal"
8270,Nordland,Helse Nord,Nordlandssykehuset,"Nordlandssykehuset Lofoten, Gravdal"
8271,Nordland,Helse Nord,Nordlandssykehuset,"Nordlandssykehuset Lofoten, Gravdal"
8273,Nordland,Helse Nord,Nordlandssykehuset,"Nordlandssykehuset Lofoten, Gravdal"
8274,Nordland,Helse Nord,Nordlandssykehuset,"Nordlandssykehuset Lofoten, Gravdal"
8275,Nordland,Helse Nord,Nordlandssykehuset,"Nordlandssykehuset Lofoten, Gravdal"
8276,Nordland,Helse Nord,Nordlandssykehuset,"Nordlandssykehuset Lofoten, Gravdal"
8281,Nordland,Helse Nord,Nordlandssykehuset,"Nordlandssykehuset Lofoten, Gravdal"
8283,Nordland,Helse Nord,Nordlandssykehuset,"Nordlandssykehuset Lofoten, Gravdal"
8285,Nordland,Helse Nord,Nordlandssykehuset,"Nordlandssykehuset Lofoten, Gravdal"
8286,Nordland,Helse Nord,Nordlandssykehuset,"Nordlandssykehuset Lofoten, Gravdal"
8288,Nordland,Helse Nord,Nordlandssykehuset,"Nordlandssykehuset Lofoten, Gravdal"
8289,Nordland,Helse Nord,Nordlandssykehuset,"Nordlandssykehuset Lofoten, Gravdal"
8290,Nordland,Helse Nord,Nordlandssykehuset,"Nordlandssykehuset Lofoten, Gravdal"
8291,Nordland,Helse Nord,Nordlandssykehuset,"Nordlandssykehuset Lofoten, Gravdal"
8294,Nordland,Helse Nord,Nordlandssykehuset,"Nordlandssykehuset Lofoten, Gravdal"
8297,Nordland,Helse Nord,Nordlandssykehuset,"Nordlandssykehuset Lofoten, Gravdal"
8298,Nordland,Helse Nord,Nordlandssykehuset,"Nordlandssykehuset Lofoten, Gravdal"
8300,Nordland,Helse Nord,Nordlandssykehuset,"Nordlandssykehuset Lofoten, Gravdal"
8301,Nordland,Helse Nord,Nordlandssykehuset,"Nordlandssykehuset Lofoten, Gravdal"
8305,Nordland,Helse Nord,Nordlandssykehuset,"Nordlandssykehuset Lofoten, Gravdal"
8309,Nordland,Helse Nord,Nordlandssykehuset,"Nordlandssykehuset Lofoten, Gravdal"
8310,Nordland,Helse Nord,Nordlandssykehuset,"Nordlandssykehuset Lofoten, Gravdal"
8311,Nordland,Helse Nord,Nordlandssykehuset,"Nordlandssykehuset Lofoten, Gravdal"
8312,Nordland,Helse Nord,Nordlandssykehuset,"Nordlandssykehuset Lofoten, Gravdal"
8313,Nordland,Helse Nord,Nordlandssykehuset,"Nordlandssykehuset Lofoten, Gravdal"
8314,Nordland,Helse Nord,Nordlandssykehuset,"Nordlandssykehuset Lofoten, Gravdal"
8315,Nordland,Helse Nord,Nordlandssykehuset,"Nordlandssykehuset Lofoten, Gravdal"
8316,Nordland,Helse Nord,Nordlandssykehuset,"Nordlandssykehuset Lofoten, Gravdal"
8317,Nordland,Helse Nord,Nordlandssykehuset,"Nordlandssykehuset Lofoten, Gravdal"
8320,Nordland,Helse Nord,Nordlandssykehuset,"Nordlandssykehuset Lofoten, Gravdal"
8322,Nordland,Helse Nord,Nordlandssykehuset,"Nordlandssykehuset Lofoten, Gravdal"
8323,Nordland,Helse Nord,Nordlandssykehuset,"Nordlandssykehuset Lofoten, Gravdal"
8324,Nordland,Helse Nord,Nordlandssykehuset,"Nordlandssykehuset Lofoten, Gravdal"
8325,Nordland,Helse Nord,Nordlandssykehuset,"Nordlandssykehuset Lofoten, Gravdal"
8326,Nordland,Helse Nord,Nordlandssykehuset,"Nordlandssykehuset Lofoten, Gravdal"
8328,Nordland,Helse Nord,Nordlandssykehuset,"Nordlandssykehuset Lofoten, Gravdal"
8340,Nordland,Helse Nord,Nordlandssykehuset,"Nordlandssykehuset Lofoten, Gravdal"
8352,Nordland,Helse Nord,Nordlandssykehuset,"Nordlandssykehuset Lofoten, Gravdal"
8357,Nordland,Helse Nord,Helgelandssykehuset,"Oppgjørenheten ved Helgelandssykehuset, Mosjøen"
8360,Nordland,Helse Nord,Nordlandssykehuset,"Nordlandssykehuset Lofoten, Gravdal"
8370,Nordland,Helse Nord,Nordlandssykehuset,"Nordlandssykehuset Lofoten, Gravdal"
8372,Nordland,Helse Nord,Nordlandssykehuset,"Nordlandssykehuset Lofoten, Gravdal"
8373,Nordland,Helse Nord,Nordlandssykehuset,"Nordlandssykehuset Lofoten, Gravdal"
8375,Nordland,Helse Nord,Nordlandssykehuset,"Nordlandssykehuset Lofoten, Gravdal"
8376,Nordland,Helse Nord,Nordlandssykehuset,"Nordlandssykehuset Lofoten, Gravdal"
8377,Nordland,Helse Nord,Nordlandssykehuset,"Nordlandssykehuset Lofoten, Gravdal"
8378,Nordland,Helse Nord,Nordlandssykehuset,"Nordlandssykehuset Lofoten, Gravdal"
8380,Nordland,Helse Nord,Nordlandssykehuset,"Nordlandssykehuset Lofoten, Gravdal"
8382,Nordland,Helse Nord,Nordlandssykehuset,"Nordlandssykehuset Lofoten, Gravdal"
8384,Nordland,Helse Nord,Nordlandssykehuset,"Nordlandssykehuset Lofoten, Gravdal"
8387,Nordland,Helse Nord,Nordlandssykehuset,"Nordlandssykehuset Lofoten, Gravdal"
8388,Nordland,Helse Nord,Nordlandssykehuset,"Nordlandssykehuset Lofoten, Gravdal"
8390,Nordland,Helse Nord,Nordlandssykehuset,"Nordlandssykehuset Lofoten, Gravdal"
8392,Nordland,Helse Nord,Nordlandssykehuset,"Nordlandssykehuset Lofoten, Gravdal"
8393,Nordland,Helse Nord,Nordlandssykehuset,"Nordlandssykehuset Lofoten, Gravdal"
8398,Nordland,Helse Nord,Nordlandssykehuset,"Nordlandssykehuset Lofoten, Gravdal"
8400,Nordland,Helse Nord,Nordlandssykehuset,"Nordlandssykehuset Lofoten, Gravdal"
8401,Nordland,Helse Nord,Nordlandssykehuset,"Nordlandssykehuset Lofoten, Gravdal"
8402,Nordland,Helse Nord,Helgelandssykehuset,"Oppgjørenheten ved Helgelandssykehuset, Mosjøen"
8403,Nordland,Helse Nord,Helgelandssykehuset,"Oppgjørenheten ved Helgelandssykehuset, Mosjøen"
8404,Nordland,Helse Nord,Helgelandssykehuset,"Oppgjørenheten ved Helgelandssykehuset, Mosjøen"
8405,Nordland,Helse Nord,Nordlandssykehuset,"Nordlandssykehuset Lofoten, Gravdal"
8406,Nordland,Helse Nord,Helgelandssykehuset,"Oppgjørenheten ved Helgelandssykehuset, Mosjøen"
8407,Nordland,Helse Nord,Nordlandssykehuset,"Nordlandssykehuset Lofoten, Gravdal"
8408,Nordland,Helse Nord,Nordlandssykehuset,"Nordlandssykehuset Lofoten, Gravdal"
8409,Nordland,Helse Nord,Universitetssykehuset Nord-Norge,"Pasientreisekontoret ved Universitetssykehuset Nord-Norge, Tromsø"
8410,Nordland,Helse Nord,Universitetssykehuset Nord-Norge,"Pasientreisekontoret ved Universitetssykehuset Nord-Norge, Tromsø"
8411,Nordland,Helse Nord,Universitetssykehuset Nord-Norge,"Pasientreisekontoret ved Universitetssykehuset Nord-Norge, Tromsø"
8412,Nordland,Helse Nord,Universitetssykehuset Nord-Norge,"Pasientreisekontoret ved Universitetssykehuset Nord-Norge, Tromsø"
8413,Nordland,Helse Nord,Nordlandssykehuset,"Nordlandssykehuset Lofoten, Gravdal"
8414,Nordland,Helse Nord,Nordlandssykehuset,"Nordlandssykehuset Lofoten, Gravdal"
8415,Nordland,Helse Nord,Nordlandssykehuset,"Nordlandssykehuset Lofoten, Gravdal"
8416,Nordland,Helse Nord,Helgelandssykehuset,"Oppgjørenheten ved Helgelandssykehuset, Mosjøen"
8426,Nordland,Helse Nord,Nordlandssykehuset,"Nordlandssykehuset Lofoten, Gravdal"
8428,Nordland,Helse Nord,Nordlandssykehuset,"Nordlandssykehuset Lofoten, Gravdal"
8430,Nordland,Helse Nord,Nordlandssykehuset,"Nordlandssykehuset Lofoten, Gravdal"
8432,Nordland,Helse Nord,Nordlandssykehuset,"Nordlandssykehuset Lofoten, Gravdal"
8438,Nordland,Helse Nord,Nordlandssykehuset,"Nordlandssykehuset Lofoten, Gravdal"
8439,Nordland,Helse Nord,Nordlandssykehuset,"Nordlandssykehuset Lofoten, Gravdal"
8445,Nordland,Helse Nord,Nordlandssykehuset,"Nordlandssykehuset Lofoten, Gravdal"
8446,Nordland,Helse Nord,Nordlandssykehuset,"Nordlandssykehuset Lofoten, Gravdal"
8447,Nordland,Helse Nord,Nordlandssykehuset,"Nordlandssykehuset Lofoten, Gravdal"
8448,Nordland,Helse Nord,Nordlandssykehuset,"Nordlandssykehuset Lofoten, Gravdal"
8450,Nordland,Helse Nord,Nordlandssykehuset,"Nordlandssykehuset Lofoten, Gravdal"
8452,Nordland,Helse Nord,Nordlandssykehuset,"Nordlandssykehuset Lofoten, Gravdal"
8455,Nordland,Helse Nord,Nordlandssykehuset,"Nordlandssykehuset Lofoten, Gravdal"
8459,Nordland,Helse Nord,Nordlandssykehuset,"Nordlandssykehuset Lofoten, Gravdal"
8465,Nordland,Helse Nord,Nordlandssykehuset,"Nordlandssykehuset Lofoten, Gravdal"
8469,Nordland,Helse Nord,Nordlandssykehuset,"Nordlandssykehuset Lofoten, Gravdal"
8470,Nordland,Helse Nord,Nordlandssykehuset,"Nordlandssykehuset Lofoten, Gravdal"
8475,Nordland,Helse Nord,Nordlandssykehuset,"Nordlandssykehuset Lofoten, Gravdal"
8480,Nordland,Helse Nord,Nordlandssykehuset,"Nordlandssykehuset Lofoten, Gravdal"
8481,Nordland,Helse Nord,Nordlandssykehuset,"Nordlandssykehuset Lofoten, Gravdal"
8483,Nordland,Helse Nord,Nordlandssykehuset,"Nordlandssykehuset Lofoten, Gravdal"
8484,Nordland,Helse Nord,Nordlandssykehuset,"Nordlandssykehuset Lofoten, Gravdal"
8485,Nordland,Helse Nord,Nordlandssykehuset,"Nordlandssykehuset Lofoten, Gravdal"
8488,Nordland,Helse Nord,Nordlandssykehuset,"Nordlandssykehuset Lofoten, Gravdal"
8489,Nordland,Helse Nord,Nordlandssykehuset,"Nordlandssykehuset Lofoten, Gravdal"
8493,Nordland,Helse Nord,Nordlandssykehuset,"Nordlandssykehuset Lofoten, Gravdal"
8501,Nordland,Helse Nord,Universitetssykehuset Nord-Norge,"Pasientreisekontoret ved Universitetssykehuset Nord-Norge, Tromsø"
8502,Nordland,Helse Nord,Universitetssykehuset Nord-Norge,"Pasientreisekontoret ved Universitetssykehuset Nord-Norge, Tromsø"
8503,Nordland,Helse Nord,Universitetssykehuset Nord-Norge,"Pasientreisekontoret ved Universitetssykehuset Nord-Norge, Tromsø"
8504,Nordland,Helse Nord,Universitetssykehuset Nord-Norge,"Pasientreisekontoret ved Universitetssykehuset Nord-Norge, Tromsø"
8505,Nordland,Helse Nord,Universitetssykehuset Nord-Norge,"Pasientreisekontoret ved Universitetssykehuset Nord-Norge, Tromsø"
8506,Nordland,Helse Nord,Universitetssykehuset Nord-Norge,"Pasientreisekontoret ved Universitetssykehuset Nord-Norge, Tromsø"
8507,Nordland,Helse Nord,Universitetssykehuset Nord-Norge,"Pasientreisekontoret ved Universitetssykehuset Nord-Norge, Tromsø"
8508,Nordland,Helse Nord,Universitetssykehuset Nord-Norge,"Pasientreisekontoret ved Universitetssykehuset Nord-Norge, Tromsø"
8509,Nordland,Helse Nord,Universitetssykehuset Nord-Norge,"Pasientreisekontoret ved Universitetssykehuset Nord-Norge, Tromsø"
8510,Nordland,Helse Nord,Universitetssykehuset Nord-Norge,"Pasientreisekontoret ved Universitetssykehuset Nord-Norge, Tromsø"
8512,Nordland,Helse Nord,Universitetssykehuset Nord-Norge,"Pasientreisekontoret ved Universitetssykehuset Nord-Norge, Tromsø"
8513,Nordland,Helse Nord,Universitetssykehuset Nord-Norge,"Pasientreisekontoret ved Universitetssykehuset Nord-Norge, Tromsø"
8514,Nordland,Helse Nord,Universitetssykehuset Nord-Norge,"Pasientreisekontoret ved Universitetssykehuset Nord-Norge, Tromsø"
8515,Nordland,Helse Nord,Universitetssykehuset Nord-Norge,"Pasientreisekontoret ved Universitetssykehuset Nord-Norge, Tromsø"
8516,Nordland,Helse Nord,Universitetssykehuset Nord-Norge,"Pasientreisekontoret ved Universitetssykehuset Nord-Norge, Tromsø"
8517,Nordland,Helse Nord,Universitetssykehuset Nord-Norge,"Pasientreisekontoret ved Universitetssykehuset Nord-Norge, Tromsø"
8518,Nordland,Helse Nord,Universitetssykehuset Nord-Norge,"Pasientreisekontoret ved Universitetssykehuset Nord-Norge, Tromsø"
8520,Nordland,Helse Nord,Universitetssykehuset Nord-Norge,"Pasientreisekontoret ved Universitetssykehuset Nord-Norge, Tromsø"
8522,Nordland,Helse Nord,Universitetssykehuset Nord-Norge,"Pasientreisekontoret ved Universitetssykehuset Nord-Norge, Tromsø"
8523,Nordland,Helse Nord,Universitetssykehuset Nord-Norge,"Pasientreisekontoret ved Universitetssykehuset Nord-Norge, Tromsø"
8530,Nordland,Helse Nord,Universitetssykehuset Nord-Norge,"Pasientreisekontoret ved Universitetssykehuset Nord-Norge, Tromsø"
8531,Nordland,Helse Nord,Universitetssykehuset Nord-Norge,"Pasientreisekontoret ved Universitetssykehuset Nord-Norge, Tromsø"
8533,Nordland,Helse Nord,Universitetssykehuset Nord-Norge,"Pasientreisekontoret ved Universitetssykehuset Nord-Norge, Tromsø"
8534,Nordland,Helse Nord,Universitetssykehuset Nord-Norge,"Pasientreisekontoret ved Universitetssykehuset Nord-Norge, Tromsø"
8535,Nordland,Helse Nord,Universitetssykehuset Nord-Norge,"Pasientreisekontoret ved Universitetssykehuset Nord-Norge, Tromsø"
8536,Nordland,Helse Nord,Universitetssykehuset Nord-Norge,"Pasientreisekontoret ved Universitetssykehuset Nord-Norge, Tromsø"
8539,Nordland,Helse Nord,Universitetssykehuset Nord-Norge,"Pasientreisekontoret ved Universitetssykehuset Nord-Norge, Tromsø"
8540,Nordland,Helse Nord,Universitetssykehuset Nord-Norge,"Pasientreisekontoret ved Universitetssykehuset Nord-Norge, Tromsø"
8542,Nordland,Helse Nord,Universitetssykehuset Nord-Norge,"Pasientreisekontoret ved Universitetssykehuset Nord-Norge, Tromsø"
8543,Nordland,Helse Nord,Universitetssykehuset Nord-Norge,"Pasientreisekontoret ved Universitetssykehuset Nord-Norge, Tromsø"
8546,Nordland,Helse Nord,Universitetssykehuset Nord-Norge,"Pasientreisekontoret ved Universitetssykehuset Nord-Norge, Tromsø"
8587,Nordland,Helse Nord,Universitetssykehuset Nord-Norge,"Pasientreisekontoret ved Universitetssykehuset Nord-Norge, Tromsø"
8590,Nordland,Helse Nord,Universitetssykehuset Nord-Norge,"Pasientreisekontoret ved Universitetssykehuset Nord-Norge, Tromsø"
8591,Nordland,Helse Nord,Universitetssykehuset Nord-Norge,"Pasientreisekontoret ved Universitetssykehuset Nord-Norge, Tromsø"
8601,Nordland,Helse Nord,Helgelandssykehuset,"Oppgjørenheten ved Helgelandssykehuset, Mosjøen"
8602,Nordland,Helse Nord,Helgelandssykehuset,"Oppgjørenheten ved Helgelandssykehuset, Mosjøen"
8603,Nordland,Helse Nord,Helgelandssykehuset,"Oppgjørenheten ved Helgelandssykehuset, Mosjøen"
8604,Nordland,Helse Nord,Helgelandssykehuset,"Oppgjørenheten ved Helgelandssykehuset, Mosjøen"
8605,Nordland,Helse Nord,Helgelandssykehuset,"Oppgjørenheten ved Helgelandssykehuset, Mosjøen"
8606,Nordland,Helse Nord,Helgelandssykehuset,"Oppgjørenheten ved Helgelandssykehuset, Mosjøen"
8607,Nordland,Helse Nord,Helgelandssykehuset,"Oppgjørenheten ved Helgelandssykehuset, Mosjøen"
8608,Nordland,Helse Nord,Helgelandssykehuset,"Oppgjørenheten ved Helgelandssykehuset, Mosjøen"
8610,Nordland,Helse Nord,Helgelandssykehuset,"Oppgjørenheten ved Helgelandssykehuset, Mosjøen"
8613,Nordland,Helse Nord,Helgelandssykehuset,"Oppgjørenheten ved Helgelandssykehuset, Mosjøen"
8614,Nordland,Helse Nord,Helgelandssykehuset,"Oppgjørenheten ved Helgelandssykehuset, Mosjøen"
8615,Nordland,Helse Nord,Helgelandssykehuset,"Oppgjørenheten ved Helgelandssykehuset, Mosjøen"
8616,Nordland,Helse Nord,Helgelandssykehuset,"Oppgjørenheten ved Helgelandssykehuset, Mosjøen"
8617,Nordland,Helse Nord,Helgelandssykehuset,"Oppgjørenheten ved Helgelandssykehuset, Mosjøen"
8618,Nordland,Helse Nord,Helgelandssykehuset,"Oppgjørenheten ved Helgelandssykehuset, Mosjøen"
8622,Nordland,Helse Nord,Helgelandssykehuset,"Oppgjørenheten ved Helgelandssykehuset, Mosjøen"
8624,Nordland,Helse Nord,Helgelandssykehuset,"Oppgjørenheten ved Helgelandssykehuset, Mosjøen"
8626,Nordland,Helse Nord,Helgelandssykehuset,"Oppgjørenheten ved Helgelandssykehuset, Mosjøen"
8629,Nordland,Helse Nord,Helgelandssykehuset,"Oppgjørenheten ved Helgelandssykehuset, Mosjøen"
8630,Nordland,Helse Nord,Helgelandssykehuset,"Oppgjørenheten ved Helgelandssykehuset, Mosjøen"
8634,Nordland,Helse Nord,Helgelandssykehuset,"Oppgjørenheten ved Helgelandssykehuset, Mosjøen"
8635,Nordland,Helse Nord,Helgelandssykehuset,"Oppgjørenheten ved Helgelandssykehuset, Mosjøen"
8638,Nordland,Helse Nord,Helgelandssykehuset,"Oppgjørenheten ved Helgelandssykehuset, Mosjøen"
8640,Nordland,Helse Nord,Helgelandssykehuset,"Oppgjørenheten ved Helgelandssykehuset, Mosjøen"
8641,Nordland,Helse Nord,Helgelandssykehuset,"Oppgjørenheten ved Helgelandssykehuset, Mosjøen"
8642,Nordland,Helse Nord,Helgelandssykehuset,"Oppgjørenheten ved Helgelandssykehuset, Mosjøen"
8643,Nordland,Helse Nord,Helgelandssykehuset,"Oppgjørenheten ved Helgelandssykehuset, Mosjøen"
8646,Nordland,Helse Nord,Helgelandssykehuset,"Oppgjørenheten ved Helgelandssykehuset, Mosjøen"
8647,Nordland,Helse Nord,Helgelandssykehuset,"Oppgjørenheten ved Helgelandssykehuset, Mosjøen"
8648,Nordland,Helse Nord,Helgelandssykehuset,"Oppgjørenheten ved Helgelandssykehuset, Mosjøen"
8651,Nordland,Helse Nord,Helgelandssykehuset,"Oppgjørenheten ved Helgelandssykehuset, Mosjøen"
8652,Nordland,Helse Nord,Helgelandssykehuset,"Oppgjørenheten ved Helgelandssykehuset, Mosjøen"
8654,Nordland,Helse Nord,Helgelandssykehuset,"Oppgjørenheten ved Helgelandssykehuset, Mosjøen"
8655,Nordland,Helse Nord,Helgelandssykehuset,"Oppgjørenheten ved Helgelandssykehuset, Mosjøen"
8656,Nordland,Helse Nord,Helgelandssykehuset,"Oppgjørenheten ved Helgelandssykehuset, Mosjøen"
8657,Nordland,Helse Nord,Helgelandssykehuset,"Oppgjørenheten ved Helgelandssykehuset, Mosjøen"
8658,Nordland,Helse Nord,Helgelandssykehuset,"Oppgjørenheten ved Helgelandssykehuset, Mosjøen"
8659,Nordland,Helse Nord,Helgelandssykehuset,"Oppgjørenheten ved Helgelandssykehuset, Mosjøen"
8661,Nordland,Helse Nord,Helgelandssykehuset,"Oppgjørenheten ved Helgelandssykehuset, Mosjøen"
8663,Nordland,Helse Nord,Helgelandssykehuset,"Oppgjørenheten ved Helgelandssykehuset, Mosjøen"
8664,Nordland,Helse Nord,Helgelandssykehuset,"Oppgjørenheten ved Helgelandssykehuset, Mosjøen"
8665,Nordland,Helse Nord,Helgelandssykehuset,"Oppgjørenheten ved Helgelandssykehuset, Mosjøen"
8672,Nordland,Helse Nord,Helgelandssykehuset,"Oppgjørenheten ved Helgelandssykehuset, Mosjøen"
8680,Nordland,Helse Nord,Helgelandssykehuset,"Oppgjørenheten ved Helgelandssykehuset, Mosjøen"
8681,Nordland,Helse Nord,Helgelandssykehuset,"Oppgjørenheten ved Helgelandssykehuset, Mosjøen"
8690,Nordland,Helse Nord,Helgelandssykehuset,"Oppgjørenheten ved Helgelandssykehuset, Mosjøen"
8691,Nordland,Helse Nord,Helgelandssykehuset,"Oppgjørenheten ved Helgelandssykehuset, Mosjøen"
8700,Nordland,Helse Nord,Helgelandssykehuset,"Oppgjørenheten ved Helgelandssykehuset, Mosjøen"
8701,Nordland,Helse Nord,Helgelandssykehuset,"Oppgjørenheten ved Helgelandssykehuset, Mosjøen"
8720,Nordland,Helse Nord,Helgelandssykehuset,"Oppgjørenheten ved Helgelandssykehuset, Mosjøen"
8723,Nordland,Helse Nord,Helgelandssykehuset,"Oppgjørenheten ved Helgelandssykehuset, Mosjøen"
8724,Nordland,Helse Nord,Helgelandssykehuset,"Oppgjørenheten ved Helgelandssykehuset, Mosjøen"
8725,Nordland,Helse Nord,Helgelandssykehuset,"Oppgjørenheten ved Helgelandssykehuset, Mosjøen"
8726,Nordland,Helse Nord,Helgelandssykehuset,"Oppgjørenheten ved Helgelandssykehuset, Mosjøen"
8730,Nordland,Helse Nord,Helgelandssykehuset,"Oppgjørenheten ved Helgelandssykehuset, Mosjøen"
8732,Nordland,Helse Nord,Helgelandssykehuset,"Oppgjørenheten ved Helgelandssykehuset, Mosjøen"
8733,Nordland,Helse Nord,Helgelandssykehuset,"Oppgjørenheten ved Helgelandssykehuset, Mosjøen"
8735,Nordland,Helse Nord,Helgelandssykehuset,"Oppgjørenheten ved Helgelandssykehuset, Mosjøen"
8740,Nordland,Helse Nord,Helgelandssykehuset,"Oppgjørenheten ved Helgelandssykehuset, Mosjøen"
8742,Nordland,Helse Nord,Helgelandssykehuset,"Oppgjørenheten ved Helgelandssykehuset, Mosjøen"
8743,Nordland,Helse Nord,Helgelandssykehuset,"Oppgjørenheten ved Helgelandssykehuset, Mosjøen"
8750,Nordland,Helse Nord,Helgelandssykehuset,"Oppgjørenheten ved Helgelandssykehuset, Mosjøen"
8752,Nordland,Helse Nord,Helgelandssykehuset,"Oppgjørenheten ved Helgelandssykehuset, Mosjøen"
8753,Nordland,Helse Nord,Helgelandssykehuset,"Oppgjørenheten ved Helgelandssykehuset, Mosjøen"
8754,Nordland,Helse Nord,Helgelandssykehuset,"Oppgjørenheten ved Helgelandssykehuset, Mosjøen"
8761,Nordland,Helse Nord,Helgelandssykehuset,"Oppgjørenheten ved Helgelandssykehuset, Mosjøen"
8762,Nordland,Helse Nord,Helgelandssykehuset,"Oppgjørenheten ved Helgelandssykehuset, Mosjøen"
8764,Nordland,Helse Nord,Helgelandssykehuset,"Oppgjørenheten ved Helgelandssykehuset, Mosjøen"
8766,Nordland,Helse Nord,Helgelandssykehuset,"Oppgjørenheten ved Helgelandssykehuset, Mosjøen"
8767,Nordland,Helse Nord,Helgelandssykehuset,"Oppgjørenheten ved Helgelandssykehuset, Mosjøen"
8770,Nordland,Helse Nord,Helgelandssykehuset,"Oppgjørenheten ved Helgelandssykehuset, Mosjøen"
8801,Nordland,Helse Nord,Helgelandssykehuset,"Oppgjørenheten ved Helgelandssykehuset, Mosjøen"
8802,Nordland,Helse Nord,Helgelandssykehuset,"Oppgjørenheten ved Helgelandssykehuset, Mosjøen"
8803,Nordland,Helse Nord,Helgelandssykehuset,"Oppgjørenheten ved Helgelandssykehuset, Mosjøen"
8804,Nordland,Helse Nord,Helgelandssykehuset,"Oppgjørenheten ved Helgelandssykehuset, Mosjøen"
8805,Nordland,Helse Nord,Helgelandssykehuset,"Oppgjørenheten ved Helgelandssykehuset, Mosjøen"
8809,Nordland,Helse Nord,Helgelandssykehuset,"Oppgjørenheten ved Helgelandssykehuset, Mosjøen"
8813,Nordland,Helse Nord,Helgelandssykehuset,"Oppgjørenheten ved Helgelandssykehuset, Mosjøen"
8820,Nordland,Helse Nord,Helgelandssykehuset,"Oppgjørenheten ved Helgelandssykehuset, Mosjøen"
8826,Nordland,Helse Nord,Helgelandssykehuset,"Oppgjørenheten ved Helgelandssykehuset, Mosjøen"
8827,Nordland,Helse Nord,Helgelandssykehuset,"Oppgjørenheten ved Helgelandssykehuset, Mosjøen"
8830,Nordland,Helse Nord,Helgelandssykehuset,"Oppgjørenheten ved Helgelandssykehuset, Mosjøen"
8842,Nordland,Helse Nord,Helgelandssykehuset,"Oppgjørenheten ved Helgelandssykehuset, Mosjøen"
8844,Nordland,Helse Nord,Helgelandssykehuset,"Oppgjørenheten ved Helgelandssykehuset, Mosjøen"
8850,Nordland,Helse Nord,Helgelandssykehuset,"Oppgjørenheten ved Helgelandssykehuset, Mosjøen"
8851,Nordland,Helse Nord,Helgelandssykehuset,"Oppgjørenheten ved Helgelandssykehuset, Mosjøen"
8852,Nordland,Helse Nord,Helgelandssykehuset,"Oppgjørenheten ved Helgelandssykehuset, Mosjøen"
8854,Nordland,Helse Nord,Helgelandssykehuset,"Oppgjørenheten ved Helgelandssykehuset, Mosjøen"
8860,Nordland,Helse Nord,Helgelandssykehuset,"Oppgjørenheten ved Helgelandssykehuset, Mosjøen"
8861,Nordland,Helse Nord,Helgelandssykehuset,"Oppgjørenheten ved Helgelandssykehuset, Mosjøen"
8865,Nordland,Helse Nord,Helgelandssykehuset,"Oppgjørenheten ved Helgelandssykehuset, Mosjøen"
8870,Nordland,Helse Nord,Helgelandssykehuset,"Oppgjørenheten ved Helgelandssykehuset, Mosjøen"
8880,Nordland,Helse Nord,Helgelandssykehuset,"Oppgjørenheten ved Helgelandssykehuset, Mosjøen"
8883,Nordland,Helse Nord,Helgelandssykehuset,"Oppgjørenheten ved Helgelandssykehuset, Mosjøen"
8890,Nordland,Helse Nord,Helgelandssykehuset,"Oppgjørenheten ved Helgelandssykehuset, Mosjøen"
8891,Nordland,Helse Nord,Helgelandssykehuset,"Oppgjørenheten ved Helgelandssykehuset, Mosjøen"
8892,Nordland,Helse Nord,Helgelandssykehuset,"Oppgjørenheten ved Helgelandssykehuset, Mosjøen"
8897,Nordland,Helse Nord,Helgelandssykehuset,"Oppgjørenheten ved Helgelandssykehuset, Mosjøen"
8900,Nordland,Helse Nord,Helgelandssykehuset,"Oppgjørenheten ved Helgelandssykehuset, Mosjøen"
8901,Nordland,Helse Nord,Helgelandssykehuset,"Oppgjørenheten ved Helgelandssykehuset, Mosjøen"
8902,Nordland,Helse Nord,Helgelandssykehuset,"Oppgjørenheten ved Helgelandssykehuset, Mosjøen"
8904,Nordland,Helse Nord,Helgelandssykehuset,"Oppgjørenheten ved Helgelandssykehuset, Mosjøen"
8905,Nordland,Helse Nord,Helgelandssykehuset,"Oppgjørenheten ved Helgelandssykehuset, Mosjøen"
8906,Nordland,Helse Nord,Helgelandssykehuset,"Oppgjørenheten ved Helgelandssykehuset, Mosjøen"
8907,Nordland,Helse Nord,Helgelandssykehuset,"Oppgjørenheten ved Helgelandssykehuset, Mosjøen"
8908,Nordland,Helse Nord,Helgelandssykehuset,"Oppgjørenheten ved Helgelandssykehuset, Mosjøen"
8909,Nordland,Helse Nord,Helgelandssykehuset,"Oppgjørenheten ved Helgelandssykehuset, Mosjøen"
8910,Nordland,Helse Nord,Helgelandssykehuset,"Oppgjørenheten ved Helgelandssykehuset, Mosjøen"
8920,Nordland,Helse Nord,Helgelandssykehuset,"Oppgjørenheten ved Helgelandssykehuset, Mosjøen"
8921,Nordland,Helse Nord,Helgelandssykehuset,"Oppgjørenheten ved Helgelandssykehuset, Mosjøen"
8922,Nordland,Helse Nord,Helgelandssykehuset,"Oppgjørenheten ved Helgelandssykehuset, Mosjøen"
8960,Nordland,Helse Nord,Helgelandssykehuset,"Oppgjørenheten ved Helgelandssykehuset, Mosjøen"
8961,Nordland,Helse Nord,Helgelandssykehuset,"Oppgjørenheten ved Helgelandssykehuset, Mosjøen"
8976,Nordland,Helse Nord,Helgelandssykehuset,"Oppgjørenheten ved Helgelandssykehuset, Mosjøen"
8978,Nordland,Helse Nord,Helgelandssykehuset,"Oppgjørenheten ved Helgelandssykehuset, Mosjøen"
8980,Nordland,Helse Nord,Helgelandssykehuset,"Oppgjørenheten ved Helgelandssykehuset, Mosjøen"
8981,Nordland,Helse Nord,Helgelandssykehuset,"Oppgjørenheten ved Helgelandssykehuset, Mosjøen"
8985,Nordland,Helse Nord,Helgelandssykehuset,"Oppgjørenheten ved Helgelandssykehuset, Mosjøen"
9006,Troms,Helse Nord,Universitetssykehuset Nord-Norge,"Pasientreisekontoret ved Universitetssykehuset Nord-Norge, Tromsø"
9007,Troms,Helse Nord,Universitetssykehuset Nord-Norge,"Pasientreisekontoret ved Universitetssykehuset Nord-Norge, Tromsø"
9008,Troms,Helse Nord,Universitetssykehuset Nord-Norge,"Pasientreisekontoret ved Universitetssykehuset Nord-Norge, Tromsø"
9009,Troms,Helse Nord,Universitetssykehuset Nord-Norge,"Pasientreisekontoret ved Universitetssykehuset Nord-Norge, Tromsø"
9010,Troms,Helse Nord,Universitetssykehuset Nord-Norge,"Pasientreisekontoret ved Universitetssykehuset Nord-Norge, Tromsø"
9011,Troms,Helse Nord,Universitetssykehuset Nord-Norge,"Pasientreisekontoret ved Universitetssykehuset Nord-Norge, Tromsø"
9012,Troms,Helse Nord,Universitetssykehuset Nord-Norge,"Pasientreisekontoret ved Universitetssykehuset Nord-Norge, Tromsø"
9013,Troms,Helse Nord,Universitetssykehuset Nord-Norge,"Pasientreisekontoret ved Universitetssykehuset Nord-Norge, Tromsø"
9014,Troms,Helse Nord,Universitetssykehuset Nord-Norge,"Pasientreisekontoret ved Universitetssykehuset Nord-Norge, Tromsø"
9015,Troms,Helse Nord,Universitetssykehuset Nord-Norge,"Pasientreisekontoret ved Universitetssykehuset Nord-Norge, Tromsø"
9016,Troms,Helse Nord,Universitetssykehuset Nord-Norge,"Pasientreisekontoret ved Universitetssykehuset Nord-Norge, Tromsø"
9017,Troms,Helse Nord,Universitetssykehuset Nord-Norge,"Pasientreisekontoret ved Universitetssykehuset Nord-Norge, Tromsø"
9018,Troms,Helse Nord,Universitetssykehuset Nord-Norge,"Pasientreisekontoret ved Universitetssykehuset Nord-Norge, Tromsø"
9019,Troms,Helse Nord,Universitetssykehuset Nord-Norge,"Pasientreisekontoret ved Universitetssykehuset Nord-Norge, Tromsø"
9020,Troms,Helse Nord,Universitetssykehuset Nord-Norge,"Pasientreisekontoret ved Universitetssykehuset Nord-Norge, Tromsø"
9022,Troms,Helse Nord,Universitetssykehuset Nord-Norge,"Pasientreisekontoret ved Universitetssykehuset Nord-Norge, Tromsø"
9024,Troms,Helse Nord,Universitetssykehuset Nord-Norge,"Pasientreisekontoret ved Universitetssykehuset Nord-Norge, Tromsø"
9027,Troms,Helse Nord,Universitetssykehuset Nord-Norge,"Pasientreisekontoret ved Universitetssykehuset Nord-Norge, Tromsø"
9029,Troms,Helse Nord,Universitetssykehuset Nord-Norge,"Pasientreisekontoret ved Universitetssykehuset Nord-Norge, Tromsø"
9030,Troms,Helse Nord,Universitetssykehuset Nord-Norge,"Pasientreisekontoret ved Universitetssykehuset Nord-Norge, Tromsø"
9034,Troms,Helse Nord,Universitetssykehuset Nord-Norge,"Pasientreisekontoret ved Universitetssykehuset Nord-Norge, Tromsø"
9037,Troms,Helse Nord,Universitetssykehuset Nord-Norge,"Pasientreisekontoret ved Universitetssykehuset Nord-Norge, Tromsø"
9038,Troms,Helse Nord,Universitetssykehuset Nord-Norge,"Pasientreisekontoret ved Universitetssykehuset Nord-Norge, Tromsø"
9040,Troms,Helse Nord,Universitetssykehuset Nord-Norge,"Pasientreisekontoret ved Universitetssykehuset Nord-Norge, Tromsø"
9042,Troms,Helse Nord,Universitetssykehuset Nord-Norge,"Pasientreisekontoret ved Universitetssykehuset Nord-Norge, Tromsø"
9043,Troms,Helse Nord,Universitetssykehuset Nord-Norge,"Pasientreisekontoret ved Universitetssykehuset Nord-Norge, Tromsø"
9046,Troms,Helse Nord,Universitetssykehuset Nord-Norge,"Pasientreisekontoret ved Universitetssykehuset Nord-Norge, Tromsø"
9049,Troms,Helse Nord,Universitetssykehuset Nord-Norge,"Pasientreisekontoret ved Universitetssykehuset Nord-Norge, Tromsø"
9050,Troms,Helse Nord,Universitetssykehuset Nord-Norge,"Pasientreisekontoret ved Universitetssykehuset Nord-Norge, Tromsø"
9054,Troms,Helse Nord,Universitetssykehuset Nord-Norge,"Pasientreisekontoret ved Universitetssykehuset Nord-Norge, Tromsø"
9055,Troms,Helse Nord,Universitetssykehuset Nord-Norge,"Pasientreisekontoret ved Universitetssykehuset Nord-Norge, Tromsø"
9056,Troms,Helse Nord,Universitetssykehuset Nord-Norge,"Pasientreisekontoret ved Universitetssykehuset Nord-Norge, Tromsø"
9057,Troms,Helse Nord,Universitetssykehuset Nord-Norge,"Pasientreisekontoret ved Universitetssykehuset Nord-Norge, Tromsø"
9059,Troms,Helse Nord,Universitetssykehuset Nord-Norge,"Pasientreisekontoret ved Universitetssykehuset Nord-Norge, Tromsø"
9060,Troms,Helse Nord,Universitetssykehuset Nord-Norge,"Pasientreisekontoret ved Universitetssykehuset Nord-Norge, Tromsø"
9062,Troms,Helse Nord,Universitetssykehuset Nord-Norge,"Pasientreisekontoret ved Universitetssykehuset Nord-Norge, Tromsø"
9064,Troms,Helse Nord,Universitetssykehuset Nord-Norge,"Pasientreisekontoret ved Universitetssykehuset Nord-Norge, Tromsø"
9068,Troms,Helse Nord,Universitetssykehuset Nord-Norge,"Pasientreisekontoret ved Universitetssykehuset Nord-Norge, Tromsø"
9069,Troms,Helse Nord,Universitetssykehuset Nord-Norge,"Pasientreisekontoret ved Universitetssykehuset Nord-Norge, Tromsø"
9100,Troms,Helse Nord,Universitetssykehuset Nord-Norge,"Pasientreisekontoret ved Universitetssykehuset Nord-Norge, Tromsø"
9101,Troms,Helse Nord,Universitetssykehuset Nord-Norge,"Pasientreisekontoret ved Universitetssykehuset Nord-Norge, Tromsø"
9102,Troms,Helse Nord,Universitetssykehuset Nord-Norge,"Pasientreisekontoret ved Universitetssykehuset Nord-Norge, Tromsø"
9103,Troms,Helse Nord,Universitetssykehuset Nord-Norge,"Pasientreisekontoret ved Universitetssykehuset Nord-Norge, Tromsø"
9104,Troms,Helse Nord,Universitetssykehuset Nord-Norge,"Pasientreisekontoret ved Universitetssykehuset Nord-Norge, Tromsø"
9105,Troms,Helse Nord,Universitetssykehuset Nord-Norge,"Pasientreisekontoret ved Universitetssykehuset Nord-Norge, Tromsø"
9106,Troms,Helse Nord,Universitetssykehuset Nord-Norge,"Pasientreisekontoret ved Universitetssykehuset Nord-Norge, Tromsø"
9107,Troms,Helse Nord,Universitetssykehuset Nord-Norge,"Pasientreisekontoret ved Universitetssykehuset Nord-Norge, Tromsø"
9108,Troms,Helse Nord,Universitetssykehuset Nord-Norge,"Pasientreisekontoret ved Universitetssykehuset Nord-Norge, Tromsø"
9110,Troms,Helse Nord,Universitetssykehuset Nord-Norge,"Pasientreisekontoret ved Universitetssykehuset Nord-Norge, Tromsø"
9118,Troms,Helse Nord,Universitetssykehuset Nord-Norge,"Pasientreisekontoret ved Universitetssykehuset Nord-Norge, Tromsø"
9119,Troms,Helse Nord,Universitetssykehuset Nord-Norge,"Pasientreisekontoret ved Universitetssykehuset Nord-Norge, Tromsø"
9120,Troms,Helse Nord,Universitetssykehuset Nord-Norge,"Pasientreisekontoret ved Universitetssykehuset Nord-Norge, Tromsø"
9128,Troms,Helse Nord,Universitetssykehuset Nord-Norge,"Pasientreisekontoret ved Universitetssykehuset Nord-Norge, Tromsø"
9130,Troms,Helse Nord,Universitetssykehuset Nord-Norge,"Pasientreisekontoret ved Universitetssykehuset Nord-Norge, Tromsø"
9131,Troms,Helse Nord,Universitetssykehuset Nord-Norge,"Pasientreisekontoret ved Universitetssykehuset Nord-Norge, Tromsø"
9132,Troms,Helse Nord,Universitetssykehuset Nord-Norge,"Pasientreisekontoret ved Universitetssykehuset Nord-Norge, Tromsø"
9134,Troms,Helse Nord,Universitetssykehuset Nord-Norge,"Pasientreisekontoret ved Universitetssykehuset Nord-Norge, Tromsø"
9135,Troms,Helse Nord,Universitetssykehuset Nord-Norge,"Pasientreisekontoret ved Universitetssykehuset Nord-Norge, Tromsø"
9136,Troms,Helse Nord,Universitetssykehuset Nord-Norge,"Pasientreisekontoret ved Universitetssykehuset Nord-Norge, Tromsø"
9137,Troms,Helse Nord,Universitetssykehuset Nord-Norge,"Pasientreisekontoret ved Universitetssykehuset Nord-Norge, Tromsø"
9138,Troms,Helse Nord,Universitetssykehuset Nord-Norge,"Pasientreisekontoret ved Universitetssykehuset Nord-Norge, Tromsø"
9140,Troms,Helse Nord,Universitetssykehuset Nord-Norge,"Pasientreisekontoret ved Universitetssykehuset Nord-Norge, Tromsø"
9141,Troms,Helse Nord,Universitetssykehuset Nord-Norge,"Pasientreisekontoret ved Universitetssykehuset Nord-Norge, Tromsø"
9142,Troms,Helse Nord,Universitetssykehuset Nord-Norge,"Pasientreisekontoret ved Universitetssykehuset Nord-Norge, Tromsø"
9143,Troms,Helse Nord,Universitetssykehuset Nord-Norge,"Pasientreisekontoret ved Universitetssykehuset Nord-Norge, Tromsø"
9144,Troms,Helse Nord,Universitetssykehuset Nord-Norge,"Pasientreisekontoret ved Universitetssykehuset Nord-Norge, Tromsø"
9146,Troms,Helse Nord,Universitetssykehuset Nord-Norge,"Pasientreisekontoret ved Universitetssykehuset Nord-Norge, Tromsø"
9147,Troms,Helse Nord,Universitetssykehuset Nord-Norge,"Pasientreisekontoret ved Universitetssykehuset Nord-Norge, Tromsø"
9148,Troms,Helse Nord,Universitetssykehuset Nord-Norge,"Pasientreisekontoret ved Universitetssykehuset Nord-Norge, Tromsø"
9151,Troms,Helse Nord,Universitetssykehuset Nord-Norge,"Pasientreisekontoret ved Universitetssykehuset Nord-Norge, Tromsø"
9152,Troms,Helse Nord,Universitetssykehuset Nord-Norge,"Pasientreisekontoret ved Universitetssykehuset Nord-Norge, Tromsø"
9153,Troms,Helse Nord,Universitetssykehuset Nord-Norge,"Pasientreisekontoret ved Universitetssykehuset Nord-Norge, Tromsø"
9156,Troms,Helse Nord,Universitetssykehuset Nord-Norge,"Pasientreisekontoret ved Universitetssykehuset Nord-Norge, Tromsø"
9159,Troms,Helse Nord,Universitetssykehuset Nord-Norge,"Pasientreisekontoret ved Universitetssykehuset Nord-Norge, Tromsø"
9161,Troms,Helse Nord,Universitetssykehuset Nord-Norge,"Pasientreisekontoret ved Universitetssykehuset Nord-Norge, Tromsø"
9162,Troms,Helse Nord,Universitetssykehuset Nord-Norge,"Pasientreisekontoret ved Universitetssykehuset Nord-Norge, Tromsø"
9163,Troms,Helse Nord,Universitetssykehuset Nord-Norge,"Pasientreisekontoret ved Universitetssykehuset Nord-Norge, Tromsø"
9164,Troms,Helse Nord,Universitetssykehuset Nord-Norge,"Pasientreisekontoret ved Universitetssykehuset Nord-Norge, Tromsø"
9169,Troms,Helse Nord,Universitetssykehuset Nord-Norge,"Pasientreisekontoret ved Universitetssykehuset Nord-Norge, Tromsø"
9180,Troms,Helse Nord,Universitetssykehuset Nord-Norge,"Pasientreisekontoret ved Universitetssykehuset Nord-Norge, Tromsø"
9181,Troms,Helse Nord,Universitetssykehuset Nord-Norge,"Pasientreisekontoret ved Universitetssykehuset Nord-Norge, Tromsø"
9182,Troms,Helse Nord,Universitetssykehuset Nord-Norge,"Pasientreisekontoret ved Universitetssykehuset Nord-Norge, Tromsø"
9184,Troms,Helse Nord,Universitetssykehuset Nord-Norge,"Pasientreisekontoret ved Universitetssykehuset Nord-Norge, Tromsø"
9185,Troms,Helse Nord,Universitetssykehuset Nord-Norge,"Pasientreisekontoret ved Universitetssykehuset Nord-Norge, Tromsø"
9186,Troms,Helse Nord,Universitetssykehuset Nord-Norge,"Pasientreisekontoret ved Universitetssykehuset Nord-Norge, Tromsø"
9187,Troms,Helse Nord,Universitetssykehuset Nord-Norge,"Pasientreisekontoret ved Universitetssykehuset Nord-Norge, Tromsø"
9189,Troms,Helse Nord,Universitetssykehuset Nord-Norge,"Pasientreisekontoret ved Universitetssykehuset Nord-Norge, Tromsø"
9190,Troms,Helse Nord,Universitetssykehuset Nord-Norge,"Pasientreisekontoret ved Universitetssykehuset Nord-Norge, Tromsø"
9192,Troms,Helse Nord,Universitetssykehuset Nord-Norge,"Pasientreisekontoret ved Universitetssykehuset Nord-Norge, Tromsø"
9193,Troms,Helse Nord,Universitetssykehuset Nord-Norge,"Pasientreisekontoret ved Universitetssykehuset Nord-Norge, Tromsø"
9194,Troms,Helse Nord,Universitetssykehuset Nord-Norge,"Pasientreisekontoret ved Universitetssykehuset Nord-Norge, Tromsø"
9195,Troms,Helse Nord,Universitetssykehuset Nord-Norge,"Pasientreisekontoret ved Universitetssykehuset Nord-Norge, Tromsø"
9197,Troms,Helse Nord,Universitetssykehuset Nord-Norge,"Pasientreisekontoret ved Universitetssykehuset Nord-Norge, Tromsø"
9251,Troms,Helse Nord,Universitetssykehuset Nord-Norge,"Pasientreisekontoret ved Universitetssykehuset Nord-Norge, Tromsø"
9252,Troms,Helse Nord,Universitetssykehuset Nord-Norge,"Pasientreisekontoret ved Universitetssykehuset Nord-Norge, Tromsø"
9253,Troms,Helse Nord,Universitetssykehuset Nord-Norge,"Pasientreisekontoret ved Universitetssykehuset Nord-Norge, Tromsø"
9254,Troms,Helse Nord,Universitetssykehuset Nord-Norge,"Pasientreisekontoret ved Universitetssykehuset Nord-Norge, Tromsø"
9255,Troms,Helse Nord,Universitetssykehuset Nord-Norge,"Pasientreisekontoret ved Universitetssykehuset Nord-Norge, Tromsø"
9256,Troms,Helse Nord,Universitetssykehuset Nord-Norge,"Pasientreisekontoret ved Universitetssykehuset Nord-Norge, Tromsø"
9257,Troms,Helse Nord,Universitetssykehuset Nord-Norge,"Pasientreisekontoret ved Universitetssykehuset Nord-Norge, Tromsø"
9258,Troms,Helse Nord,Universitetssykehuset Nord-Norge,"Pasientreisekontoret ved Universitetssykehuset Nord-Norge, Tromsø"
9259,Troms,Helse Nord,Universitetssykehuset Nord-Norge,"Pasientreisekontoret ved Universitetssykehuset Nord-Norge, Tromsø"
9260,Troms,Helse Nord,Universitetssykehuset Nord-Norge,"Pasientreisekontoret ved Universitetssykehuset Nord-Norge, Tromsø"
9261,Troms,Helse Nord,Universitetssykehuset Nord-Norge,"Pasientreisekontoret ved Universitetssykehuset Nord-Norge, Tromsø"
9262,Troms,Helse Nord,Universitetssykehuset Nord-Norge,"Pasientreisekontoret ved Universitetssykehuset Nord-Norge, Tromsø"
9263,Troms,Helse Nord,Universitetssykehuset Nord-Norge,"Pasientreisekontoret ved Universitetssykehuset Nord-Norge, Tromsø"
9265,Troms,Helse Nord,Universitetssykehuset Nord-Norge,"Pasientreisekontoret ved Universitetssykehuset Nord-Norge, Tromsø"
9266,Troms,Helse Nord,Universitetssykehuset Nord-Norge,"Pasientreisekontoret ved Universitetssykehuset Nord-Norge, Tromsø"
9267,Troms,Helse Nord,Universitetssykehuset Nord-Norge,"Pasientreisekontoret ved Universitetssykehuset Nord-Norge, Tromsø"
9268,Troms,Helse Nord,Universitetssykehuset Nord-Norge,"Pasientreisekontoret ved Universitetssykehuset Nord-Norge, Tromsø"
9269,Troms,Helse Nord,Universitetssykehuset Nord-Norge,"Pasientreisekontoret ved Universitetssykehuset Nord-Norge, Tromsø"
9270,Troms,Helse Nord,Universitetssykehuset Nord-Norge,"Pasientreisekontoret ved Universitetssykehuset Nord-Norge, Tromsø"
9271,Troms,Helse Nord,Universitetssykehuset Nord-Norge,"Pasientreisekontoret ved Universitetssykehuset Nord-Norge, Tromsø"
9272,Troms,Helse Nord,Universitetssykehuset Nord-Norge,"Pasientreisekontoret ved Universitetssykehuset Nord-Norge, Tromsø"
9273,Troms,Helse Nord,Universitetssykehuset Nord-Norge,"Pasientreisekontoret ved Universitetssykehuset Nord-Norge, Tromsø"
9274,Troms,Helse Nord,Universitetssykehuset Nord-Norge,"Pasientreisekontoret ved Universitetssykehuset Nord-Norge, Tromsø"
9275,Troms,Helse Nord,Universitetssykehuset Nord-Norge,"Pasientreisekontoret ved Universitetssykehuset Nord-Norge, Tromsø"
9276,Troms,Helse Nord,Universitetssykehuset Nord-Norge,"Pasientreisekontoret ved Universitetssykehuset Nord-Norge, Tromsø"
9277,Troms,Helse Nord,Universitetssykehuset Nord-Norge,"Pasientreisekontoret ved Universitetssykehuset Nord-Norge, Tromsø"
9278,Troms,Helse Nord,Universitetssykehuset Nord-Norge,"Pasientreisekontoret ved Universitetssykehuset Nord-Norge, Tromsø"
9279,Troms,Helse Nord,Universitetssykehuset Nord-Norge,"Pasientreisekontoret ved Universitetssykehuset Nord-Norge, Tromsø"
9280,Troms,Helse Nord,Universitetssykehuset Nord-Norge,"Pasientreisekontoret ved Universitetssykehuset Nord-Norge, Tromsø"
9281,Troms,Helse Nord,Universitetssykehuset Nord-Norge,"Pasientreisekontoret ved Universitetssykehuset Nord-Norge, Tromsø"
9282,Troms,Helse Nord,Universitetssykehuset Nord-Norge,"Pasientreisekontoret ved Universitetssykehuset Nord-Norge, Tromsø"
9283,Troms,Helse Nord,Universitetssykehuset Nord-Norge,"Pasientreisekontoret ved Universitetssykehuset Nord-Norge, Tromsø"
9284,Troms,Helse Nord,Universitetssykehuset Nord-Norge,"Pasientreisekontoret ved Universitetssykehuset Nord-Norge, Tromsø"
9285,Troms,Helse Nord,Universitetssykehuset Nord-Norge,"Pasientreisekontoret ved Universitetssykehuset Nord-Norge, Tromsø"
9286,Troms,Helse Nord,Universitetssykehuset Nord-Norge,"Pasientreisekontoret ved Universitetssykehuset Nord-Norge, Tromsø"
9287,Troms,Helse Nord,Universitetssykehuset Nord-Norge,"Pasientreisekontoret ved Universitetssykehuset Nord-Norge, Tromsø"
9288,Troms,Helse Nord,Universitetssykehuset Nord-Norge,"Pasientreisekontoret ved Universitetssykehuset Nord-Norge, Tromsø"
9290,Troms,Helse Nord,Universitetssykehuset Nord-Norge,"Pasientreisekontoret ved Universitetssykehuset Nord-Norge, Tromsø"
9291,Troms,Helse Nord,Universitetssykehuset Nord-Norge,"Pasientreisekontoret ved Universitetssykehuset Nord-Norge, Tromsø"
9292,Troms,Helse Nord,Universitetssykehuset Nord-Norge,"Pasientreisekontoret ved Universitetssykehuset Nord-Norge, Tromsø"
9293,Troms,Helse Nord,Universitetssykehuset Nord-Norge,"Pasientreisekontoret ved Universitetssykehuset Nord-Norge, Tromsø"
9294,Troms,Helse Nord,Universitetssykehuset Nord-Norge,"Pasientreisekontoret ved Universitetssykehuset Nord-Norge, Tromsø"
9296,Troms,Helse Nord,Universitetssykehuset Nord-Norge,"Pasientreisekontoret ved Universitetssykehuset Nord-Norge, Tromsø"
9297,Troms,Helse Nord,Universitetssykehuset Nord-Norge,"Pasientreisekontoret ved Universitetssykehuset Nord-Norge, Tromsø"
9298,Troms,Helse Nord,Universitetssykehuset Nord-Norge,"Pasientreisekontoret ved Universitetssykehuset Nord-Norge, Tromsø"
9299,Troms,Helse Nord,Universitetssykehuset Nord-Norge,"Pasientreisekontoret ved Universitetssykehuset Nord-Norge, Tromsø"
9300,Troms,Helse Nord,Universitetssykehuset Nord-Norge,"Pasientreisekontoret ved Universitetssykehuset Nord-Norge, Tromsø"
9302,Troms,Helse Nord,Universitetssykehuset Nord-Norge,"Pasientreisekontoret ved Universitetssykehuset Nord-Norge, Tromsø"
9303,Troms,Helse Nord,Universitetssykehuset Nord-Norge,"Pasientreisekontoret ved Universitetssykehuset Nord-Norge, Tromsø"
9304,Troms,Helse Nord,Universitetssykehuset Nord-Norge,"Pasientreisekontoret ved Universitetssykehuset Nord-Norge, Tromsø"
9305,Troms,Helse Nord,Universitetssykehuset Nord-Norge,"Pasientreisekontoret ved Universitetssykehuset Nord-Norge, Tromsø"
9306,Troms,Helse Nord,Universitetssykehuset Nord-Norge,"Pasientreisekontoret ved Universitetssykehuset Nord-Norge, Tromsø"
9310,Troms,Helse Nord,Universitetssykehuset Nord-Norge,"Pasientreisekontoret ved Universitetssykehuset Nord-Norge, Tromsø"
9311,Troms,Helse Nord,Universitetssykehuset Nord-Norge,"Pasientreisekontoret ved Universitetssykehuset Nord-Norge, Tromsø"
9315,Troms,Helse Nord,Universitetssykehuset Nord-Norge,"Pasientreisekontoret ved Universitetssykehuset Nord-Norge, Tromsø"
9316,Troms,Helse Nord,Universitetssykehuset Nord-Norge,"Pasientreisekontoret ved Universitetssykehuset Nord-Norge, Tromsø"
9321,Troms,Helse Nord,Universitetssykehuset Nord-Norge,"Pasientreisekontoret ved Universitetssykehuset Nord-Norge, Tromsø"
9322,Troms,Helse Nord,Universitetssykehuset Nord-Norge,"Pasientreisekontoret ved Universitetssykehuset Nord-Norge, Tromsø"
9325,Troms,Helse Nord,Universitetssykehuset Nord-Norge,"Pasientreisekontoret ved Universitetssykehuset Nord-Norge, Tromsø"
9326,Troms,Helse Nord,Universitetssykehuset Nord-Norge,"Pasientreisekontoret ved Universitetssykehuset Nord-Norge, Tromsø"
9327,Troms,Helse Nord,Universitetssykehuset Nord-Norge,"Pasientreisekontoret ved Universitetssykehuset Nord-Norge, Tromsø"
9329,Troms,Helse Nord,Universitetssykehuset Nord-Norge,"Pasientreisekontoret ved Universitetssykehuset Nord-Norge, Tromsø"
9334,Troms,Helse Nord,Universitetssykehuset Nord-Norge,"Pasientreisekontoret ved Universitetssykehuset Nord-Norge, Tromsø"
9335,Troms,Helse Nord,Universitetssykehuset Nord-Norge,"Pasientreisekontoret ved Universitetssykehuset Nord-Norge, Tromsø"
9336,Troms,Helse Nord,Universitetssykehuset Nord-Norge,"Pasientreisekontoret ved Universitetssykehuset Nord-Norge, Tromsø"
9350,Troms,Helse Nord,Universitetssykehuset Nord-Norge,"Pasientreisekontoret ved Universitetssykehuset Nord-Norge, Tromsø"
9355,Troms,Helse Nord,Universitetssykehuset Nord-Norge,"Pasientreisekontoret ved Universitetssykehuset Nord-Norge, Tromsø"
9357,Troms,Helse Nord,Universitetssykehuset Nord-Norge,"Pasientreisekontoret ved Universitetssykehuset Nord-Norge, Tromsø"
9358,Troms,Helse Nord,Universitetssykehuset Nord-Norge,"Pasientreisekontoret ved Universitetssykehuset Nord-Norge, Tromsø"
9360,Troms,Helse Nord,Universitetssykehuset Nord-Norge,"Pasientreisekontoret ved Universitetssykehuset Nord-Norge, Tromsø"
9365,Troms,Helse Nord,Universitetssykehuset Nord-Norge,"Pasientreisekontoret ved Universitetssykehuset Nord-Norge, Tromsø"
9370,Troms,Helse Nord,Universitetssykehuset Nord-Norge,"Pasientreisekontoret ved Universitetssykehuset Nord-Norge, Tromsø"
9372,Troms,Helse Nord,Universitetssykehuset Nord-Norge,"Pasientreisekontoret ved Universitetssykehuset Nord-Norge, Tromsø"
9373,Troms,Helse Nord,Universitetssykehuset Nord-Norge,"Pasientreisekontoret ved Universitetssykehuset Nord-Norge, Tromsø"
9376,Troms,Helse Nord,Universitetssykehuset Nord-Norge,"Pasientreisekontoret ved Universitetssykehuset Nord-Norge, Tromsø"
9379,Troms,Helse Nord,Universitetssykehuset Nord-Norge,"Pasientreisekontoret ved Universitetssykehuset Nord-Norge, Tromsø"
9380,Troms,Helse Nord,Universitetssykehuset Nord-Norge,"Pasientreisekontoret ved Universitetssykehuset Nord-Norge, Tromsø"
9381,Troms,Helse Nord,Universitetssykehuset Nord-Norge,"Pasientreisekontoret ved Universitetssykehuset Nord-Norge, Tromsø"
9382,Troms,Helse Nord,Universitetssykehuset Nord-Norge,"Pasientreisekontoret ved Universitetssykehuset Nord-Norge, Tromsø"
9384,Troms,Helse Nord,Universitetssykehuset Nord-Norge,"Pasientreisekontoret ved Universitetssykehuset Nord-Norge, Tromsø"
9385,Troms,Helse Nord,Universitetssykehuset Nord-Norge,"Pasientreisekontoret ved Universitetssykehuset Nord-Norge, Tromsø"
9386,Troms,Helse Nord,Universitetssykehuset Nord-Norge,"Pasientreisekontoret ved Universitetssykehuset Nord-Norge, Tromsø"
9387,Troms,Helse Nord,Universitetssykehuset Nord-Norge,"Pasientreisekontoret ved Universitetssykehuset Nord-Norge, Tromsø"
9388,Troms,Helse Nord,Universitetssykehuset Nord-Norge,"Pasientreisekontoret ved Universitetssykehuset Nord-Norge, Tromsø"
9389,Troms,Helse Nord,Universitetssykehuset Nord-Norge,"Pasientreisekontoret ved Universitetssykehuset Nord-Norge, Tromsø"
9391,Troms,Helse Nord,Universitetssykehuset Nord-Norge,"Pasientreisekontoret ved Universitetssykehuset Nord-Norge, Tromsø"
9392,Troms,Helse Nord,Universitetssykehuset Nord-Norge,"Pasientreisekontoret ved Universitetssykehuset Nord-Norge, Tromsø"
9393,Troms,Helse Nord,Universitetssykehuset Nord-Norge,"Pasientreisekontoret ved Universitetssykehuset Nord-Norge, Tromsø"
9395,Troms,Helse Nord,Universitetssykehuset Nord-Norge,"Pasientreisekontoret ved Universitetssykehuset Nord-Norge, Tromsø"
9402,Troms,Helse Nord,Universitetssykehuset Nord-Norge,"Pasientreisekontoret ved Universitetssykehuset Nord-Norge, Tromsø"
9403,Troms,Helse Nord,Universitetssykehuset Nord-Norge,"Pasientreisekontoret ved Universitetssykehuset Nord-Norge, Tromsø"
9404,Troms,Helse Nord,Universitetssykehuset Nord-Norge,"Pasientreisekontoret ved Universitetssykehuset Nord-Norge, Tromsø"
9405,Troms,Helse Nord,Universitetssykehuset Nord-Norge,"Pasientreisekontoret ved Universitetssykehuset Nord-Norge, Tromsø"
9406,Troms,Helse Nord,Universitetssykehuset Nord-Norge,"Pasientreisekontoret ved Universitetssykehuset Nord-Norge, Tromsø"
9407,Troms,Helse Nord,Universitetssykehuset Nord-Norge,"Pasientreisekontoret ved Universitetssykehuset Nord-Norge, Tromsø"
9408,Troms,Helse Nord,Universitetssykehuset Nord-Norge,"Pasientreisekontoret ved Universitetssykehuset Nord-Norge, Tromsø"
9409,Troms,Helse Nord,Universitetssykehuset Nord-Norge,"Pasientreisekontoret ved Universitetssykehuset Nord-Norge, Tromsø"
9411,Troms,Helse Nord,Universitetssykehuset Nord-Norge,"Pasientreisekontoret ved Universitetssykehuset Nord-Norge, Tromsø"
9414,Troms,Helse Nord,Universitetssykehuset Nord-Norge,"Pasientreisekontoret ved Universitetssykehuset Nord-Norge, Tromsø"
9415,Troms,Helse Nord,Universitetssykehuset Nord-Norge,"Pasientreisekontoret ved Universitetssykehuset Nord-Norge, Tromsø"
9419,Troms,Helse Nord,Universitetssykehuset Nord-Norge,"Pasientreisekontoret ved Universitetssykehuset Nord-Norge, Tromsø"
9420,Troms,Helse Nord,Universitetssykehuset Nord-Norge,"Pasientreisekontoret ved Universitetssykehuset Nord-Norge, Tromsø"
9423,Troms,Helse Nord,Universitetssykehuset Nord-Norge,"Pasientreisekontoret ved Universitetssykehuset Nord-Norge, Tromsø"
9424,Troms,Helse Nord,Universitetssykehuset Nord-Norge,"Pasientreisekontoret ved Universitetssykehuset Nord-Norge, Tromsø"
9425,Troms,Helse Nord,Universitetssykehuset Nord-Norge,"Pasientreisekontoret ved Universitetssykehuset Nord-Norge, Tromsø"
9426,Troms,Helse Nord,Universitetssykehuset Nord-Norge,"Pasientreisekontoret ved Universitetssykehuset Nord-Norge, Tromsø"
9427,Troms,Helse Nord,Universitetssykehuset Nord-Norge,"Pasientreisekontoret ved Universitetssykehuset Nord-Norge, Tromsø"
9430,Troms,Helse Nord,Universitetssykehuset Nord-Norge,"Pasientreisekontoret ved Universitetssykehuset Nord-Norge, Tromsø"
9436,Troms,Helse Nord,Universitetssykehuset Nord-Norge,"Pasientreisekontoret ved Universitetssykehuset Nord-Norge, Tromsø"
9439,Troms,Helse Nord,Universitetssykehuset Nord-Norge,"Pasientreisekontoret ved Universitetssykehuset Nord-Norge, Tromsø"
9440,Troms,Helse Nord,Universitetssykehuset Nord-Norge,"Pasientreisekontoret ved Universitetssykehuset Nord-Norge, Tromsø"
9441,Troms,Helse Nord,Universitetssykehuset Nord-Norge,"Pasientreisekontoret ved Universitetssykehuset Nord-Norge, Tromsø"
9442,Troms,Helse Nord,Universitetssykehuset Nord-Norge,"Pasientreisekontoret ved Universitetssykehuset Nord-Norge, Tromsø"
9443,Troms,Helse Nord,Universitetssykehuset Nord-Norge,"Pasientreisekontoret ved Universitetssykehuset Nord-Norge, Tromsø"
9444,Troms,Helse Nord,Universitetssykehuset Nord-Norge,"Pasientreisekontoret ved Universitetssykehuset Nord-Norge, Tromsø"
9445,Troms,Helse Nord,Universitetssykehuset Nord-Norge,"Pasientreisekontoret ved Universitetssykehuset Nord-Norge, Tromsø"
9446,Troms,Helse Nord,Universitetssykehuset Nord-Norge,"Pasientreisekontoret ved Universitetssykehuset Nord-Norge, Tromsø"
9447,Troms,Helse Nord,Universitetssykehuset Nord-Norge,"Pasientreisekontoret ved Universitetssykehuset Nord-Norge, Tromsø"
9448,Troms,Helse Nord,Universitetssykehuset Nord-Norge,"Pasientreisekontoret ved Universitetssykehuset Nord-Norge, Tromsø"
9450,Troms,Helse Nord,Universitetssykehuset Nord-Norge,"Pasientreisekontoret ved Universitetssykehuset Nord-Norge, Tromsø"
9451,Troms,Helse Nord,Universitetssykehuset Nord-Norge,"Pasientreisekontoret ved Universitetssykehuset Nord-Norge, Tromsø"
9453,Troms,Helse Nord,Universitetssykehuset Nord-Norge,"Pasientreisekontoret ved Universitetssykehuset Nord-Norge, Tromsø"
9454,Troms,Helse Nord,Universitetssykehuset Nord-Norge,"Pasientreisekontoret ved Universitetssykehuset Nord-Norge, Tromsø"
9455,Troms,Helse Nord,Universitetssykehuset Nord-Norge,"Pasientreisekontoret ved Universitetssykehuset Nord-Norge, Tromsø"
9470,Troms,Helse Nord,Universitetssykehuset Nord-Norge,"Pasientreisekontoret ved Universitetssykehuset Nord-Norge, Tromsø"
9471,Troms,Helse Nord,Universitetssykehuset Nord-Norge,"Pasientreisekontoret ved Universitetssykehuset Nord-Norge, Tromsø"
9475,Troms,Helse Nord,Universitetssykehuset Nord-Norge,"Pasientreisekontoret ved Universitetssykehuset Nord-Norge, Tromsø"
9476,Troms,Helse Nord,Universitetssykehuset Nord-Norge,"Pasientreisekontoret ved Universitetssykehuset Nord-Norge, Tromsø"
9479,Troms,Helse Nord,Universitetssykehuset Nord-Norge,"Pasientreisekontoret ved Universitetssykehuset Nord-Norge, Tromsø"
9480,Troms,Helse Nord,Universitetssykehuset Nord-Norge,"Pasientreisekontoret ved Universitetssykehuset Nord-Norge, Tromsø"
9481,Troms,Helse Nord,Universitetssykehuset Nord-Norge,"Pasientreisekontoret ved Universitetssykehuset Nord-Norge, Tromsø"
9482,Troms,Helse Nord,Universitetssykehuset Nord-Norge,"Pasientreisekontoret ved Universitetssykehuset Nord-Norge, Tromsø"
9483,Troms,Helse Nord,Universitetssykehuset Nord-Norge,"Pasientreisekontoret ved Universitetssykehuset Nord-Norge, Tromsø"
9484,Troms,Helse Nord,Universitetssykehuset Nord-Norge,"Pasientreisekontoret ved Universitetssykehuset Nord-Norge, Tromsø"
9485,Troms,Helse Nord,Universitetssykehuset Nord-Norge,"Pasientreisekontoret ved Universitetssykehuset Nord-Norge, Tromsø"
9486,Troms,Helse Nord,Universitetssykehuset Nord-Norge,"Pasientreisekontoret ved Universitetssykehuset Nord-Norge, Tromsø"
9487,Troms,Helse Nord,Universitetssykehuset Nord-Norge,"Pasientreisekontoret ved Universitetssykehuset Nord-Norge, Tromsø"
9488,Troms,Helse Nord,Universitetssykehuset Nord-Norge,"Pasientreisekontoret ved Universitetssykehuset Nord-Norge, Tromsø"
9489,Troms,Helse Nord,Universitetssykehuset Nord-Norge,"Pasientreisekontoret ved Universitetssykehuset Nord-Norge, Tromsø"
9496,Troms,Helse Nord,Universitetssykehuset Nord-Norge,"Pasientreisekontoret ved Universitetssykehuset Nord-Norge, Tromsø"
9497,Troms,Helse Nord,Universitetssykehuset Nord-Norge,"Pasientreisekontoret ved Universitetssykehuset Nord-Norge, Tromsø"
9498,Troms,Helse Nord,Universitetssykehuset Nord-Norge,"Pasientreisekontoret ved Universitetssykehuset Nord-Norge, Tromsø"
9499,Troms,Helse Nord,Universitetssykehuset Nord-Norge,"Pasientreisekontoret ved Universitetssykehuset Nord-Norge, Tromsø"
9501,Finnmark,Helse Nord,Finnmark,Pasientreisekontoret  ved Hammerfest Sykehus
9502,Finnmark,Helse Nord,Finnmark,Pasientreisekontoret  ved Hammerfest Sykehus
9503,Finnmark,Helse Nord,Finnmark,Pasientreisekontoret  ved Hammerfest Sykehus
9504,Finnmark,Helse Nord,Finnmark,Pasientreisekontoret  ved Hammerfest Sykehus
9505,Finnmark,Helse Nord,Finnmark,Pasientreisekontoret  ved Hammerfest Sykehus
9506,Finnmark,Helse Nord,Finnmark,Pasientreisekontoret  ved Hammerfest Sykehus
9507,Finnmark,Helse Nord,Finnmark,Pasientreisekontoret  ved Hammerfest Sykehus
9508,Finnmark,Helse Nord,Finnmark,Pasientreisekontoret  ved Hammerfest Sykehus
9509,Finnmark,Helse Nord,Finnmark,Pasientreisekontoret  ved Hammerfest Sykehus
9510,Finnmark,Helse Nord,Finnmark,Pasientreisekontoret  ved Hammerfest Sykehus
9511,Finnmark,Helse Nord,Finnmark,Pasientreisekontoret  ved Hammerfest Sykehus
9512,Finnmark,Helse Nord,Finnmark,Pasientreisekontoret  ved Hammerfest Sykehus
9513,Finnmark,Helse Nord,Finnmark,Pasientreisekontoret  ved Hammerfest Sykehus
9514,Finnmark,Helse Nord,Finnmark,Pasientreisekontoret  ved Hammerfest Sykehus
9515,Finnmark,Helse Nord,Finnmark,Pasientreisekontoret  ved Hammerfest Sykehus
9516,Finnmark,Helse Nord,Finnmark,Pasientreisekontoret  ved Hammerfest Sykehus
9517,Finnmark,Helse Nord,Finnmark,Pasientreisekontoret  ved Hammerfest Sykehus
9518,Finnmark,Helse Nord,Finnmark,Pasientreisekontoret  ved Hammerfest Sykehus
9519,Finnmark,Helse Nord,Finnmark,Pasientreisekontoret  ved Hammerfest Sykehus
9520,Finnmark,Helse Nord,Finnmark,Pasientreisekontoret  ved Hammerfest Sykehus
9521,Finnmark,Helse Nord,Finnmark,Pasientreisekontoret  ved Hammerfest Sykehus
9525,Finnmark,Helse Nord,Finnmark,Pasientreisekontoret  ved Hammerfest Sykehus
9526,Finnmark,Helse Nord,Finnmark,Pasientreisekontoret  ved Hammerfest Sykehus
9531,Finnmark,Helse Nord,Finnmark,Pasientreisekontoret  ved Hammerfest Sykehus
9532,Finnmark,Helse Nord,Finnmark,Pasientreisekontoret  ved Hammerfest Sykehus
9533,Finnmark,Helse Nord,Finnmark,Pasientreisekontoret  ved Hammerfest Sykehus
9536,Finnmark,Helse Nord,Finnmark,Pasientreisekontoret  ved Hammerfest Sykehus
9540,Finnmark,Helse Nord,Finnmark,Pasientreisekontoret  ved Hammerfest Sykehus
9545,Finnmark,Helse Nord,Finnmark,Pasientreisekontoret  ved Hammerfest Sykehus
9550,Finnmark,Helse Nord,Finnmark,Pasientreisekontoret  ved Hammerfest Sykehus
9551,Finnmark,Helse Nord,Finnmark,Pasientreisekontoret  ved Hammerfest Sykehus
9580,Finnmark,Helse Nord,Finnmark,Pasientreisekontoret  ved Hammerfest Sykehus
9582,Finnmark,Helse Nord,Finnmark,Pasientreisekontoret  ved Hammerfest Sykehus
9583,Finnmark,Helse Nord,Finnmark,Pasientreisekontoret  ved Hammerfest Sykehus
9584,Finnmark,Helse Nord,Finnmark,Pasientreisekontoret  ved Hammerfest Sykehus
9585,Finnmark,Helse Nord,Finnmark,Pasientreisekontoret  ved Hammerfest Sykehus
9586,Finnmark,Helse Nord,Finnmark,Pasientreisekontoret  ved Hammerfest Sykehus
9587,Finnmark,Helse Nord,Finnmark,Pasientreisekontoret  ved Hammerfest Sykehus
9590,Finnmark,Helse Nord,Finnmark,Pasientreisekontoret  ved Hammerfest Sykehus
9593,Finnmark,Helse Nord,Finnmark,Pasientreisekontoret  ved Hammerfest Sykehus
9595,Finnmark,Helse Nord,Finnmark,Pasientreisekontoret  ved Hammerfest Sykehus
9600,Finnmark,Helse Nord,Finnmark,Pasientreisekontoret  ved Hammerfest Sykehus
9609,Finnmark,Helse Nord,Finnmark,Pasientreisekontoret  ved Hammerfest Sykehus
9610,Finnmark,Helse Nord,Finnmark,Pasientreisekontoret  ved Hammerfest Sykehus
9613,Finnmark,Helse Nord,Finnmark,Pasientreisekontoret  ved Hammerfest Sykehus
9615,Finnmark,Helse Nord,Finnmark,Pasientreisekontoret  ved Hammerfest Sykehus
9616,Finnmark,Helse Nord,Finnmark,Pasientreisekontoret  ved Hammerfest Sykehus
9620,Finnmark,Helse Nord,Finnmark,Pasientreisekontoret  ved Hammerfest Sykehus
9621,Finnmark,Helse Nord,Finnmark,Pasientreisekontoret  ved Hammerfest Sykehus
9624,Finnmark,Helse Nord,Finnmark,Pasientreisekontoret  ved Hammerfest Sykehus
9650,Finnmark,Helse Nord,Finnmark,Pasientreisekontoret  ved Hammerfest Sykehus
9653,Finnmark,Helse Nord,Finnmark,Pasientreisekontoret  ved Hammerfest Sykehus
9657,Finnmark,Helse Nord,Finnmark,Pasientreisekontoret  ved Hammerfest Sykehus
9664,Finnmark,Helse Nord,Finnmark,Pasientreisekontoret  ved Hammerfest Sykehus
9670,Finnmark,Helse Nord,Finnmark,Pasientreisekontoret  ved Hammerfest Sykehus
9672,Finnmark,Helse Nord,Finnmark,Pasientreisekontoret  ved Hammerfest Sykehus
9690,Finnmark,Helse Nord,Finnmark,Pasientreisekontoret  ved Hammerfest Sykehus
9691,Finnmark,Helse Nord,Finnmark,Pasientreisekontoret  ved Hammerfest Sykehus
9692,Finnmark,Helse Nord,Finnmark,Pasientreisekontoret  ved Hammerfest Sykehus
9700,Finnmark,Helse Nord,Finnmark,Pasientreisekontoret  ved Hammerfest Sykehus
9709,Finnmark,Helse Nord,Finnmark,Pasientreisekontoret  ved Hammerfest Sykehus
9710,Finnmark,Helse Nord,Finnmark,Pasientreisekontoret  ved Hammerfest Sykehus
9711,Finnmark,Helse Nord,Finnmark,Pasientreisekontoret  ved Hammerfest Sykehus
9712,Finnmark,Helse Nord,Finnmark,Pasientreisekontoret  ved Hammerfest Sykehus
9713,Finnmark,Helse Nord,Finnmark,Pasientreisekontoret  ved Hammerfest Sykehus
9714,Finnmark,Helse Nord,Finnmark,Pasientreisekontoret  ved Hammerfest Sykehus
9715,Finnmark,Helse Nord,Finnmark,Pasientreisekontoret  ved Hammerfest Sykehus
9716,Finnmark,Helse Nord,Finnmark,Pasientreisekontoret  ved Hammerfest Sykehus
9717,Finnmark,Helse Nord,Finnmark,Pasientreisekontoret  ved Hammerfest Sykehus
9722,Finnmark,Helse Nord,Finnmark,Pasientreisekontoret  ved Hammerfest Sykehus
9730,Finnmark,Helse Nord,Finnmark,Pasientreisekontoret  ved Hammerfest Sykehus
9735,Finnmark,Helse Nord,Finnmark,Pasientreisekontoret  ved Hammerfest Sykehus
9740,Finnmark,Helse Nord,Finnmark,Pasientreisekontoret  ved Hammerfest Sykehus
9742,Finnmark,Helse Nord,Finnmark,Pasientreisekontoret  ved Hammerfest Sykehus
9750,Finnmark,Helse Nord,Finnmark,Pasientreisekontoret  ved Hammerfest Sykehus
9751,Finnmark,Helse Nord,Finnmark,Pasientreisekontoret  ved Hammerfest Sykehus
9755,Finnmark,Helse Nord,Finnmark,Pasientreisekontoret  ved Hammerfest Sykehus
9760,Finnmark,Helse Nord,Finnmark,Pasientreisekontoret  ved Hammerfest Sykehus
9763,Finnmark,Helse Nord,Finnmark,Pasientreisekontoret  ved Hammerfest Sykehus
9764,Finnmark,Helse Nord,Finnmark,Pasientreisekontoret  ved Hammerfest Sykehus
9765,Finnmark,Helse Nord,Finnmark,Pasientreisekontoret  ved Hammerfest Sykehus
9768,Finnmark,Helse Nord,Finnmark,Pasientreisekontoret  ved Hammerfest Sykehus
9770,Finnmark,Helse Nord,Finnmark,Pasientreisekontoret  ved Hammerfest Sykehus
9771,Finnmark,Helse Nord,Finnmark,Pasientreisekontoret  ved Hammerfest Sykehus
9772,Finnmark,Helse Nord,Finnmark,Pasientreisekontoret  ved Hammerfest Sykehus
9773,Finnmark,Helse Nord,Finnmark,Pasientreisekontoret  ved Hammerfest Sykehus
9775,Finnmark,Helse Nord,Finnmark,Pasientreisekontoret  ved Hammerfest Sykehus
9782,Finnmark,Helse Nord,Finnmark,Pasientreisekontoret  ved Hammerfest Sykehus
9783,Finnmark,Helse Nord,Finnmark,Pasientreisekontoret  ved Hammerfest Sykehus
9790,Finnmark,Helse Nord,Finnmark,Pasientreisekontoret  ved Hammerfest Sykehus
9800,Finnmark,Helse Nord,Finnmark,Pasientreisekontoret  ved Hammerfest Sykehus
9802,Finnmark,Helse Nord,Finnmark,Pasientreisekontoret  ved Hammerfest Sykehus
9810,Finnmark,Helse Nord,Finnmark,Pasientreisekontoret  ved Hammerfest Sykehus
9811,Finnmark,Helse Nord,Finnmark,Pasientreisekontoret  ved Hammerfest Sykehus
9815,Finnmark,Helse Nord,Finnmark,Pasientreisekontoret  ved Hammerfest Sykehus
9820,Finnmark,Helse Nord,Finnmark,Pasientreisekontoret  ved Hammerfest Sykehus
9826,Finnmark,Helse Nord,Finnmark,Pasientreisekontoret  ved Hammerfest Sykehus
9840,Finnmark,Helse Nord,Finnmark,Pasientreisekontoret  ved Hammerfest Sykehus
9845,Finnmark,Helse Nord,Finnmark,Pasientreisekontoret  ved Hammerfest Sykehus
9846,Finnmark,Helse Nord,Finnmark,Pasientreisekontoret  ved Hammerfest Sykehus
9900,Finnmark,Helse Nord,Finnmark,Pasientreisekontoret  ved Hammerfest Sykehus
9910,Finnmark,Helse Nord,Finnmark,Pasientreisekontoret  ved Hammerfest Sykehus
9912,Finnmark,Helse Nord,Finnmark,Pasientreisekontoret  ved Hammerfest Sykehus
9914,Finnmark,Helse Nord,Finnmark,Pasientreisekontoret  ved Hammerfest Sykehus
9915,Finnmark,Helse Nord,Finnmark,Pasientreisekontoret  ved Hammerfest Sykehus
9916,Finnmark,Helse Nord,Finnmark,Pasientreisekontoret  ved Hammerfest Sykehus
9917,Finnmark,Helse Nord,Finnmark,Pasientreisekontoret  ved Hammerfest Sykehus
9925,Finnmark,Helse Nord,Finnmark,Pasientreisekontoret  ved Hammerfest Sykehus
9930,Finnmark,Helse Nord,Finnmark,Pasientreisekontoret  ved Hammerfest Sykehus
9934,Finnmark,Helse Nord,Finnmark,Pasientreisekontoret  ved Hammerfest Sykehus
9935,Finnmark,Helse Nord,Finnmark,Pasientreisekontoret  ved Hammerfest Sykehus
9950,Finnmark,Helse Nord,Finnmark,Pasientreisekontoret  ved Hammerfest Sykehus
9951,Finnmark,Helse Nord,Finnmark,Pasientreisekontoret  ved Hammerfest Sykehus
9960,Finnmark,Helse Nord,Finnmark,Pasientreisekontoret  ved Hammerfest Sykehus
9980,Finnmark,Helse Nord,Finnmark,Pasientreisekontoret  ved Hammerfest Sykehus
9981,Finnmark,Helse Nord,Finnmark,Pasientreisekontoret  ved Hammerfest Sykehus
9982,Finnmark,Helse Nord,Finnmark,Pasientreisekontoret  ved Hammerfest Sykehus
9990,Finnmark,Helse Nord,Finnmark,Pasientreisekontoret  ved Hammerfest Sykehus
9991,Finnmark,Helse Nord,Finnmark,Pasientreisekontoret  ved Hammerfest Sykehus
